qber,skr_bps,raw_counts_hz,dark_counts_hz,visibility,temperature_celsius,timing_jitter_ps,channel_attenuation_db,count_to_dark_ratio,signal_to_noise_ratio,optical_error_ratio,qber_to_visibility_mismatch,skr_to_qber_ratio,qber_roll_mean_25,qber_roll_std_25,qber_roll_var_25,qber_iqr_25,raw_counts_roll_mean_25,raw_counts_roll_std_25,dark_counts_roll_mean_25,dark_counts_roll_std_25,visibility_roll_mean_25,visibility_roll_std_25,temp_roll_mean_25,jitter_roll_mean_25,qber_slope_25,qber_acceleration_25,raw_counts_slope_25,dark_counts_slope_25,visibility_slope_25,temp_slope_25,corr_temp_qber,corr_vis_qber,corr_counts_loss,timestamp,fault_class,fault_id,fault_intensity,is_anomaly
0.0059002695927365895,1289083.7191162445,2433912.623681225,3924.2393562138295,0.9879860320652623,-10.275869595918625,61.83124866992823,5.487802547539857,620.2253233680179,619.2253233680179,0.006006983967368873,-0.00010671437463228347,218478782.85140488,0.007511454821774613,0.00134501304456686,1.809060090055014e-06,0.0024518337907665153,2371416.9654983236,63219.7047670404,641.443558186999,670.1714332109091,0.9850801499939589,0.0023679188826862367,-38.760159693429,65.43775891811987,-4.303652431273241e-05,-2.970522444281485e-06,-1310.0407902684128,31.262540448114635,8.603724756691654e-05,0.2692440770901341,-0.2489881151319315,-0.9015106500392712,-0.6209346720963772,1789623676.946194,Temperature Drift + Humidity Impact,1,0.6,1
0.007786825137972859,1222497.1877582069,2405664.7451628163,4016.7320513782847,0.9851392781832917,-9.939777748728039,62.183854696264916,5.549175908164515,598.9109341603572,597.9109341603572,0.007430360908354139,0.0003564642296187198,156995587.55938098,0.007420462594066839,0.0012424482886383098,1.5436777499402646e-06,0.00241075954763194,2369620.5764376237,61561.22190351753,782.3081433904425,940.2836601178727,0.9852520335661927,0.002204364566328253,-37.55208785067314,65.35227115740537,-1.4992884381976668e-05,-8.958688952534514e-06,-202.33237769926146,60.955788247086154,4.4203435072480704e-05,0.5214642307223408,-0.13725199587155495,-0.8845493198937147,-0.42153505220792276,1789623677.946194,Temperature Drift + Humidity Impact,1,0.6,1
0.006408006113856701,1242879.729887548,2400168.791958479,4061.6135323328217,0.9890626735959389,-9.779470280941696,63.07521296481611,5.600564658218461,590.9397269956214,589.9397269956214,0.005468663202030544,0.0009393429118261572,193957325.85209918,0.007373898642706077,0.0012576137951750283,1.5815924578145383e-06,0.00241075954763194,2372450.5309957103,61273.64403184885,924.8701801934175,1136.098578383551,0.9854365059900345,0.0023195596979869843,-36.33254097476012,65.16492950202719,-2.282221346890437e-05,-1.1630805129860206e-05,-322.3553341275364,88.37884421831123,7.136686814561187e-05,0.7506663111619969,-0.19881215679752934,-0.8787759975789932,-0.30401367418933906,1789623678.946194,Temperature Drift + Humidity Impact,1,0.6,1
0.009532180392717688,1224418.3638465984,2516633.0593269877,4082.027907781511,0.9829624055526301,-9.842743194599482,66.88872826512566,5.388028528484908,616.5153977829417,615.5153977829418,0.008518797223684926,0.0010133831690327614,128451027.2992755,0.007531294760122509,0.0012715702147650895,1.6168908110777355e-06,0.0021334161291597003,2377926.1366165113,67482.54661960807,1067.7877854450808,1289.2188853332261,0.9851606094054328,0.0021832216684387886,-35.13664523499872,65.26212139725902,-2.0665824553557925e-05,5.677420611942901e-06,1081.4841901198972,113.36401458978183,9.276215973058721e-05,0.9611115643016584,-0.0411943592774777,-0.871472355334229,-0.14429229822630205,1789623679.946194,Temperature Drift + Humidity Impact,1,0.6,1
0.007937333294673818,1277695.4654550122,2527034.4989578724,3839.6087806326086,0.9843745918608121,-10.590406783749899,64.87776516235374,5.34421060931484,658.148953014302,657.148953014302,0.007812704069593945,0.0001246292250798725,160972888.2510683,0.007483803660030039,0.0012327545815848232,1.5196838584183728e-06,0.002092341886025125,2386765.468948021,71822.36515747543,1200.654913193656,1392.7159108329715,0.9853442228560774,0.0018976956251133205,-33.973580690480574,65.1594168828793,-9.846161736850436e-07,2.134823536692049e-06,1739.1196138070172,133.45148256009045,3.174307505753674e-05,1.1423884753115228,0.011332739697795009,-0.8894223627041663,-0.03486457434578865,1789623680.946194,Temperature Drift + Humidity Impact,1,0.6,1
0.006688162025293564,1222647.5449255917,2344247.6531010233,4087.6101877649003,0.9848686601349944,-9.78749873838959,66.39215627125276,5.646661730408452,573.5007854021557,572.5007854021557,0.007565669932502794,-0.0008775079072092301,182807704.16472167,0.00752955548011985,0.001180023642763877,1.3924557974817297e-06,0.002066960183268376,2386022.9092371906,72161.34632105236,1342.801301045467,1495.0092479864898,0.9852100919163774,0.0018058391958588355,-32.79347100996864,65.08202225948799,-2.772337186414691e-05,7.942148571351561e-06,1107.1092367646731,153.43325626196938,5.6130373038613806e-05,1.3124780158006746,-0.07084335106717753,-0.8616840953962357,-0.08779844702622171,1789623681.946194,Temperature Drift + Humidity Impact,1,0.6,1
0.007539276239155273,1266465.0554226304,2481764.7599601503,4007.129770153782,0.9861660685167507,-10.01701221484841,65.59288760611496,5.417948777974858,619.3372569176634,618.3372569176635,0.006916965741624648,0.0006223104975306253,167982312.26032507,0.00750090159680949,0.0011707055785908315,1.3705515517436936e-06,0.002066960183268376,2392683.8571921177,73001.02022095653,1482.4706926567223,1572.2935194967342,0.9853246838282818,0.0017716477107270329,-31.601483204199923,64.96352384319043,-2.037296336279865e-05,7.4971518856619374e-06,1283.0616850129156,169.75299430354616,4.5866560454339565e-05,1.4524898873415772,-0.052213526577499614,-0.8568137678637934,-0.030405836575816844,1789623682.946194,Temperature Drift + Humidity Impact,1,0.6,1
0.009430892139393231,1206331.5530333174,2460751.113429754,4068.4274606340828,0.9839312754855476,-9.75528732078327,64.76636141753957,5.461447736578689,604.8408475362702,603.8408475362702,0.008034362257226202,0.0013965298821670292,127912771.68725322,0.0074881479903092,0.001147647095337687,1.3170938554370304e-06,0.002066960183268376,2395736.1760754175,74178.44688114284,1625.2506726181964,1637.2273613810476,0.985370631056513,0.001719243806533249,-30.390456069109696,65.02301970966971,1.9930641004269104e-05,6.286287603437207e-06,1828.9676610656109,183.78793715889614,7.583439113177339e-06,1.5698522551731857,0.10200970772083452,-0.8389977205620853,0.011313399329732684,1789623683.946194,Temperature Drift + Humidity Impact,1,0.6,1
0.007291573680554745,1238261.6676571737,2408733.622801194,3903.4151001355617,0.9858559434136596,-10.455077142012588,66.42525827169744,5.537582716628207,617.0836462454482,616.0836462454483,0.007072028293170218,0.00021954538738452704,169820908.613923,0.007465167509952636,0.0011455993781213335,1.312397935151986e-06,0.002066960183268376,2395695.020639686,74170.93846321879,1761.055200532688,1679.2167540796777,0.9854358371227764,0.001705444891435603,-29.213227443575406,65.01132689333818,2.1895485905824508e-05,2.0453654960351876e-06,2089.2074185711613,193.6476595556072,6.148524924527614e-07,1.6589177704645586,0.10030015214476301,-0.8396257548827611,0.028938990009482406,1789623684.946194,Temperature Drift + Humidity Impact,1,0.6,1
0.007536891687142169,1270715.774037322,2502460.929003672,4117.193693675267,0.9859330843958325,-9.817522879199927,68.27229689164082,5.403709613312138,607.8074327296993,606.8074327296994,0.0070334578020837535,0.0005034338850584156,168599447.46255878,0.007511338200994324,0.0011240978579774611,1.2635959943095166e-06,0.0017868042718315125,2399308.112264288,77028.71492397167,1905.4185329303737,1719.9386183343452,0.9853747306736613,0.0016585199112875962,-28.012734205638484,65.10776894768328,1.1732124245201059e-05,4.881779599047344e-06,3239.125057881773,202.8671820935431,2.5453912329955498e-05,1.7317887795260098,0.07221047772884324,-0.8305864384704092,0.07961080854484492,1789623685.946194,Temperature Drift + Humidity Impact,1,0.6,1
0.009297375328324127,1163103.8883015236,2371306.3522573747,3969.6052342987555,0.9826780398814366,-10.11004457326336,63.68374601755877,5.631328917953279,597.3657863428009,596.3657863428009,0.008660980059281675,0.0006363952690424512,125100240.36118759,0.0076079688174366415,0.0011687571837770356,1.365993354630427e-06,0.0018278785149660878,2399785.820898765,76816.24967245545,2044.4049675560905,1740.6116156767112,0.9852646363589435,0.0017404968354542394,-26.808580507159345,65.01772936002311,2.192133796788718e-05,1.259229992134434e-05,2581.202514514269,207.8164715403519,1.118052697419799e-06,1.7750328478365158,0.11780391821297548,-0.8500117389125676,0.040273649974895936,1789623686.946194,Temperature Drift + Humidity Impact,1,0.6,1
0.004752316705703279,1279752.0433223732,2372111.2855932647,3872.7264874858665,0.9897741337750592,-10.466503858223888,63.67103653948552,5.623708977827167,612.5171228224833,611.5171228224833,0.005112933112470408,-0.0003606164067671289,269290142.5922511,0.007494203942863657,0.001295853212910126,1.6792355494094964e-06,0.002108034426402951,2398190.3137787096,76960.11520758971,2179.550012616594,1746.149255277493,0.9854415777255671,0.0019522161964352599,-25.620391067441677,65.00092577890474,-4.553830152969573e-06,7.615145609148914e-07,2447.8766924992424,209.19023950464486,4.3603815197642214e-05,1.7922561926943203,0.01600390174277455,-0.8791425561279406,0.028122322935481035,1789623687.946194,Temperature Drift + Humidity Impact,1,0.6,1
0.007517308763657443,1204613.5829751163,2345909.713934716,4041.5682621759706,0.9847951422967025,-9.850847849832743,63.749784647099276,5.637064949352521,580.4454018232228,579.4454018232228,0.007602428851648746,-8.512008799130277e-05,160245324.60324645,0.007452953526503003,0.0012779232623111698,1.6330878643560227e-06,0.002066960183268376,2396497.19234392,77623.19869850755,2321.1664369495506,1747.8519537233724,0.9855242569491389,0.0018779037021785384,-24.409692960533512,64.86637276170785,6.203097413997474e-06,-3.3037076604539267e-06,1865.7609003506163,209.59417668216284,1.0502558749547837e-05,1.7928421124597589,0.05161801927312118,-0.877896930200108,-0.013218580383297056,1789623688.946194,Temperature Drift + Humidity Impact,1,0.6,1
0.00972034922284988,1162687.3274717657,2338908.694955514,4077.4101246678097,0.9824388830148866,-9.723469229708888,61.02293650421338,5.595621403861027,573.6260575813592,572.6260575813591,0.008780558492556712,0.0009397907302931691,119613740.29017456,0.007614834133334452,0.0012984005715834545,1.6858440442882414e-06,0.0018278785149660878,2388906.5235825116,73495.28443439276,2464.422423015365,1739.135439955895,0.9853737156312462,0.0019662769217355007,-23.187339676196267,64.61430129413893,9.336709097420992e-06,1.1586215390342274e-05,2655.956987079507,207.5540972372143,-1.1196225897537496e-05,1.7696811708143814,0.051360828577890906,-0.9063706935691891,0.12225632054474661,1789623689.946194,Temperature Drift + Humidity Impact,1,0.6,1
0.009312479308700548,1127229.500282987,2281054.979321601,3915.793314496614,0.9860649140428366,-10.306953821523853,62.222410960548025,5.765760710637467,582.5269099053143,581.5269099053143,0.006967542978581709,0.002344936330118839,121045047.50199324,0.007671770810373694,0.001339729144059832,1.79487417944329e-06,0.00212311078668202,2384437.0404011686,76460.80618714605,2600.2798062867614,1714.369574547241,0.9853831737430332,0.0019690083655978215,-22.02153914497416,64.60973566868566,2.774956244080485e-05,1.5295736286006843e-05,1699.25962355157,201.50073010169686,-2.6847669829103223e-07,1.725930765983324,0.1006003891788202,-0.8614942549793798,0.02879398087172777,1789623690.946194,Temperature Drift + Humidity Impact,1,0.6,1
0.009815222107195716,1164934.0144810916,2407299.600164944,4048.785167884252,0.9819331725812181,-9.892694592038735,65.9391325177795,5.5788656000477514,594.5733103500058,593.5733103500058,0.009033413709390925,0.000781808397804791,118686464.93766631,0.007703349405515505,0.0013799714277516644,1.9043211414109673e-06,0.00212311078668202,2383234.809778908,75853.17016242024,2742.3423184021544,1681.0395498124542,0.9853201967272246,0.00205144260989322,-20.8140321667373,64.65647456669127,6.107513090192917e-05,1.4055760292813123e-05,2439.4818899586717,193.84097441126198,-5.087039893484093e-05,1.6573010320574824,0.1995229230800722,-0.8706657964278101,0.09293893837712291,1789623691.946194,Temperature Drift + Humidity Impact,1,0.6,1
0.009520410949851722,1212659.637013864,2411235.5065810443,4033.613778813481,0.9830900717620972,-9.991211053134384,66.55786180165339,5.430852908261539,597.785419924445,596.785419924445,0.008454964118951414,0.001065446830900308,127374715.58753994,0.007781251984720261,0.0014246542019558709,2.029639595150519e-06,0.0026092133030305624,2384985.6078028847,75974.02790567047,2883.3475151224307,1634.962335213748,0.985266487902065,0.002091164981525016,-19.6165395620646,64.623253586114,7.654297733797523e-05,1.4934361750282037e-05,2540.2573224670587,183.42181870064135,-8.033021120515558e-05,1.5660590561509016,0.2286382475660845,-0.8818966779711543,0.08658399183217093,1789623692.946194,Temperature Drift + Humidity Impact,1,0.6,1
0.009283085774750344,1114451.655025502,2287866.769999648,3940.6842036158096,0.9818059061540888,-10.261064983389392,65.63212657439915,5.817797720602899,580.5760248183286,579.5760248183286,0.009097046922955598,0.00018603885179474533,120051853.66882744,0.007914696156962761,0.0014026654997969547,1.9674705043206405e-06,0.0020058016477693813,2382194.926873953,78176.86928997548,3021.261035097731,1571.6934410992735,0.9849835230432903,0.002061460680514924,-18.418665929343373,64.69556609034701,7.206335331639e-05,2.0648468698621997e-05,1370.2575969453728,169.27683656245821,-7.613864551101622e-05,1.4465036206374264,0.1827546391351622,-0.875774035023264,-0.022370214211152407,1789623693.946194,Temperature Drift + Humidity Impact,1,0.6,1
0.008180169549148455,1178816.753096893,2346821.9141882965,3995.0706453530465,0.9855939344488618,-10.017789852574197,63.97904846220048,5.672022127751275,587.4293904960238,586.4293904960239,0.007203032775569107,0.0009771367735793481,144106640.5793027,0.007901261317318314,0.0013984435818401122,1.9556444515898025e-06,0.0020058016477693813,2383003.5019838633,77700.8415676693,3161.066553120501,1494.765209729969,0.9850284155471324,0.002062044415287207,-17.21929983749625,64.66526957545001,8.052732076953455e-05,1.1978886409983325e-05,487.86357551283635,153.05256494629108,-7.562309059519285e-05,1.3082174068442838,0.22773967759334982,-0.8714423860966153,-0.08478631183424888,1789623694.946194,Temperature Drift + Humidity Impact,1,0.6,1
0.009280918104474326,1212037.9062610206,2470824.2325317226,4030.4547757947807,0.9835711200686066,-9.924325805551957,65.46845188502662,5.454202927817217,613.0385700815838,612.0385700815838,0.008214439965696707,0.0010664781387776188,130594612.79770346,0.007920047129018263,0.0014136140994154198,1.9983048220660685e-06,0.0020058016477693813,2388836.2749219667,78596.08958197535,3301.7354697703704,1401.5824928219274,0.9850550056818967,0.0020386625241443105,-16.028718548674416,64.63967214103639,0.00010236272913600889,4.9586725691309415e-06,718.5305438305473,134.6043400660216,-0.00011029553733481605,1.1508600467916004,0.31085411154058695,-0.873254299821347,-0.13118810677370168,1789623695.946194,Temperature Drift + Humidity Impact,1,0.6,1
0.010383395042509402,1179278.3677458484,2441589.6661100094,4111.973782549423,0.9824424092745686,-9.601689338890532,64.13744381210219,5.475787597455353,593.7755917782687,592.7755917782686,0.008778795362715697,0.0016045996797937057,113573485.63912934,0.008092814660738913,0.0014399353385462243,2.0734137791942298e-06,0.0018561730159189615,2391961.737605799,79076.68029891499,3445.6159153985955,1288.1565257032066,0.9849119580359357,0.0020908295159553026,-14.829801994372753,64.74561607474071,0.0001065429214652912,1.1559127295701062e-05,951.653164950116,114.21573467394697,-0.00012477586444704084,0.9747276237889514,0.24833773815446547,-0.8894397865784066,-0.17337025994749636,1789623696.946194,Temperature Drift + Humidity Impact,1,0.6,1
0.009558667608288341,1110945.0159341232,2283665.863681142,3973.4491107824674,0.9831594431353878,-10.09608132503965,61.69676649520507,5.807134261671509,574.7313731750382,573.7313731750384,0.008420278432306083,0.0011383891759822583,116223835.94245085,0.008136162713185444,0.0014668476830159262,2.151642125169191e-06,0.0019745858466116446,2394682.786021438,73967.95264359142,3584.5530661449784,1141.983663144155,0.9848547138139858,0.002118256675677435,-13.632005961453693,64.59040269830572,0.00012389538811422444,4.615059436452042e-06,-1811.2218990490728,89.63208536011804,-0.00014416701858545626,0.7663117053540532,0.3175095826496119,-0.892507279611853,-0.3877311080654295,1789623697.946194,Temperature Drift + Humidity Impact,1,0.6,1
0.009632082789482166,1164627.0553865202,2381957.457081493,4083.333963581535,0.9812400366700501,-9.702524339310372,63.215598422022424,5.596189341617225,583.3364300656548,582.3364300656548,0.009379981664974946,0.0002521011245072199,120911238.08219802,0.008215694587022072,0.0014916871273392127,2.2251304858695124e-06,0.002064104657070135,2400158.013281148,67472.06036798192,3727.810184184172,955.7441425906785,0.9847084364390034,0.002233423041180123,-12.41955273525059,64.48081460176547,0.00013278011343000442,-1.0048422881235115e-07,-3424.746578206443,63.409746185638134,-0.00017711069683859298,0.5387653530752652,0.34200521638125003,-0.8935694004840635,-0.5484127711730348,1789623698.946194,Temperature Drift + Humidity Impact,1,0.6,1
0.008879549561636599,1201274.1485336483,2409697.2402913794,4078.003161710994,0.984761821402529,-10.02306493387418,69.22640201962085,5.528349634232195,590.9012682766903,589.9012682766903,0.007619089298735504,0.0012604602629010947,135285482.6920117,0.008345641896514022,0.0013995066763715027,1.9586189372084097e-06,0.0020031021861942784,2401151.4324312056,67422.34726022076,3871.0480450930872,693.0544331920245,0.9845926830278701,0.002151150701531308,-11.214105186297544,64.60868900676988,0.00011305972787652708,5.784905382102587e-07,-3489.654692447073,34.33476129546365,-0.00014714571014134802,0.28348976970962697,0.1465436000148397,-0.8821664064279148,-0.6853287656857829,1789623699.946194,Temperature Drift + Humidity Impact,1,0.6,1
0.0061870379484372205,1248160.9035045425,2373276.1612407397,4029.499898901286,0.9866610039475353,-9.893992029701975,62.42859051350832,5.6020060096831745,588.9753619023182,587.9753619023182,0.0066694980262323456,-0.00048246007779512504,201738039.09184274,0.008294871162740249,0.0014528549126956716,2.1107873973439476e-06,0.0020031021861942784,2400195.8894126425,67641.00330171459,4012.39879011259,75.08769194319311,0.9846516018264233,0.0021865311025732518,-10.004916939409187,64.5174842955663,8.424079693387839e-05,-1.385832068681172e-05,-3786.8318453152633,2.0442260753609327,-0.00012210000747841374,0.006579499460528785,0.3521424736477103,-0.8846325617427118,-0.9610075806302837,1789623700.946194,Temperature Drift + Humidity Impact,1,0.6,1
0.009433870808024424,1153827.3124533766,2329950.993568369,3941.688983299277,0.9837311087436283,-10.211860541497018,62.9546655539433,5.653965114175415,591.1047278058329,590.1047278058329,0.008134445628185827,0.001299425179838597,122306880.80569583,0.008436215211351761,0.001383234397266708,1.9133373977817928e-06,0.0019835192627095525,2396037.4242081284,68628.81015799992,4013.096775196007,74.34235628461234,0.9844814048935581,0.002083532233126007,-10.002356577232321,64.5624209709269,7.080862411338802e-05,-7.692201064794307e-06,-4098.078925807348,0.5099258273273678,-9.72525643158255e-05,0.0019597242607774764,0.27104203814663297,-0.8704745381163378,-0.9602293073279969,1789623701.946194,Temperature Drift + Humidity Impact,1,0.6,1
0.009271388451231185,1231942.542842003,2513225.0197489555,4013.917590373288,0.9847671936763668,-9.995367305517425,65.63144362587464,5.384436650666642,626.1277076979624,625.1277076979624,0.0076164031618166095,0.001654985289414575,132875733.69643557,0.008495597743882094,0.001385944943906641,1.9208433875403823e-06,0.0019835192627095525,2400339.835191574,72367.2075806947,4012.984196755808,74.33889698017045,0.984466521513281,0.002080105807402101,-10.004580159503897,64.70032452811128,7.202401482463982e-05,-8.854885793169281e-06,-2920.0740651143715,0.5538553446327282,-8.803578111563865e-05,0.0026500289001116484,0.27655043369746957,-0.8606573583311209,-0.9630059440746118,1789623702.946194,Temperature Drift + Humidity Impact,1,0.6,1
0.007498320981796598,1222624.5790158175,2379907.909889032,4029.017512875766,0.9861276728435349,-10.013356377640775,66.63746392297148,5.574382137404795,590.6918751987108,589.6918751987108,0.006936163578232568,0.00056215740356403,163053113.0881085,0.00853921033859969,0.0013358151871348547,1.784402214180127e-06,0.0019835192627095525,2399529.399908796,72477.95044226228,4011.6803559775262,73.75813040837538,0.9843491214831848,0.0018916790938012496,-10.01393560337186,64.8428145664375,4.194246687436592e-05,-1.0146735660986419e-05,-3110.3868848533953,1.1881485415101756,-2.6740555702101483e-05,0.004820116441393226,0.3508809895656624,-0.8542167161583093,-0.9642182018244081,1789623703.946194,Temperature Drift + Humidity Impact,1,0.6,1
0.00904424686005561,1201761.2846149153,2437400.7738708863,4005.2843115251726,0.984671821320493,-9.980953453137944,63.976777003353604,5.511988537455483,608.5462564685572,607.5462564685572,0.007664089339753488,0.0013801575203021225,132875772.10243529,0.008519692997293209,0.0013246826721723286,1.7547841819536213e-06,0.0018969791208822548,2396360.108490552,68933.6481617146,4008.6106121272724,72.35000848393607,0.9844174981138992,0.001871101438943016,-10.019464013713398,64.72633651596661,5.6534042998215934e-05,-1.6789788438066013e-05,-1589.7683771752597,1.8325836492206218,-3.762894727865046e-05,0.0068364911466608355,0.33802590072938776,-0.845478700174243,-0.9623695271957061,1789623704.946194,Temperature Drift + Humidity Impact,1,0.6,1
0.008792867838848185,1171776.2994700028,2338325.777433196,3925.2209612697466,0.9846165303423944,-10.3117549576179,65.54824834712394,5.643682594484316,595.7182539544946,594.7182539544945,0.00769173482880281,0.001101133010045375,133264404.85013576,0.008553914379060182,0.0013202395032025536,1.7430323458165256e-06,0.0018969791208822548,2388811.7596295644,64393.771194477,4012.0350993527577,66.01882464669971,0.9844271756531626,0.0018714801242079651,-10.008317940668118,64.75315584335743,5.3232059894067985e-05,-1.878608502542514e-05,-818.7259899545708,-0.6271852890262454,-3.6220789238800266e-05,-0.0015710068051303415,0.3135687092962044,-0.8478107837640391,-0.9563554554800353,1789623705.946194,Temperature Drift + Humidity Impact,1,0.6,1
0.005803738887316703,1280102.725080357,2430062.1759234313,3981.5906199044025,0.9889344134864169,-10.134035256739324,65.93772097615981,5.526895606730231,610.3244677580079,609.3244677580079,0.005532793256791568,0.0002709456305251346,220565182.1927845,0.008518537453541107,0.0013802456862998618,1.9050781545493764e-06,0.0018969791208822548,2392244.340542461,64213.710740559756,4007.7943166383375,64.41359998723783,0.9845898057872194,0.002069009586327449,-10.02217940140211,64.73497843155371,9.18830104800045e-06,-2.5219621836063717e-05,-883.593981758143,-0.15246036904347804,9.799327886478731e-06,-0.0005232823153100423,0.4021010818182807,-0.8936029185935833,-0.9555373617952252,1789623706.946194,Temperature Drift + Humidity Impact,1,0.6,1
0.006499858455025244,1239523.3279253324,2365398.1234187307,3929.3082610753227,0.9867597633532915,-10.257246458253352,62.0976367655053,5.603950733270704,601.9884331425295,600.9884331425294,0.0066201183233542404,-0.00012025986832899654,190700049.31676906,0.008476960742175906,0.0014240765522061567,2.0279940265433746e-06,0.0019165620443669807,2387589.6750808046,61725.25651431315,4004.6814562751993,66.22542363403882,0.9846135535806811,0.0020902634227442105,-10.031788771138306,64.59516839792931,-1.9238271082158177e-05,-2.8751189599167268e-05,-236.20102256953322,-0.8835925006245561,4.559233271476175e-05,-0.0026414602053230207,0.4399026647893594,-0.8950821337380329,-0.9515697469799667,1789623707.946194,Temperature Drift + Humidity Impact,1,0.6,1
0.0073162555137273756,1220769.4828478948,2355344.565713971,4111.405893497202,0.9850083184217084,-9.828280926345144,68.1379658276991,5.59724152546745,572.8805733920111,571.8805733920111,0.00749584078914578,-0.00017958527541840456,166857141.68366376,0.008392375277149273,0.0014277007341595201,2.038329386319633e-06,0.0019355498262278257,2383373.413172173,60164.079548741196,4006.4005935897235,68.38065076867089,0.9846566352981276,0.002086853750819327,-10.03470851536078,64.7300325743357,-2.04131592187406e-05,-3.5008170263533017e-05,197.7661975338077,0.739016194244304,4.241353491136925e-05,0.002002088250164209,0.3813704155136569,-0.8904593410495439,-0.9466656676783851,1789623708.946194,Temperature Drift + Humidity Impact,1,0.6,1
0.008206364859601956,1203056.7112658627,2350479.4690101794,3998.531336830133,0.9846456759388429,-10.053052119589271,65.66310875873143,5.581445443051548,587.8357004133273,586.8357004133273,0.007677162030578555,0.0005292028290234015,146600441.46808946,0.00842896692431116,0.0014106395239367343,1.989903866492456e-06,0.0019165620443669807,2381043.2470205324,60264.76289555271,4010.2052430575063,65.11278350348934,0.984608224599135,0.002072458971269333,-10.018627514463846,64.69954659381706,-3.313819442358417e-05,-2.888572350188556e-05,147.73188617484394,-0.36347803346277174,5.430545275021378e-05,-0.0023709235938476274,0.3526692749088678,-0.8887917075333883,-0.9398448953679804,1789623709.946194,Temperature Drift + Humidity Impact,1,0.6,1
0.010265224822864103,1152286.6114276785,2380321.524033493,3977.2539389929334,0.9811293802462892,-10.082273219830988,61.773241069583776,5.586438458946133,598.4836675116112,597.4836675116112,0.009435309876855424,0.0008299149460086787,112251473.42717221,0.008538100249740038,0.001442579487384459,2.081035577422409e-06,0.0020031021861942784,2376157.6708217254,54939.08888486669,4004.6076528702133,61.59473966684226,0.9844160764331532,0.0021614924131075444,-10.029217528089092,64.43958436093477,-2.5108873885554626e-05,-1.5527572817494547e-05,1355.246647664337,0.4022405890418479,3.5441641306304375e-05,-0.0009473760599820302,0.3639606566732332,-0.8933746175309127,-0.9327062441288181,1789623710.946194,Temperature Drift + Humidity Impact,1,0.6,1
0.007854991452207659,1184949.3478159553,2322082.8850702853,4070.19833911024,0.9849079343032663,-9.762933437878273,65.19312662502905,5.678439538910675,570.5085333944442,569.5085333944442,0.007546032848366857,0.0003089586038408018,150853041.0281889,0.008480404894695379,0.0014399001294537652,2.07331238280097e-06,0.0020031021861942784,2374188.7321342416,55950.41245991191,4008.631377062673,62.456387590642244,0.9845052722100265,0.0021337618633954993,-10.015333082673687,64.49995958523357,-2.3821742769243397e-05,-1.8738205350563145e-05,807.5815935459991,0.6576688916967435,2.2601502282489573e-05,0.0007023604748366534,0.34101933954266755,-0.8921876824125804,-0.9355739535798482,1789623711.946194,Temperature Drift + Humidity Impact,1,0.6,1
0.010564139891533698,1193954.7145933313,2481071.2744120313,4011.3975911610455,0.9832939223102127,-10.047662581214833,66.23360172724577,5.40621367160934,618.5054505389775,617.5054505389775,0.008353038844893634,0.0022111010466400634,113019585.77339451,0.008712877822128597,0.0012794534460063233,1.6370011204974557e-06,0.0017036761560806826,2378547.1316869925,59734.70925817051,4014.17822120968,55.960105325700624,0.9842460637514325,0.001853108016335367,-9.998579431593324,64.602462192744,-4.186814776527221e-05,6.896371721946481e-06,1773.41521070044,-0.6758457200863404,6.410842654992143e-05,-0.00410777342104518,0.11816289420391742,-0.8419169984924484,-0.943961502120983,1789623712.946194,Temperature Drift + Humidity Impact,1,0.6,1
0.006809219604378325,1112645.1912589914,2129587.3694267427,4112.781516420721,0.9867741103258172,-9.88169214723698,68.95963315229565,6.044861691851884,517.7973497799815,516.7973497799815,0.006612944837091406,0.00019627476728691952,163402747.43724832,0.008684554255757431,0.0013130042138328633,1.7239800655428555e-06,0.0017036761560806826,2369894.2379066735,77006.45042378215,4017.02675137947,59.01114372073237,0.9843252224725972,0.0019160700682400078,-9.999813203489493,64.81085613295186,-7.139606805229395e-05,9.631496508189863e-06,-851.0490799938623,0.5082389530631022,9.293502653540188e-05,-0.0015514980555346423,0.10802129185999933,-0.8586334874142102,-0.9664092806080479,1789623713.946194,Temperature Drift + Humidity Impact,1,0.6,1
0.008848751506823268,1178459.7930086344,2366297.2799640554,4036.305810729375,0.9852703228114508,-10.007002471648125,66.91327027802924,5.614164150996731,586.2532203763958,585.2532203763958,0.007364838594274614,0.0014839129125486534,133178086.43399294,0.008649690347116367,0.0012965061335579032,1.680928154353264e-06,0.0016654194976440627,2370989.781307015,76752.24140640387,4015.3825788219324,57.86737417767891,0.9844384800644598,0.001884647115064827,-10.011154533167064,65.04646948390447,-5.952245144845405e-05,1.258756907913761e-05,-1194.1071982065491,1.2900332337917761,8.279563508617557e-05,0.0011455792069609712,0.06299930558683423,-0.8479163301071809,-0.9708584318540449,1789623714.946194,Temperature Drift + Humidity Impact,1,0.6,1
0.009412348517123002,1144369.7943482709,2318107.721972898,3990.776615493392,0.9836930151214769,-10.06215767269476,65.40038681477739,5.6915758705075135,580.8663188446351,579.866318844635,0.008153492439261556,0.0012588560778614456,121581748.94038682,0.008653685115453265,0.001298694162320906,1.6866065272464e-06,0.0016654194976440627,2372471.891013067,75346.13231863054,4018.381910861803,54.4714078763602,0.9843436041076055,0.0018599221814207833,-10.001362687213899,65.17358851807366,-4.585464026332022e-05,1.8064217793416387e-05,-2581.5973042217724,0.0670086213520629,9.2178760011641e-05,-0.0022832118876318207,0.095546954193832,-0.8848498738384135,-0.9696488004696736,1789623715.946194,Temperature Drift + Humidity Impact,1,0.6,1
0.007140495293423928,1161793.609453354,2260334.5232863273,4050.6359242485237,0.9851044334825892,-9.880204023245662,65.8570112727006,5.827651184594373,558.0196703819205,557.0196703819206,0.007447783258705376,-0.00030728796528144836,162704905.15179154,0.008546696042902393,0.00130873330964463,1.7127828757733872e-06,0.0019355498262278257,2366593.2879379224,78082.99736753228,4018.4559411163746,54.51391867434693,0.9844704545436602,0.0017983233123082252,-10.000863064462175,65.17030366827049,-4.8207176395397286e-05,1.2271158448342674e-05,-3268.434376334449,0.6687705459155006,7.509748513223595e-05,-7.814326848106499e-05,0.03828065926597334,-0.8743545096872039,-0.9733882590174707,1789623716.946194,Temperature Drift + Humidity Impact,1,0.6,1
0.008012086357413264,1281807.4695235612,2542622.2209436097,4172.70660868213,0.985203316137152,-9.390165145962978,63.802066390232675,5.323883989647373,609.3460334961458,608.3460334961458,0.007398341931424024,0.0006137444259892398,159984230.36685768,0.008486363059204855,0.0012971701039893257,1.6826502786836778e-06,0.0019140275353264034,2371848.756512425,85023.90740697636,4024.0196543111206,62.31655286320875,0.9845549843186625,0.0017810352698339501,-9.976821228175321,65.06007185181367,-4.340488596118828e-05,1.0867588156628187e-05,-1197.1297313891928,2.2442012388781505,6.805853356422219e-05,0.005655588400174076,-0.013523400540023055,-0.8720160390223944,-0.9848002867084348,1789623717.946194,Temperature Drift + Humidity Impact,1,0.6,1
0.007628998692245293,1163469.7117340723,2284289.0701216995,4038.85384787774,0.9849282076233284,-9.860540591476544,64.61834321839048,5.777845226687971,565.578541873211,564.578541873211,0.007535896188335778,9.31025039095151e-05,152506214.5988717,0.008420199575904654,0.0012970292730127156,1.6822849350518935e-06,0.0019140275353264034,2371705.648517307,85168.03000974144,4027.9464400815978,59.99119395805622,0.984679876377432,0.0016910834400635625,-9.960800252498807,65.01952051757333,-4.335179142382166e-05,8.666124909507647e-06,-2845.1928555082754,1.5477777494630671,4.401289011540406e-05,0.00388651057140667,0.009806468644448047,-0.880625149323014,-0.9877270317324887,1789623718.946194,Temperature Drift + Humidity Impact,1,0.6,1
0.009084291046943924,1153640.8771303222,2323495.088581308,4063.739042172477,0.9841363647374503,-9.883291606456407,66.54987959857424,5.685635390033754,571.7628677601222,570.7628677601222,0.007931817631274873,0.0011524734156690506,126992945.42290367,0.00845636443581647,0.0013024258753134292,1.6963131606859525e-06,0.0019140275353264034,2370772.5754930275,85562.40427126283,4030.6931759543745,59.99508724866069,0.9846215735889756,0.0016836745813575131,-9.955420322654094,65.12235376302829,-3.9622016574098066e-05,1.6168710794607053e-05,-3539.0507520537585,1.5494130522472114,4.813644030679426e-05,0.004032078995659533,0.014848832151420546,-0.8824556325147753,-0.9882122241924092,1789623719.946194,Temperature Drift + Humidity Impact,1,0.6,1
0.00860390110908006,1205153.25927397,2403176.0214295345,4107.271019049202,0.9841004366077758,-9.618198530390206,62.73837573629868,5.538770323247625,585.1028603381155,584.1028603381156,0.007949781696112102,0.0006541194129679583,140070561.48078236,0.0084292837560007,0.0012919964899972022,1.6692549301650908e-06,0.0019140275353264034,2368066.64704894,83397.77542134652,4033.765825684552,61.84281434691378,0.9846427462505423,0.0016736299054750175,-9.943175231647624,65.01315071707916,-3.0014602903547942e-05,1.691630788862172e-05,-2239.425449945204,2.2539014484496693,3.282140989203097e-05,0.0074558407106552664,0.018998037451098293,-0.880052556300329,-0.9881492645103485,1789623720.946194,Temperature Drift + Humidity Impact,1,0.6,1
0.006253472837171184,1314116.1151357002,2495345.8285713424,4063.336652365178,0.9875550954216162,-10.06650312079151,69.10552145513299,5.372670615296497,614.1124996667104,613.1124996667104,0.006222452289191882,3.102054797930222e-05,210141812.29419917,0.008264086867787172,0.0012956037232376033,1.6785890076671398e-06,0.001955132937503809,2370216.8935473934,85920.5424442349,4031.820340477182,60.092152104901956,0.9848472536964242,0.0017043548810432377,-9.961767782923664,65.21187382280038,-3.055789851996417e-05,3.88146368555185e-06,-329.3105068200261,3.3089424941503154,3.770126324990024e-05,0.009732288353821105,-0.05403325270105285,-0.8833816006440475,-0.9887774535213837,1789623721.946194,Temperature Drift + Humidity Impact,1,0.6,1
0.009190518738249344,1176137.740725734,2393129.7365269,4048.024424372566,0.9835469626625388,-9.827820052210194,61.75522510467468,5.592518558190387,591.1846089954927,590.1846089954927,0.008226518668730587,0.0009640000695187566,127972944.0984493,0.008249360912985613,0.0012828349942995716,1.6456656225995818e-06,0.001874263224521968,2374595.4484612234,84169.61788482787,4034.803353020786,58.96086206896906,0.9848627544775103,0.0016906411143811405,-9.951037332010486,65.21421216717918,-9.060412310686284e-06,4.372594179635594e-06,-983.31763951786,2.8748063562374844,8.820471172902898e-06,0.009625593523862497,-0.007146233915114001,-0.8812247214443352,-0.9895719741144039,1789623722.946194,Temperature Drift + Humidity Impact,1,0.6,1
0.007297828312049169,1248289.4705672918,2440289.652206381,4052.0103332023655,0.9872954453719219,-9.813621467788165,63.14409940915616,5.502155535581599,602.2417149854065,601.2417149854065,0.006352277314039034,0.0009455509980101345,171049443.36745882,0.008155990733888292,0.001263600970390188,1.596687412371025e-06,0.0017864627348947552,2376928.7362662195,85144.23945451864,4033.550407805619,58.24472323246624,0.9851049708255851,0.001584725416396097,-9.955481217149597,65.21135220666453,-4.0165714005186936e-06,-4.016940819564203e-06,-303.28951874448416,3.5189461250595557,-4.951098645589949e-06,0.01337917758214659,-0.08662675839843864,-0.8893155387150796,-0.9895569884502289,1789623723.946194,Temperature Drift + Humidity Impact,1,0.6,1
0.006592429289829202,1268518.793270644,2448055.1772082043,4001.6007470026516,0.9867835891968757,-10.002567867678454,65.11565297042624,5.495402327606332,611.768972464804,610.7689724648039,0.0066082054015621505,-1.5776111732948746e-05,192420538.39359558,0.008064505923015998,0.0012904128882788297,1.6651654222361114e-06,0.0019437957535199963,2378463.0537428926,86061.57802393734,4030.4943112172855,57.83508794750366,0.985185841537359,0.0016164203963525687,-9.95466133450177,65.04692224469674,-1.12138579912734e-05,-1.2120283445303325e-05,680.9472840485199,3.6685537182397567,7.112345935762487e-06,0.01226869441001901,-0.06500514432478077,-0.8957856446148327,-0.9892614576535956,1789623724.946194,Temperature Drift + Humidity Impact,1,0.6,1
0.009652165648944078,1215497.088129809,2483921.2576501667,4012.3088937129914,0.9817440931830282,-10.083774480304019,66.78376817928333,5.409092119532803,619.0752814526065,618.0752814526065,0.009127953408485878,0.0005242122404581998,125929986.31999038,0.008203111031036272,0.0012671957791349382,1.6057851426574033e-06,0.0018926904262001748,2382888.857599269,88491.74328091808,4029.8066710097537,57.94491669679506,0.9849891651067787,0.0017207307701451809,-9.96225263252585,65.22112935132773,-1.5333217190032723e-05,2.5539818311147982e-06,1602.5387027864542,3.4907442027324334,-9.9060147716805e-06,0.011683573804457704,-0.07629462218752857,-0.8938324232529549,-0.9898448038126004,1789623725.946194,Temperature Drift + Humidity Impact,1,0.6,1
0.007535242237309438,1255649.518670973,2439590.8040509676,3953.318594944175,0.9862607799289952,-10.169357744593002,63.68869432259287,5.455459582211421,617.0994685758225,616.0994685758225,0.006869610035502405,0.0006656322018070331,166636914.7966927,0.008127165888207673,0.0012479057022938213,1.5572686418174352e-06,0.0017864627348947552,2387274.4500185736,88476.34112777235,4030.2718554755493,57.27848575269956,0.9850903519541933,0.0017181523631399566,-9.96055252064969,65.25049050207373,-9.19056213147581e-06,-3.598989489449978e-06,1596.5626451085157,1.9035235465607856,-1.0748595428877396e-05,0.007275755218741549,-0.0036258693578703084,-0.8923850164123925,-0.9896003077757093,1789623726.946194,Temperature Drift + Humidity Impact,1,0.6,1
0.008862906272156844,1149626.848473541,2311996.0216134256,4108.225472379426,0.9853675880558596,-9.614846365140284,63.766685167705674,5.720354655762245,562.7724274525639,561.7724274525639,0.007316205972070222,0.001546700300086622,129712174.89743035,0.008110826601044698,0.001235428838527782,1.5262844150661044e-06,0.0017464185480064419,2379225.290093152,85763.66243673701,4034.0441707557957,59.15206457599839,0.9851143677293731,0.0017176635086207964,-9.945331683034603,65.17590016374696,9.043113196751687e-06,-5.170541440716837e-06,2161.1905417494386,2.4595527438816425,-1.1421075730224149e-05,0.010118741113227938,0.04421542082937113,-0.8906542349190137,-0.9897419513046475,1789623727.946194,Temperature Drift + Humidity Impact,1,0.6,1
0.007048578401820786,1236142.112706368,2369332.2330537536,4099.22823652592,0.9864217428547009,-9.646476815234708,62.93377028902941,5.5668298286243605,577.9947093313725,576.9947093313725,0.006789128572649572,0.0002594498291712136,175374670.21535128,0.008092836897845667,0.0012474330081293636,1.5560891097706727e-06,0.001903751566631683,2378802.263019741,85785.33153733044,4036.852599701802,60.498159278556244,0.9851261305298198,0.0017255512927556614,-9.93065650053836,65.02775241838928,-6.887310988565434e-06,-7.012822049714466e-06,2076.6962131907176,3.010985233728656,1.078005349134287e-05,0.012197154485319104,-0.011198565790025391,-0.8922265279041003,-0.9884956172035552,1789623728.946194,Temperature Drift + Humidity Impact,1,0.6,1
0.006695221518187767,1257314.588684098,2415498.4925040337,3978.536927591266,0.9870049927595673,-10.298103466599018,68.0800240990133,5.524662592748867,607.1323545478449,606.1323545478449,0.006497503620216338,0.00019771789797142902,187792828.85092986,0.007998875884170953,0.0012606293471954598,1.5891863510104512e-06,0.0018143278703360586,2377926.171765066,85292.84074562686,4035.782704344445,61.278454874693935,0.9852194573873827,0.0017611832438493963,-9.943342501076804,65.19188230221567,-1.0274276409461968e-05,-1.526211866572412e-05,3001.4157477110302,2.157003840172811,2.3580305057285044e-05,0.00830236681107105,0.06499026215408422,-0.900597000017426,-0.9890203927032655,1789623729.946194,Temperature Drift + Humidity Impact,1,0.6,1
0.005952845089271926,1236093.2290646662,2323871.5242726826,3908.205185700358,0.9888974469004465,-10.334937873964885,63.20877249188813,5.665166290700004,594.6134897869341,593.6134897869341,0.0055512765497767735,0.00040156853949515226,207647471.17178032,0.007885274974187902,0.001310921025784846,1.7185139358447932e-06,0.002053686667778519,2377348.0016386462,85607.72715786369,4035.102073321669,62.58331041505719,0.9853906940497046,0.0018971051255420271,-9.944269817730683,65.09830326800623,-2.1220794969449874e-05,-2.4716550964622116e-05,2106.4458275395477,-0.12625222421189916,5.150170703568328e-05,0.0010035157266931928,0.210010800384357,-0.9095116714806145,-0.9889428698808866,1789623730.946194,Temperature Drift + Humidity Impact,1,0.6,1
0.009777056968698895,1116765.0877301986,2285324.40189656,4056.080024327363,0.9825590034393112,-9.79913883762953,63.33646188649341,5.765260488143016,563.431783443559,562.431783443559,0.00872049828034438,0.0010565586883545149,114223031.6654087,0.00804420769744319,0.0012896108679271467,1.6630961906758084e-06,0.0020357126451231384,2371558.490677571,86733.77001794298,4038.0816494985884,61.73213765597385,0.9851356776478206,0.0018309547954010869,-9.930873960966291,64.9942529044196,-2.4573552811906545e-05,-7.148444960180926e-06,1784.1389573835277,-0.4677241337166288,6.0800218845325875e-05,0.00044553192215590143,0.19101426281047534,-0.9065683522580186,-0.9899644955728611,1789623731.946194,Temperature Drift + Humidity Impact,1,0.6,1
0.0070717178301445555,1195888.3008751695,2323610.40457576,4026.6621721045585,0.9837505944365214,-10.070873594060666,67.32460766692441,5.708306826012188,577.0562081599488,576.0562081599488,0.008124702781739324,-0.0010529849515947681,169108599.86204,0.00806708207244796,0.001266886668973044,1.6050018320216148e-06,0.0020125732167993685,2369886.981923852,87237.58177215929,4041.9758059397573,57.68572217267259,0.9850153108911496,0.0018191039969257094,-9.923419046398584,65.20333174047636,-4.899387478038108e-05,-1.3843784093677933e-06,1279.9375669322478,-1.6608685785095516,6.42556924111204e-05,-0.004110497356201236,0.14712628463479746,-0.8607346582069132,-0.9898316124064971,1789623732.946194,Temperature Drift + Humidity Impact,1,0.6,1
0.009294611100686913,1090615.0705830979,2220863.320243371,4154.245925217529,0.9823761292757605,-9.592362966995017,66.92547327555613,5.910672988209481,534.6008301439401,533.6008301439401,0.008811935362119772,0.0004826757385671416,117338429.63074556,0.008146216295926344,0.0012792431693980824,1.636463086451651e-06,0.002118800908104788,2364507.732105029,91985.44526009726,4043.6894072085706,60.29981607145015,0.9849100233253119,0.0018912067862310053,-9.913982328024579,65.15483203839064,-4.5171103183842775e-05,1.081047303609044e-05,-241.08962606331835,0.0697718596289353,3.9824091266960586e-05,-0.00010321388424929186,0.20392736020362753,-0.870128260473655,-0.9910757668657364,1789623733.946194,Temperature Drift + Humidity Impact,1,0.6,1
0.009407842959613263,1142520.152665245,2313865.9772460246,3885.0877542092635,0.9826798149991468,-10.420528142028717,63.880179461981776,5.698909337015796,595.5762452827706,594.5762452827706,0.008660092500426597,0.0007477504591866663,121443369.91698804,0.008194275419926796,0.0013029492571103843,1.6976767666045023e-06,0.0022228932705423577,2363043.192434462,92487.23733597697,4039.1516639037354,67.38016046658312,0.984831388887724,0.0019407827593540604,-9.928681368922158,65.08351486652063,-3.2923832959207376e-05,1.92265688884555e-05,-848.8346095564604,-1.8458241026105777,1.6594079006902333e-05,-0.0061697193137805586,0.10682931709446952,-0.8752359515047169,-0.993840905956726,1789623734.946194,Temperature Drift + Humidity Impact,1,0.6,1
0.009523449213701624,1197232.3091904293,2496999.925207515,4011.4649944520897,0.9830909411173276,-10.074199272657689,66.60747562178992,5.486057016446892,622.465839452893,621.4658394528931,0.008454529441336178,0.0010689197723654457,125714148.5532302,0.008164604395560295,0.0012632938132907958,1.5959112586988e-06,0.0022228932705423577,2367710.328481423,96114.21087256497,4040.520106122102,66.45014915743333,0.9849098513225656,0.0018257746256680966,-9.928358411035225,65.2768842486089,5.495762808719094e-08,1.7947671622664285e-05,560.4723935697145,-2.7203706081953305,-3.649167913418089e-05,-0.009048880011196853,0.12649401555099643,-0.8657245225643139,-0.9871075629449167,1789623735.946194,Temperature Drift + Humidity Impact,1,0.6,1
0.006524603377499513,1204507.2158839738,2305598.117513276,3892.62200011242,0.9881272921063252,-10.640002934703984,68.4596275923003,5.726018281391943,592.2995136560112,591.2995136560113,0.005936353946837392,0.0005882494306621213,184610028.5632364,0.00811138887257197,0.0013026239263094455,1.6968290933938358e-06,0.0022460326988661275,2367050.9377791425,96480.82328588533,4033.4170525621885,72.14493082045516,0.9850386256346879,0.0019315659505055444,-9.963441190908252,65.40754428729973,-1.8179642741384875e-05,1.3681663851487745e-05,-469.1455264014829,-3.7888015645571653,-6.8113959386217036e-06,-0.01396365665195434,0.23686824283777796,-0.8747730408995809,-0.9875311487992293,1789623736.946194,Temperature Drift + Humidity Impact,1,0.6,1
0.008108449698753954,1240419.0241312573,2467545.9012921094,3955.8481301394113,0.984883546505375,-10.160129596715489,63.1264050882026,5.4574914218259085,623.7716464623602,622.7716464623602,0.007558226747312491,0.0005502229514414633,152978568.06361833,0.00801316126486078,0.0012027224424555193,1.44654127358617e-06,0.002141940336428558,2366509.9228543458,95875.96458861414,4031.1950741213236,73.62905063026393,0.9851022106024944,0.001898975083264125,-9.967939871528278,65.283256421738,6.3207366129891716e-06,4.763967750329149e-06,1598.7036569701702,-4.725017000932703,-2.5689928838568302e-05,-0.016621455839394624,0.2777675378775217,-0.8860053526669559,-0.9872571475722826,1789623737.946194,Temperature Drift + Humidity Impact,1,0.6,1
0.012220329887423241,1131060.322388914,2448413.393281416,4080.588226699101,0.978317956188277,-9.712228648197463,63.72324120567224,5.494687305344758,600.0148158203173,599.0148158203172,0.010841021905861503,0.001379307981561738,92555629.251299,0.008229605676182578,0.0014316859929002887,2.0497247822668856e-06,0.0022228932705423577,2379262.963808533,83979.73456752361,4029.9073425324586,72.4631788030925,0.9847639644369929,0.002284935506586712,-9.961161331566698,65.07380074387306,3.311672267797194e-05,2.3771279989586698e-05,-14.489842594446472,-3.453215784913089,-7.159481850580769e-05,-0.013398567304197159,0.34232836995919946,-0.9205965454098118,-0.9830676799885273,1789623738.946194,Temperature Drift + Humidity Impact,1,0.6,1
0.0065155974022020734,1197257.0161978228,2304198.3625007025,3998.407479901325,0.9888385599639654,-10.049545204251425,65.60812317750721,5.753102873670663,576.2790246074586,575.2790246074586,0.005580720018017293,0.0009348773841847801,183752454.65491566,0.008136279511997729,0.0014639652733218719,2.143194321492383e-06,0.0022460326988661275,2376779.0071099987,85235.4925698765,4028.3914092993364,72.70946476699031,0.9849066939230934,0.0024195858652380606,-9.96286304087083,65.0215948598522,2.3486566147635732e-05,1.2019800898026163e-05,-837.0506931115017,-3.6799990656928543,-2.891958374301801e-05,-0.01467282983748581,0.35119034199174265,-0.928841404921357,-0.9833666430753147,1789623739.946194,Temperature Drift + Humidity Impact,1,0.6,1
0.00936318623025656,1166416.2709787472,2349171.9341777167,3950.6919835528656,0.9836078461200156,-10.278823821726617,66.38940039822528,5.613177471644763,594.6229025086136,593.6229025086136,0.008196076939992192,0.0011671092902643676,124574716.58627753,0.008134313020523072,0.0014622819064675433,2.138268373982353e-06,0.0022460326988661275,2378021.5755981915,84595.14435374878,4026.788024021716,73.95261012489294,0.984903287163035,0.0024213516325656595,-9.971529686832104,65.0611554031901,4.757254898281611e-05,8.396994227505944e-06,-1678.5980638574192,-4.7733724721812685,-5.304573609528424e-05,-0.018582337209778498,0.3196210592634536,-0.9297408575242965,-0.9818835790272991,1789623740.946194,Temperature Drift + Humidity Impact,1,0.6,1
0.009575611703053247,1153350.1508612344,2351819.003473867,3917.687445771877,0.9850222020212148,-10.299976964276102,63.53282275341586,5.643228069492656,600.3079714825243,599.3079714825243,0.0074888989893925895,0.0020867127136606576,120446629.06428015,0.008231717676908244,0.0014738953272195106,2.172367435599508e-06,0.0023146078284357737,2381680.954805693,81341.26069966152,4021.4700848826496,76.77288988156216,0.9848999979045798,0.002421131996685069,-9.988320604473323,64.96818786241872,5.093866724287244e-05,1.3049076186185063e-05,-3097.338483508286,-5.541975730680934,-4.9936597285771695e-05,-0.020700901596474034,0.2791859311159316,-0.9182470284199753,-0.9805669889017689,1789623741.946194,Temperature Drift + Humidity Impact,1,0.6,1
0.007571098662329185,1224618.0836931567,2384873.3970054714,3987.218466367602,0.9840691618777859,-10.062223897401369,65.22263029023142,5.560811314911979,598.1296026595994,597.1296026595995,0.007965419061107037,-0.00039432039877785284,161749058.92936987,0.00821407816910488,0.0014790481621640233,2.187583466000775e-06,0.0023146078284357737,2375371.0018481673,74437.28371944425,4014.0505591900687,70.50570720772602,0.9848546317342054,0.0024256449695052437,-10.015202954530858,65.02501041841867,4.264433237488516e-05,6.823858059398363e-06,-1458.4571249003973,-4.345779278978887,-5.457267059199543e-05,-0.015401531253783319,0.3217519314332646,-0.9067062810799011,-0.9762081326179749,1789623742.946194,Temperature Drift + Humidity Impact,1,0.6,1
0.008940292300864697,1219845.261334801,2452865.208791013,3977.1313108707036,0.985263029916539,-10.082718043606226,62.74722417549013,5.456412423852333,616.7423243196899,615.7423243196898,0.007368485041730488,0.0015718072591342086,136443554.6717884,0.008266529913449658,0.0014806198159395885,2.1922350393529808e-06,0.0023146078284357737,2382114.04739494,73510.66519349566,4011.5816577097867,70.674411104812,0.9848680246259337,0.0024269382305885283,-10.024090052616046,64.95016565670265,4.349705266868757e-05,7.73023987804474e-06,-1653.9453011541987,-4.438539453511701,-5.006708232537486e-05,-0.014478123830089723,0.32861541834121505,-0.9016760182413928,-0.9756072332516847,1789623743.946194,Temperature Drift + Humidity Impact,1,0.6,1
0.008577438899347367,1110707.3293225737,2215868.8494936535,3998.039978403535,0.9831594691333562,-10.007071016152699,64.60667955358902,5.894875628921525,554.2387923740764,553.2387923740763,0.008420265433321916,0.0001571734660254509,129491721.5215703,0.008246255827545797,0.001472732577841635,2.1689412458360674e-06,0.0023146078284357737,2377808.997831434,79707.81508208411,4008.9536951590294,69.9034017113729,0.9848289488017699,0.0024461920779468944,-10.029041229003898,64.87243765490325,5.454459310422448e-05,1.0350796084487974e-06,-3774.7059468408597,-4.041965725557903,-7.315496268015532e-05,-0.012913040570370127,0.32083861858092655,-0.8988445909776586,-0.9794447117795645,1789623744.946194,Temperature Drift + Humidity Impact,1,0.6,1
0.006239420775441122,1239738.607412868,2367556.3017854784,3960.6386028050065,0.9883199825699921,-10.142669346392621,64.95019175323185,5.626614110081501,597.7713543741976,596.7713543741976,0.005840008715003953,0.0003994120604371692,198694502.5878976,0.008151676614200238,0.0015218328059931857,2.315975089397093e-06,0.002667964712068792,2376384.2090456714,79559.85820547349,4003.088398509262,67.51893027086481,0.9849977306402584,0.002534093890006705,-10.050020061643993,64.96091029558058,3.959641466937012e-05,-1.265088340917005e-05,-3615.6759820532898,-3.5047779545394757,-4.821515752881478e-05,-0.009853488513975278,0.3292401749009482,-0.9054965018720337,-0.9795799377924086,1789623745.946194,Temperature Drift + Humidity Impact,1,0.6,1
0.008458810910614917,1213458.2613860127,2396122.7456311192,4037.107108416391,0.9851098253535462,-9.9091562351342,65.58830398814383,5.521787372886575,593.524690151466,592.524690151466,0.007445087323226907,0.0010137235873880109,143454945.87936115,0.008239890137137988,0.0014723585227940494,2.167839619644275e-06,0.0023146078284357737,2372415.285728063,75917.90567203875,4002.0392167513096,66.77426138717694,0.9848999198375359,0.00248011348817605,-10.043726186217702,64.82022159690102,2.344946271213817e-05,-7.173532274194619e-06,-2243.8579106232205,-2.588276555299123,-2.1606789284890775e-05,-0.008718037629975403,0.33817819334869537,-0.9003783596321309,-0.9755243559227816,1789623746.946194,Temperature Drift + Humidity Impact,1,0.6,1
0.008428713787760665,1173167.8794008326,2352252.047596418,4051.964204449563,0.9869108029614351,-9.813785707501909,63.27130343822005,5.670862987648243,580.5214283515513,579.5214283515513,0.006544598519282463,0.001884115268478202,139187058.5408167,0.00820941793911844,0.001460201852533914,2.1321894501434744e-06,0.0023146078284357737,2370780.1781708435,75894.35771457016,4002.1968079543904,66.88715685304443,0.9850344734494915,0.002494270344723423,-10.04316481242937,64.88086473024282,3.469873626746107e-05,-1.2926797734034932e-05,-2222.8356007731095,-1.6675784387950034,-1.6574362968097257e-05,-0.004436448794062243,0.3231619641034311,-0.883300261558505,-0.9753018163145909,1789623747.946194,Temperature Drift + Humidity Impact,1,0.6,1
0.009276202995543187,1198775.8718390404,2436415.29974422,4008.0381328313147,0.9841665906832127,-9.971037654726354,63.09267277466685,5.502288873119782,607.8822653374093,606.8822653374093,0.00791670465839367,0.0013594983371495173,129231310.7437386,0.008288552926458201,0.001462261430886914,2.138208492259445e-06,0.0023146078284357737,2370625.2040723567,75756.09285111085,4000.437919939548,66.12796243634381,0.9849093192619433,0.0024558847775059075,-10.0494614599069,64.87880766486325,3.5430086671458325e-05,-8.668771079899606e-06,-921.8781997404141,-1.1155232643744113,-1.9758692786766905e-06,-0.0014752261996223482,0.35977476482273363,-0.8804399834621451,-0.9753898523312152,1789623748.946194,Temperature Drift + Humidity Impact,1,0.6,1
0.008192669942507705,1186620.3479569647,2353305.055388181,3970.9542871232034,0.986914410858614,-10.105142470752313,60.5109592405932,5.642286080027853,592.6296011564152,591.6296011564151,0.006542794570693011,0.001649875371814694,144839271.72510388,0.00835256255256534,0.0014210579109453125,2.0194055862602558e-06,0.002291468400112004,2366835.199199556,74140.44064850998,3999.2120615443696,66.378625962491,0.9849145521284127,0.0024600087069715157,-10.053564444029853,64.69461991566993,1.758377660716376e-05,-5.0453223390464585e-06,-307.45676392818194,-1.3760516043557927,3.527536788607007e-05,-0.0015202688389878967,0.380305009995636,-0.8703703388839202,-0.9749351992823685,1789623749.946194,Temperature Drift + Humidity Impact,1,0.6,1
0.006843915900915844,1233723.4539389513,2392399.5055230805,4137.437574151232,0.987354203278642,-9.681980039509396,67.3615996373843,5.593640532303041,578.2321697056336,577.2321697056336,0.006322898360679008,0.0005210175402368365,180265723.863418,0.008240232562644213,0.0014248752296538865,2.030269420081216e-06,0.0022460326988661275,2363174.3291144725,70435.63385636208,4004.2172087619,71.68306005537296,0.9851389565322373,0.00241604822268465,-10.037492666398068,64.71773317399396,1.6653838478801935e-05,-1.755245252881583e-05,1099.3820327950723,0.03084452600914329,2.6090635203571348e-05,0.0016076406861515698,0.3140244216518882,-0.8714007008418353,-0.9716590471086871,1789623750.946194,Temperature Drift + Humidity Impact,1,0.6,1
0.006199673498556526,1193205.608516088,2279912.9340827935,3985.4218443766836,0.9890034897092856,-10.05267562966106,64.0574711801456,5.796196371615331,572.0631398906205,571.0631398906205,0.005498255145357178,0.0007014183531993479,192462652.8790432,0.008186809813094095,0.0014744796462889248,2.1740902273203126e-06,0.0024506951997710687,2356787.2143157455,70456.3877283773,4005.501338739201,71.04446482630361,0.985248664923449,0.00252434114987558,-10.032825381800789,64.73248424829607,-9.231994596893668e-06,-2.3072614025537564e-05,1094.9800587906757,-0.6516372834162583,7.298148311313454e-05,0.0001488394740822872,0.29925139453078264,-0.8806321875364875,-0.9726344674367644,1789623751.946194,Temperature Drift + Humidity Impact,1,0.6,1
0.009747795587910505,1163442.9241135318,2365589.5478169736,4063.227975520711,0.9834311025945109,-9.773736878734733,64.152926305993,5.590374461003634,582.194639845139,581.194639845139,0.008284448702744529,0.001463346885165976,119354464.67060378,0.008222205385724242,0.0015006732447296368,2.252020187447377e-06,0.002519270329340715,2358930.9553638874,69873.85885511668,4003.7014388648513,68.95854567330284,0.985171205504995,0.0025490927569968946,-10.039181002344566,64.74793389382756,1.1938069453577609e-05,-1.978348018961446e-05,728.3204410095785,0.9084653155845567,5.7393216016274554e-05,0.006720215822835558,0.3171616384901362,-0.8866506924365712,-0.9707892147159711,1789623752.946194,Temperature Drift + Humidity Impact,1,0.6,1
0.0066565740540508265,1220946.482907453,2335188.758144977,4071.0117467993696,0.9880425316682833,-9.870594782276088,66.73296638068405,5.655518253192741,573.6138590071382,572.6138590071382,0.005978734165858368,0.0006778398881924583,183419649.95709044,0.008206525211813443,0.0015148354255061338,2.2947263663683496e-06,0.002667964712068792,2357565.216367536,69990.79312557196,4002.5727792757903,67.60339849610706,0.9852360370575383,0.0026001726028261718,-10.048145721026223,64.89990173749375,-1.4250181908596158e-05,-2.118677658413521e-05,613.1744743490639,2.485059211590787,9.640313871291718e-05,0.012203438186873963,0.348426068380512,-0.8915960128896339,-0.9733590630900599,1789623753.946194,Temperature Drift + Humidity Impact,1,0.6,1
0.009261985698863905,1193128.142529496,2414742.0967558185,3947.161309907399,0.9835249395926301,-10.19184520483186,64.55135061891625,5.523969631751915,611.7667627859041,610.7667627859042,0.00823753020368495,0.001024455495178954,128819907.66578788,0.008309195779040488,0.0014957885680830544,2.237383440407954e-06,0.002519270329340715,2357534.960537608,69965.90207817304,4001.317754568435,68.3253448733479,0.9850968349308609,0.0025948923566813447,-10.043895390555535,64.75875479828987,-1.962050665669482e-05,-9.630649868222967e-06,1720.2938239135608,1.7332102082680936,9.829794990328569e-05,0.008377403957555502,0.29781156487529636,-0.8921651455397995,-0.9732867129335634,1789623754.946194,Temperature Drift + Humidity Impact,1,0.6,1
0.006832351030116732,1248602.210128362,2388077.6055307486,3976.674126587555,0.9879686993682053,-10.16885146208951,66.17450596451471,5.5425541834274625,600.5213224700398,599.5213224700398,0.006015650315897347,0.0008167007142193851,182748545.06517202,0.00834437601667428,0.0014495837557236973,2.1012930648580197e-06,0.002519270329340715,2360103.2037879303,69861.41015682579,4004.0565122039234,65.86612388344929,0.9850596850295712,0.0025464100981033052,-10.037251934080523,64.87738413719494,-5.6816426621368975e-05,-2.5389876196409543e-06,1665.591568893298,0.5746048766868909,0.00016281358748232222,0.0043135384631484185,0.2553122345075126,-0.8866900232542377,-0.9726480645262601,1789623755.946194,Temperature Drift + Humidity Impact,1,0.6,1
0.008438587701716231,1181715.3743378385,2379354.3235729234,4052.81329393039,0.9838759080061247,-10.007468300604787,67.74559145749777,5.6385135085016636,587.087080260103,586.087080260103,0.008062045996937661,0.0003765417047785699,140037102.90259856,0.008290837245994975,0.0014200981339838243,2.0166787101443397e-06,0.0024506951997710687,2363864.400654985,68246.7543789021,4003.9258429880433,65.76595106141549,0.9851123612122435,0.002507458153692008,-10.04558511259953,65.05374932003511,-4.161997077765867e-05,-2.9564341877369053e-06,1095.506194148758,1.5449025984732956,0.00012687959905560172,0.006969595275126658,0.22330839126580856,-0.8793761011665067,-0.9693134984719554,1789623756.946194,Temperature Drift + Humidity Impact,1,0.6,1
0.007575073190603522,1247308.0828272842,2419457.9492498673,3913.9314962670933,0.9868853406619941,-10.313814946384076,64.76646709828727,5.480792455728174,618.1656351311774,617.1656351311774,0.006557329669002965,0.0010177435216005577,164659542.0852836,0.008310971460413333,0.0014061706741607055,1.9773159648695733e-06,0.0024506951997710687,2367698.302441949,68569.16958913178,3999.4166159545457,67.88305283186895,0.9852377510612627,0.0025145945345901367,-10.055302766692467,64.95142369728961,-6.041821775516088e-05,3.918281627216657e-06,1206.1374511554195,0.9415488429835114,0.0001296278954499202,0.004240742764042598,0.23991283021798704,-0.9194156472613676,-0.9672007425858534,1789623757.946194,Temperature Drift + Humidity Impact,1,0.6,1
0.010786750573009485,1173013.8905161086,2454739.2285678764,4031.607417117478,0.981925975570624,-9.886448385809988,64.50285149413247,5.463272464531455,608.8735768630389,607.8735768630389,0.009037012214688,0.0017497383583214843,108745806.49442418,0.008370657039306235,0.001476560532941263,2.1802310074397865e-06,0.002519270329340715,2377053.3387749293,63677.61573972308,3994.511075630543,60.5525378725802,0.9852197449130571,0.002536537119441139,-10.067066183445066,64.85451882603269,-2.772847569769137e-05,1.3943298595267747e-05,541.2423318705016,2.78698779250195,7.044144229669626e-05,0.010428796584547692,0.24348483644228963,-0.9252295401400183,-0.9624833296308869,1789623758.946194,Temperature Drift + Humidity Impact,1,0.6,1
0.008877295222089975,1171311.0804267728,2362076.6427100836,3954.9564075827325,0.984949864311866,-10.265440074098146,66.41984050783579,5.6379591837699445,597.244672073082,596.244672073082,0.007525067844066979,0.0013522273780229958,131944590.22970422,0.008349435129805304,0.00146527053563353,2.1470177425957718e-06,0.0024322870946273424,2378981.765393492,62453.07252484874,3997.3058217654825,56.94245846986075,0.9853105468855659,0.0024840771370760965,-10.060862660727844,64.95610526786683,-1.267995634584812e-05,1.3844970722884948e-05,-228.87770863251117,1.327634565540128,4.255093760813652e-05,0.005063033392682768,0.2897406584244776,-0.9240712391342831,-0.9614065743569102,1789623759.946194,Temperature Drift + Humidity Impact,1,0.6,1
0.007242189639039489,1195545.2407709844,2282554.4951574053,4172.558728415745,0.9863850710536405,-9.58012774445215,67.64367273967392,5.6944501718467775,547.0395130960939,546.0395130960939,0.0068074644731797584,0.00043472516585973085,165080631.73688808,0.00825818474681882,0.0014603418950731928,2.132598450505964e-06,0.00241806979794806,2370403.9481914877,60345.709174843716,4003.7495711240276,66.4939518717598,0.9854423120830184,0.0024499786228740173,-10.041099799599621,64.9975531525822,-1.1160543113953979e-05,6.180223548335749e-06,61.20601040537792,3.0869454307163195,3.0273564554134445e-05,0.009367220346698416,0.2093392844805764,-0.9209019834889548,-0.9681276668594758,1789623760.946194,Temperature Drift + Humidity Impact,1,0.6,1
0.0073336915901206215,1205703.6051742837,2351192.2046105075,3884.463924244559,0.9874247906399928,-10.433516302948513,65.14799221782323,5.6493750078208596,605.2809989908096,604.2809989908096,0.006287604680003611,0.0010460869101170103,164406096.2146968,0.008290548275323663,0.001430218997859388,2.045526381837912e-06,0.0020197960598244153,2372227.7116753766,59034.314755325,4003.423248089314,67.05615772844027,0.9854142120243651,0.0024229011080470473,-10.032840334329403,64.86508773760312,-3.703013979205348e-05,1.1635186829287202e-05,-764.1914678934761,0.8745714417128312,7.542316685158095e-05,-0.00024411718910419549,0.14249788466881164,-0.9179710199801295,-0.9666255859949925,1789623761.946194,Temperature Drift + Humidity Impact,1,0.6,1
0.008430658396804583,1159692.7677618233,2322979.7450980525,4084.030405981492,0.9849732513944449,-9.700063927472101,61.862425516174184,5.720805942433494,568.7958987023711,567.7958987023711,0.007513374302777542,0.0009172840940270405,137556607.4651268,0.008303436623245689,0.0014299717166810888,2.04481911050786e-06,0.0020197960598244153,2366445.065427615,56437.60730764211,4008.5505391229967,68.11463908865456,0.985417800219928,0.0024221788785289983,-10.014437707559669,64.81452855472197,-3.755780135946516e-05,1.6483720017479034e-05,-265.6061862860674,1.1428863350646816,6.604610584703168e-05,0.001554772404179284,0.13957679089731678,-0.9202463519203407,-0.9646528332664427,1789623762.946194,Temperature Drift + Humidity Impact,1,0.6,1
0.008374384065973104,1220551.727994906,2437139.454180127,3980.347453847778,0.9858193898678876,-10.126852840712088,65.77500234703173,5.503952047148134,612.293143359673,611.293143359673,0.0070903050660561795,0.0012840789999169246,145748238.72173074,0.008149598790387683,0.0011864536482965595,1.407672259556216e-06,0.0016981026618252074,2365994.107863563,55822.538002895984,4004.540908208944,66.69157624183053,0.9857178575671124,0.0019408904314401172,-10.031022675260253,64.89659900037636,2.266030753640357e-06,3.325077741624604e-06,1206.6406807366773,1.6029270390544696,-1.2453531036956593e-06,0.00353918484562515,-0.02532705147336479,-0.8805612093895452,-0.9653115588609169,1789623763.946194,Temperature Drift + Humidity Impact,1,0.6,1
0.008056082645212527,1199294.4340490128,2362266.6673522075,3950.3622958007077,0.9847281670903236,-10.180150281314875,63.814869132615755,5.608317568344861,597.9873465943443,596.9873465943443,0.0076359164548381875,0.00042016619037433915,148868189.02754372,0.008211218200108101,0.0011390463981833926,1.2974266972145598e-06,0.0016066007107440753,2368316.840057623,54392.71873102143,4002.6191008449196,67.52763228532869,0.9855534418521666,0.0018411005651890885,-10.03624687834279,64.8248688385807,-1.4937209083678725e-05,9.890778117029203e-06,554.2760839263285,1.0414824875945579,2.0826066463708242e-05,0.001977397038286157,-0.027493935492432658,-0.8630651936004627,-0.9637916182359586,1789623764.946194,Temperature Drift + Humidity Impact,1,0.6,1
0.01034566181094895,1040687.4193573716,2159187.648541974,4030.062136197378,0.9814695849599241,-10.159565498172768,68.74414941812748,6.020854174350711,535.7703121121864,534.7703121121864,0.009265207520037955,0.0010804542909109947,100591671.98525652,0.008250517223335797,0.0011937483199581547,1.425035051402917e-06,0.0016066007107440753,2360717.4686321933,68084.92533449618,4005.7939069507,66.87428141981793,0.9854679114057631,0.001974344855493003,-10.031476545400638,64.9190587993768,1.6285027625567535e-05,1.3622673185314294e-05,-1567.5962811710378,0.7755316410044067,-3.6327031401580154e-05,-0.0015866981170595729,-0.024912379264670208,-0.876412802319182,-0.9783496831019881,1789623765.946194,Temperature Drift + Humidity Impact,1,0.6,1
0.008265325704764417,1202295.2233042896,2388566.90174065,3999.56756667096,0.9838749471275599,-10.001559757861234,63.46862720549431,5.5789659240660745,597.2062884110179,596.2062884110179,0.008062526436220074,0.00020279926854434305,145462534.23639983,0.008198105783404243,0.0011627819437904086,1.3520618488050007e-06,0.0015436036319693537,2362187.3845628644,68273.36768207802,4009.0691117866636,64.4397649062474,0.9854220212100168,0.0019973699786950696,-10.019539857144043,64.91649097745993,2.9672666097467775e-05,6.338587504824334e-06,-1399.5092425223932,-0.16300688105834873,-5.5488410892014465e-05,-0.003995547343912031,0.03672591330471392,-0.8806506757045393,-0.978409883799576,1789623766.946194,Temperature Drift + Humidity Impact,1,0.6,1
0.008439431117720489,1212153.0107312028,2423118.327160926,4131.929137962522,0.9839941763527118,-9.552183344214775,65.2821498704856,5.528236576696297,586.4375322650814,585.4375322650814,0.008002911823644099,0.00043651929407638977,143629706.0575581,0.008232839081619895,0.0011564858175888814,1.3374594462842238e-06,0.0015436036319693537,2363717.181769083,69186.91667774874,4014.8575386504604,68.58325472506417,0.985419021789014,0.0019994545100639615,-9.999138235016579,64.9188717606701,2.5630213357328675e-05,7.022825039921377e-06,-610.2096479603773,0.752579214066658,-8.219711058944667e-05,-0.00010832762713821062,0.044340331798426974,-0.9051110427084424,-0.978855388965186,1789623767.946194,Temperature Drift + Humidity Impact,1,0.6,1
0.006738339603794549,1189938.1926090366,2301506.7753811656,4078.7612495453855,0.9887691959574765,-9.718689386106057,64.57929684950903,5.759799270411113,564.2661177183855,563.2661177183854,0.005615402021261762,0.0011229375825327877,176592196.67986885,0.00814476097373709,0.0011828031275187027,1.3990232384680245e-06,0.0013352492603078778,2357662.844432689,67728.02223919416,4018.9227361974467,69.23549406000573,0.9855592684306513,0.00210383520198583,-9.984577088716572,64.99215466763084,1.8909365754465795e-05,-3.6388075628519156e-06,-292.97928286031674,0.9651973445299427,-5.283234468223233e-05,0.001644632892293211,-0.00647555906310762,-0.9148089830036852,-0.9775955689385939,1789623768.946194,Temperature Drift + Humidity Impact,1,0.6,1
0.00887284405936729,1151724.4463871203,2309501.8898082706,4026.4127150348504,0.984704384289791,-9.90504941149319,62.66909269332673,5.711512118890532,573.5879685618072,572.5879685618072,0.007647807855104494,0.0012250362042627964,129803300.79972668,0.008156577180137885,0.0011885282526827596,1.4125994074251338e-06,0.0016306544203278008,2361408.1660452737,62141.895565179264,4020.0576456627005,69.11632243280158,0.9856210650369087,0.002054549913156084,-9.980496224530192,64.91465119322037,2.9956911954847344e-05,-4.8578348530798595e-06,-2155.481890322228,0.8255080327822305,-8.472157587851042e-05,0.0021537952538400887,0.0033671448123572378,-0.9257274782700511,-0.9732722817972881,1789623769.946194,Temperature Drift + Humidity Impact,1,0.6,1
0.0075725738039461995,1267676.058877405,2478068.393870896,4014.7800696425256,0.9868671119049289,-10.217292806109073,68.78533568163326,5.4108498263687235,617.2363992261081,616.2363992261081,0.006566444047535536,0.0010061297564106638,167403592.45053473,0.008209903301278089,0.0011297692608504678,1.2763785827626123e-06,0.0015391524692466687,2365828.6497286907,66218.93140007727,4022.2233043362007,68.06074606794914,0.9855629502103063,0.0019971322165683865,-9.98348116291885,65.06805695035642,5.3945475122641135e-06,-1.4133525915680738e-06,-1017.136891452899,0.1826015178652247,-4.6230429458259905e-05,-0.0016537505639738822,-0.022372841066491067,-0.9216706329185503,-0.9765254402194462,1789623770.946194,Temperature Drift + Humidity Impact,1,0.6,1
0.008739622868558374,1236048.0594947934,2513414.5994565333,4016.1850525505924,0.9844181412626065,-9.94174254554368,62.65197717262413,5.416975241526428,625.8214117549982,624.8214117549983,0.007790929368696742,0.0009486934998616317,141430365.82752264,0.008221135779595828,0.001133577666978495,1.2849983270724075e-06,0.0015391524692466687,2370520.323881707,72093.62164457413,4021.3864221015683,68.00119188573365,0.9855352828466686,0.002007979637118236,-9.984784615335231,64.95060387773562,1.2773342688219626e-05,-1.2057648410853002e-06,648.1359112130141,0.27570184987689605,-6.132914523539598e-05,-0.0005252217411258063,-0.02172093252446486,-0.9221501754101497,-0.9757353378909467,1789623771.946194,Temperature Drift + Humidity Impact,1,0.6,1
0.009227442073191303,1190928.6500177502,2375739.466437075,3965.360587459157,0.9827792977459678,-10.282673400102006,67.19108710644525,5.5350296716907135,599.1231854047736,598.1231854047737,0.00861035112701608,0.0006170909461752222,129063790.43849891,0.008253084911013054,0.0011501130940722044,1.3227601291563394e-06,0.0015436036319693537,2371459.820635333,72002.41668794205,4017.922277421953,68.55886182311778,0.98537002263805,0.002057378725003031,-10.003540123039233,65.10739522446464,2.413810394151853e-05,9.794608667862297e-08,513.6298488712085,0.06431812281150087,-7.301380655573893e-05,-0.0015649752914090069,-0.06845621052726575,-0.9365471106289363,-0.9712228891423577,1789623772.946194,Temperature Drift + Humidity Impact,1,0.6,1
0.009647148563265255,1149006.6904168963,2333240.9523282577,3929.40978868418,0.9829847786668328,-10.256873691659889,63.67162457816793,5.653275618793072,593.7891637180395,592.7891637180396,0.00850761066658362,0.0011395378966816347,119103244.12253,0.008267922733721938,0.001165506620418402,1.3584056822391247e-06,0.0015436036319693537,2367332.8467386947,71112.40960969361,4014.777143656067,70.70994443504159,0.9853227501573949,0.0020976696937220545,-10.014973564516573,65.13055329660467,4.723756465376326e-05,-1.916547786631354e-06,810.3950863562998,-0.8515616806743167,-0.00010706576276150117,-0.0035784143186247384,-0.12082204912977544,-0.9403981942960423,-0.9700311134694181,1789623773.946194,Temperature Drift + Humidity Impact,1,0.6,1
0.006883910152026923,1215837.7438532496,2310073.650029383,3935.42528694619,0.9863883598499251,-10.23480449092022,64.36379527948435,5.653255263175462,586.9946655300254,585.9946655300254,0.006805820075037439,7.809007698948451e-05,176620222.6644771,0.008215572342102705,0.0011966863551008762,1.4320582324846203e-06,0.001635105583050486,2365603.590524343,71953.16490986935,4013.3559836489862,71.92306669341305,0.9853017081170472,0.0020841931258063274,-10.02016004532329,65.28466673816033,3.370953598751314e-05,-1.0885044592415896e-05,141.5707416882835,-2.022268923324896,-8.131275858749005e-05,-0.006509311932400396,-0.07612194776759774,-0.9439916957288405,-0.9656927049159761,1789623774.946194,Temperature Drift + Humidity Impact,1,0.6,1
0.0063363460155798496,1229864.4634783452,2326066.0791860158,4020.271587194363,0.9867741257248726,-9.92707034848614,63.4618481292292,5.652639504643666,578.5843142028406,577.5843142028406,0.006612937137563724,-0.00027659112198387403,194096796.55346256,0.008195269546689265,0.0012237843097249236,1.4976480367289075e-06,0.001635105583050486,2362950.2534708604,72138.93187950471,4008.669344170712,67.35745179131268,0.9852785050148963,0.002064348248394029,-10.02996365768236,65.12867667783412,2.6462670231258647e-06,-1.4602986323696967e-05,44.568248552638465,-0.7176166778835837,-4.719625982238501e-05,-0.002268222364995446,-0.03766167240429461,-0.9313844370546951,-0.9655554547274641,1789623775.946194,Temperature Drift + Humidity Impact,1,0.6,1
0.007003580120293811,1208583.012343563,2333926.4938953314,3965.934866279353,0.9847362368857339,-10.142766551657177,65.268794282825,5.668543158384604,588.4934000655708,587.4934000655708,0.007631881557133069,-0.0006283014368392579,172566457.6666342,0.008227425811558756,0.001180729780866452,1.3941228154249397e-06,0.001635105583050486,2365110.795863362,70407.7043911795,4007.889865046818,67.73367182039797,0.9851078149019544,0.0019207134939938798,-10.033567294562205,65.1771296019413,-2.8309903548005725e-05,-1.025631162495964e-05,-1053.7165721790664,-1.344563779436409,-1.4951964839993256e-05,-0.003536599567626904,-0.025606950499522607,-0.8926066855637419,-0.9646765577553212,1789623776.946194,Temperature Drift + Humidity Impact,1,0.6,1
0.008467659758349807,1193780.55128916,2370976.52562247,3933.2135022890807,0.9841626370115323,-10.242914993704337,62.84758832420987,5.591810043133856,602.8090069971008,601.8090069971008,0.007918681494233859,0.0005489782641159482,140981166.6218632,0.00817622037837633,0.0011407665592624186,1.3013483427314171e-06,0.0016306544203278008,2365326.2749755816,70417.08251322874,4002.689286117554,68.27425857839863,0.9851370762786352,0.0019004115294191783,-10.05233441916099,65.12491608266997,-1.0888661660263156e-05,-1.3310045980350303e-05,-994.7838548665676,-1.480502946307375,-4.0443806902938664e-05,-0.0028707357091257097,-0.09767722442152724,-0.8902092377135987,-0.9651175967301454,1789623777.946194,Temperature Drift + Humidity Impact,1,0.6,1
0.0092202090889267,1183243.7892483524,2373786.035197605,3984.3882997508804,0.9868095450355941,-10.056417474667596,64.68343351689798,5.563741520733665,595.7717613381265,594.7717613381263,0.0065952274822029255,0.002624981606723774,128331557.10854825,0.008278765779771364,0.001114475788186075,1.2420562824529728e-06,0.0015436036319693537,2366870.1660576873,70162.05395292693,3999.2243482356134,66.90326814617752,0.9850877568133278,0.0018393887029015561,-10.05976732685665,65.04293476811853,-1.644830603689937e-05,-2.081651270822229e-06,-1218.0689288154774,-0.9662105213354268,4.048920134701509e-06,-0.0010910290834146047,-0.055733987631318975,-0.8187490698402988,-0.9637127018668397,1789623778.946194,Temperature Drift + Humidity Impact,1,0.6,1
0.009252776042903373,1175334.2714239259,2354040.8758172677,3993.290389846904,0.9842553862478048,-10.024220122366533,64.78768309318346,5.589943427035247,589.4990461506401,588.4990461506401,0.007872306876097579,0.0013804691668057936,127025042.6438642,0.008278397393532942,0.0011141522023852925,1.241335130079998e-06,0.0015436036319693537,2364442.1172201447,69510.66933434166,4001.0695114331943,66.07290471518094,0.9851169746795346,0.0018200315492808848,-10.053062323558036,65.05238806708921,2.3747571213984315e-06,-1.437362553978779e-06,-857.7738394380303,-1.5416159051287457,-1.926267267709964e-05,-0.0020836798217194847,-0.03018485273073938,-0.81337383657367,-0.9608988319716831,1789623779.946194,Temperature Drift + Humidity Impact,1,0.6,1
0.00917786725120176,1191749.2372418726,2403893.1205637,4071.3510713691903,0.9843113888381146,-10.06085052020289,69.42798155369272,5.536495843975753,590.4411283685426,589.4411283685426,0.007844305580942679,0.0013335616702590813,129850345.90534349,0.008372218042376344,0.0010868544766981557,1.181252653518822e-06,0.0016052934472555605,2365074.7378214626,69794.28885495054,4004.8565892244596,67.2685758279086,0.9849706822583312,0.0017296759123584557,-10.048742285882572,65.18252709065634,-3.7829078265899703e-06,7.695461039837346e-06,-257.25584854533037,-1.1368168926374809,1.818397211884251e-06,-0.0033134622529867237,-0.06109266573092942,-0.7977328622348632,-0.9620258457806876,1789623780.946194,Temperature Drift + Humidity Impact,1,0.6,1
0.006581122479140071,1191900.0475450947,2274790.748658721,4014.638929820298,0.9867083628450471,-9.947297600985205,63.60525856678679,5.766692492724809,566.6239949405723,565.6239949405723,0.006645818577476426,-6.469609833635419e-05,181108929.56680477,0.008297919433473296,0.0011418743825975099,1.3038771056324445e-06,0.0018441756610811386,2360892.194824895,71914.12083900021,4003.3296146600555,66.59251901712385,0.9850839804518878,0.0017469351468947123,-10.046335457897788,65.0169137750279,-1.9652401047679753e-05,1.6489920093145285e-06,-947.8506602252662,-0.5669513170012047,6.910783182585508e-06,-0.0019643099242331874,-0.08569382569642034,-0.8085263500496465,-0.9678209373726543,1789623781.946194,Temperature Drift + Humidity Impact,1,0.6,1
0.008593858204544324,1126825.512348651,2274662.049041594,4069.8532783584014,0.9852305705806041,-9.75023214943417,64.45841587828842,5.831002545634755,558.905172610815,557.905172610815,0.007384714709697926,0.0012091434948463976,131119863.22427334,0.00833867083403093,0.0011334987214817313,1.2848193516007195e-06,0.0018441756610811386,2355100.3588165636,72789.5805024088,4009.566485943708,65.21502891223074,0.9850177896486323,0.001708351482392239,-10.023792146019792,65.00459172622794,-2.4149120974183415e-05,7.702340953137094e-06,-1158.1636924367788,-0.8468679129461015,2.6277524933335707e-05,-0.0019058435002011283,-0.10616493327155642,-0.8037101148957165,-0.9661391100480077,1789623782.946194,Temperature Drift + Humidity Impact,1,0.6,1
0.00829913158589708,1136151.9492366968,2257808.3802632377,4000.2296093849604,0.9876980161049578,-9.999171882965141,63.98915402584139,5.821329513506137,564.419696050992,563.4196960509919,0.006150991947521112,0.0021481396383759687,136900100.62828597,0.008239166074546432,0.0010174757550873038,1.035256912190479e-06,0.0015436036319693537,2347223.124884378,72234.23844905094,4008.311373634407,65.0805629492308,0.9852486712700056,0.001664370886212698,-10.028301085905998,64.9840438274963,-3.330125947953562e-08,-7.434125123377883e-07,-1059.8547969543554,-0.7126451540583842,2.0099936057795554e-05,-0.0003051419314447752,-0.179759284666123,-0.7291714686705372,-0.9659482375929058,1789623783.946194,Temperature Drift + Humidity Impact,1,0.6,1
0.00949604314540505,1161076.9485666219,2380536.8968613506,3991.457639796157,0.9821643916371078,-10.174247441511776,66.99792097659667,5.621363427494547,596.407907007858,595.407907007858,0.00891780418144611,0.0005782389639589405,122269552.77982749,0.008263915991479036,0.0010399738459665837,1.0815456002945277e-06,0.0018441756610811386,2347961.535050429,72476.25246384107,4009.7714229229437,64.27160934300963,0.9851372523630154,0.0017704959995053819,-10.024653380602544,65.00716704624672,1.7949932408496967e-05,7.823460729853022e-07,-603.8078773714033,-1.4017677423128319,-1.1358407058042432e-05,-0.004023728942034972,-0.18428489838364048,-0.7492103835098496,-0.9649534578870113,1789623784.946194,Temperature Drift + Humidity Impact,1,0.6,1
0.00818912937181965,1199174.5337043253,2417692.0218561557,4129.28147709586,0.9843069502477956,-9.837305510965827,69.14883234150015,5.597083157639165,585.4994471233111,584.4994471233111,0.007846524876102212,0.0003426044957174374,146434923.57452708,0.008301793580790242,0.001019106285178796,1.0385776204909257e-06,0.0016052934472555605,2353367.0361183793,72435.88976681836,4008.040332870149,60.32545850237556,0.9850541275307815,0.0017587041682003428,-10.03494049126309,65.06737343031979,7.0423308564763955e-06,3.2346608245524475e-06,-614.2122442487778,1.3292750434420846,-6.544547369203846e-06,0.002150892369961725,-0.11685191845245953,-0.7380817495361375,-0.9638168068606037,1789623785.946194,Temperature Drift + Humidity Impact,1,0.6,1
0.0076742145755066505,1204047.2575802547,2352375.0271689747,3966.701747074842,0.9877175336002453,-10.222678591712592,66.42011767371942,5.6250909819951485,593.0304764918822,592.0304764918822,0.006141233199877361,0.00153298137562929,156895177.4456689,0.008315414500205684,0.0010082943264675122,1.016657448786574e-06,0.0015036526756951095,2353414.3490207177,72434.84006599763,4011.3298457833603,55.550427942419496,0.9850658372491918,0.0017753452526985457,-10.026506982813654,65.11825844855564,-8.431726022068353e-06,4.617812225348324e-06,-645.1175650143011,-0.28807598861664946,4.174737051795872e-05,-0.0035678328279648264,-0.18077303959206636,-0.7251593288741854,-0.9635699682993247,1789623786.946194,Temperature Drift + Humidity Impact,1,0.6,1
0.0066202765164609725,1274529.7147877633,2449763.4002756714,4079.317695923239,0.9866805973886987,-9.819162270744217,66.42518704084708,5.4724601896678475,600.5326338578384,599.5326338578384,0.006659701305650634,-3.942478918966125e-05,192519105.7531678,0.008242999224991937,0.0010610475681285562,1.1258219418315233e-06,0.0016052934472555605,2358485.6952278223,74534.30408547696,4011.1413373810296,55.31088104260326,0.9851341310889618,0.001803092300586519,-10.031270916544537,65.30076890954255,-2.292671459833823e-05,-8.639322097764306e-07,-60.0877465029179,1.0665097685020104,5.572699018132647e-05,0.0016105489137839622,-0.25752186638279434,-0.7329229019416315,-0.9661022451323569,1789623787.946194,Temperature Drift + Humidity Impact,1,0.6,1
0.008604615779576252,1145677.2782042627,2314079.957734882,3983.8693965031953,0.9823527588627567,-10.058296478012451,63.06526397907744,5.758043631793527,580.8624047178967,579.8624047178968,0.008823620568621626,-0.00021900478904537425,133146825.79129447,0.008252208493536065,0.0010631450105459729,1.1302773134487968e-06,0.0016052934472555605,2353563.3153700125,73229.44005685396,4011.282215087247,55.23670459964357,0.9849954658487566,0.001876851584504646,-10.028528662036553,65.19237937482438,-1.8274867223132924e-05,2.01626677136965e-06,316.55072770067704,0.5068299404510117,3.6905372805615595e-05,0.00040526295086619046,-0.2578364084575342,-0.7240576591764624,-0.9631577281003811,1789623788.946194,Temperature Drift + Humidity Impact,1,0.6,1
0.00805019459084653,1197706.2248157877,2391284.827494135,4037.2811057350164,0.98603946929881,-9.86615958455088,64.91672356636167,5.61465007417224,592.3007996885033,591.3007996885034,0.006980265350594983,0.0010699292402515468,148779785.54426983,0.008251972971361425,0.0010631890841793247,1.130371028718071e-06,0.0016052934472555605,2354724.04177569,73587.29626029008,4014.7589674846195,54.01475685178172,0.9850479179370959,0.0018869447346928267,-10.015969034165993,65.23645355217421,-2.2100869423502476e-05,3.944029684285372e-06,751.7828209760642,0.13762050741118262,4.386934014485712e-05,0.0003878382425661009,-0.27045523290673645,-0.725399034410319,-0.9615179402263976,1789623789.946194,Temperature Drift + Humidity Impact,1,0.6,1
0.010993288578195742,1141218.3139683385,2418106.3458119384,3982.905355546748,0.9820318536220471,-10.088202224959218,65.36651403161292,5.56408621808468,607.1212167882397,606.1212167882398,0.008984073188976427,0.0020092153892193147,103810457.24860243,0.008277878042051295,0.0011202459944141846,1.2549510880010256e-06,0.0016052934472555605,2365080.7896664883,62762.57929267939,4012.8726962585947,54.27019958920792,0.9850704086835811,0.0018470900574653472,-10.01311450323745,65.10134813671364,2.4140470727766458e-05,6.348403600975167e-06,-618.5136894880293,-0.003381146426194601,-1.975458330423597e-05,-0.0017148943125160335,-0.23960980392998013,-0.7185913020433707,-0.9442496068172131,1789623790.946194,Temperature Drift + Humidity Impact,1,0.6,1
0.009035552162174871,1172009.7153653814,2358623.5344160027,3954.669748657775,0.9836321612632299,-10.164427785932565,63.4853661521556,5.6213844594404305,596.4147917070763,595.4147917070762,0.008183919368385029,0.0008516327937898426,129710912.4411581,0.008308687100347715,0.0011300258361529882,1.2769583903732604e-06,0.0016052934472555605,2363883.0549735026,62588.423358281514,4011.0767835380666,55.411655149398925,0.9850606972490077,0.0018539753128978679,-10.019629224360303,65.10201769458008,3.10088623098845e-05,6.660905221998586e-06,-443.25800182781614,-0.6736904201562514,-4.498532889845569e-05,-0.0029960848528626056,-0.2552176544027889,-0.730676094656146,-0.9437350432650812,1789623791.946194,Temperature Drift + Humidity Impact,1,0.6,1
0.005823124938263307,1254933.5251566395,2368611.6596154235,4063.804579324511,0.9900026663642714,-9.771689726975259,64.61702090958434,5.611368564035496,582.8556992297932,581.8556992297932,0.004998666817864317,0.0008244581203989904,215508603.79288235,0.008204034853169428,0.0012298143388634207,1.5124433080740727e-06,0.002174287130907949,2361702.7882716823,61425.55547013043,4008.351801192546,50.892270068793586,0.9853010368494702,0.0020762670863459943,-10.028409479670723,65.07541253614403,9.37265175667924e-06,-5.401220788780995e-06,192.7433782795387,1.0215512390400947,-1.0032361412827434e-05,0.0039670462321469485,-0.3927932850874631,-0.7798977099731375,-0.9419082422457347,1789623792.946194,Temperature Drift + Humidity Impact,1,0.6,1
0.011843633400503484,1167700.2062379122,2502194.706141974,4054.354554357043,0.9822228118920511,-9.997156133881345,67.6777715771332,5.389836818770424,617.1622813433944,616.1622813433944,0.008888594053974463,0.0029550393465290203,98593072.47624467,0.008408246605037785,0.001383718710338764,1.9146774693415724e-06,0.0016476352849804999,2369730.305502115,65979.04661850975,4007.3755333850127,49.753598555054246,0.985039181486853,0.0020347507057410226,-10.039548149581735,65.199351525249,2.8311993546014053e-05,1.2508868990640337e-05,887.6317220232163,2.1502865210099955,-3.765154555093272e-06,0.007352739590464799,-0.2613670345646283,-0.7752537192795801,-0.9500411647972302,1789623793.946194,Temperature Drift + Humidity Impact,1,0.6,1
0.009000435947433943,1167580.0119200677,2328022.340050832,4138.9351223886215,0.9872076810949474,-9.654831580537017,67.05426333305701,5.641036095300039,562.4689131892713,561.4689131892715,0.006396159452526307,0.0026042764949076366,129724828.74598414,0.008413350280560452,0.0013856568546161989,1.9200449187448574e-06,0.0016476352849804999,2370471.1235118173,65400.07243396432,4011.8764296791633,55.9730555595456,0.9851393133590592,0.0020769680060530155,-10.029539436343487,65.3747583508382,3.842433124988902e-05,9.778000693511304e-06,-99.6490390809106,3.555054543695533,1.2903792933617917e-05,0.01224895683945534,-0.2106430457771612,-0.7386007570294647,-0.946199089475185,1789623794.946194,Temperature Drift + Humidity Impact,1,0.6,1
0.008965761253476244,1225247.3707647624,2476469.297802282,4129.970078059563,0.9832403979114847,-9.538686707503059,60.62297864849569,5.435115028949123,599.6337142873039,598.6337142873039,0.008379801044257673,0.0005859602092185712,136658487.34146297,0.008469077778541653,0.0013787202314786016,1.9008694766884088e-06,0.0015459945134200489,2370407.159669073,65295.505186514034,4016.484030015845,60.57441798581029,0.9849942447993214,0.0020778774972602687,-10.002395192399248,65.04826406951271,3.511574469527691e-05,1.1609639341687041e-05,1954.7683502680186,4.674186159148229,1.2653328107008904e-05,0.014902371408018835,-0.1781818820770228,-0.7335331422045719,-0.9456589812540209,1789623795.946194,Temperature Drift + Humidity Impact,1,0.6,1
0.010197118430724286,1186767.5695258526,2419607.2483490054,4092.2642054475905,0.9818204606601528,-9.67100708390796,64.53302481187875,5.464760189892128,591.2636933676088,590.2636933676089,0.009089769669923586,0.0011073487608006995,116382640.6046319,0.00852737760102829,0.001419150380115152,2.01398780138098e-06,0.001553227497684652,2366654.8656247715,59398.68788642679,4019.527196131725,62.36746810917109,0.9848903375752235,0.0021671221934818894,-9.99156577393382,65.12350597508289,5.377234007712995e-05,1.2948362056704704e-05,3838.9974128804683,5.370705696173356,-2.240417623708396e-05,0.018567865031878725,-0.08978927089276886,-0.7506226736101904,-0.9389916343744453,1789623796.946194,Temperature Drift + Humidity Impact,1,0.6,1
0.009778393840858343,1145421.3108926672,2323071.789901073,4048.392677255351,0.9849723856172147,-9.914264450198877,66.22027479299834,5.655322782439756,573.8257069163615,572.8257069163615,0.007513807191392663,0.00226458664946568,117137980.89279278,0.008549415671734971,0.0014340502709130714,2.056500179505853e-06,0.001578561467396722,2364548.1585633312,59970.360084721615,4022.848479723573,61.60063257684493,0.9849780610900732,0.0021238486045958606,-9.976829415937694,65.08467348254503,7.232082701257596e-05,8.98618690325819e-06,3527.538106630903,5.095490204434998,-4.275720798818217e-05,0.016370339450827092,-0.051052608217477334,-0.7378362964473986,-0.9434925049963269,1789623797.946194,Temperature Drift + Humidity Impact,1,0.6,1
0.007487018022731645,1257941.2725061586,2430856.3466531313,4063.7902841458713,0.9854006650931573,-9.920350867761343,67.07082482966757,5.451920851980221,598.1746538783434,597.1746538783433,0.007299667453421366,0.00018735056931027966,168016327.5534894,0.008463010450113627,0.0014303779807172767,2.045981167720834e-06,0.001733191066195054,2368452.7743363264,60974.285155110476,4028.2236995420403,59.02171329619761,0.9850746965471261,0.0020855721652987373,-9.963368502981753,65.220641492605,7.349140839861734e-05,-6.406213031711923e-06,3826.541626647551,4.539027642554598,-5.878907219212018e-05,0.014091237138309917,-0.012245932491449832,-0.7271886849555746,-0.9438629268652019,1789623798.946194,Temperature Drift + Humidity Impact,1,0.6,1
0.006857044821422363,1171280.0563022778,2273786.19035456,4157.749483229951,0.9887512026502394,-9.550111445230769,66.50476835005541,5.817797390696557,546.8790747315943,545.8790747315943,0.005624398674880293,0.0012326461465420697,170814116.98564896,0.008461935836889443,0.0014315735143163486,2.049402726892061e-06,0.001733191066195054,2367001.275949334,62752.70672510098,4037.116667393391,61.08267425055741,0.9851692102591387,0.0021936995803971833,-9.935980781154173,65.30628041542785,4.287610730675402e-05,-1.213165951256879e-05,2368.9049929772004,4.806666135253734,-1.171545975077976e-05,0.015191557792011227,-0.16748640442615628,-0.7395179978693426,-0.9532186774423819,1789623799.946194,Temperature Drift + Humidity Impact,1,0.6,1
0.008735603695148012,1206064.3828413722,2408904.404685472,4052.2577712899324,0.983449862922427,-9.812740505565872,64.85615359590852,5.523805543064797,594.4598149092226,593.4598149092226,0.008275068538786512,0.0004605351563614999,138063083.5521136,0.00855790614407217,0.0013647208166357209,1.8624629073588688e-06,0.0015459945134200489,2370314.8089693114,62690.74871785376,4038.3961147572136,61.051420622739684,0.985036239747041,0.002193137651045073,-9.931407587437363,65.36205263409502,2.414637393912177e-05,-6.0969670913332e-06,2346.3511367545366,4.7779793692315335,-1.1537203586167764e-05,0.016418264662583584,-0.16817517156572231,-0.7323764630482679,-0.9555974190652374,1789623800.946194,Temperature Drift + Humidity Impact,1,0.6,1
0.00892310170935077,1158913.157975563,2338126.693235916,4016.246296023537,0.9855516189213166,-10.095805733713389,67.1502963444109,5.680084181702463,582.1671583117007,581.1671583117007,0.007224190539341702,0.0016989111700090685,129877837.96760999,0.008634687007634449,0.0013286328096421825,1.76526514285768e-06,0.0011700144980801696,2370482.816942935,62598.56516684396,4040.4085719469813,59.43757442622149,0.9850688550284643,0.0021944961970594887,-9.92952915471961,65.43731271655845,1.197414968852524e-05,-4.234789996950426e-07,1685.3469177064683,3.848907019218996,-9.779885975157272e-06,0.012787153670145207,-0.23473393497166095,-0.756477344458218,-0.9556532355836387,1789623801.946194,Temperature Drift + Humidity Impact,1,0.6,1
0.009728650562589562,1182925.9880911284,2397828.7868009335,3948.618623649086,0.9831528449073683,-10.224564649339682,65.5281113190833,5.520011707198376,607.257629906278,606.257629906278,0.008423577546315841,0.0013050730162737206,121591990.6343371,0.008685126639804037,0.0013451673920620191,1.8094753126669339e-06,0.0012025814520568428,2371556.9073900734,62827.772707836375,4041.0247768013814,58.39374976170614,0.9850284633442977,0.002219949688248802,-9.928795140945025,65.54453363635339,2.0402002318341407e-05,2.8858500984844162e-06,1942.7083416525725,1.9296644921978907,-3.652831341613342e-05,0.006929890714574226,-0.29075263751713504,-0.7680334770571446,-0.9547337205864586,1789623802.946194,Temperature Drift + Humidity Impact,1,0.6,1
0.006334845798914799,1257509.1748283764,2403133.2086573723,3861.3061083706116,0.986327692854535,-10.509110702934358,64.38997848535982,5.556216358909786,622.3627811967083,621.3627811967084,0.006836153572732484,-0.0005013077738176847,198506674.78659007,0.008569712108203563,0.0014162115204693307,2.0056550707100537e-06,0.001578561467396722,2372730.794328464,63131.88389808322,4036.101489146171,67.44802161583603,0.9850091892570554,0.00220645302263269,-9.946902870075695,65.53279543509187,4.057926739821168e-06,-9.446951459926926e-06,2256.473169887567,-0.2956418330526797,-6.7246087163643265e-06,0.00029690834360084095,-0.06554833360434106,-0.785966781008813,-0.9570955259147207,1789623803.946194,Temperature Drift + Humidity Impact,1,0.6,1
0.009808096730156018,1168536.263533864,2385644.8430827777,3976.354169794888,0.9829832551761226,-10.131587497765084,65.639410124939,5.566063819504778,599.9578360510669,598.9578360510669,0.008508372411938692,0.0012997243182173261,119139961.16505225,0.00859192493569367,0.001431028464540443,2.047842466324978e-06,0.0018218285698983995,2373994.9530190844,63061.35941586523,4035.42404034409,67.95774246448259,0.984958304014188,0.0022376981990618085,-9.951197565091638,65.56686451636209,2.231980875099576e-05,-8.57507129135718e-06,2188.780588661572,-1.2752665431341013,-3.2963568786711275e-05,-0.002181045357978802,-0.08556643590132709,-0.7915226446683551,-0.9606349429842622,1789623804.946194,Temperature Drift + Humidity Impact,1,0.6,1
0.006251284219716619,1185372.2204956922,2249253.2605806114,4032.2375563941328,0.9862819048187077,-9.884193633109918,64.43587609724779,5.82016757543899,557.8176456924894,556.8176456924894,0.00685904759064615,-0.0006077633709295309,189620592.95864603,0.008474861614434264,0.0014965124348658644,2.2395494677081584e-06,0.0020090251226734046,2367809.3586197617,67269.13891004954,4033.8594997450873,67.56169816138733,0.985037124653412,0.002248203133772492,-9.944131289607919,65.36718029810429,6.57331760475006e-06,-2.1281340319113488e-05,1336.3004877525868,-0.9454099308826961,-2.7214866967265435e-05,-0.0026590770754139183,-0.09061228355741205,-0.782934630545485,-0.964477618067373,1789623805.946194,Temperature Drift + Humidity Impact,1,0.6,1
0.007609194081678887,1188132.7955656871,2353953.9069394725,4014.8193583395546,0.9847243168803934,-9.946649230147054,64.42783682905674,5.688613450114284,586.3162690121676,585.3162690121676,0.007637841559803293,-2.8647478124406087e-05,156144367.3025013,0.008515984478535818,0.0014575265597391778,2.1243836723451227e-06,0.0018868490637261627,2370975.884950991,64627.32108311774,4033.8667168858574,67.55965418371859,0.9849577628148256,0.00222268114979812,-9.944105354774392,65.4000834285951,-2.0354850973626108e-05,-1.664234217553952e-05,278.2179110933672,-1.313370781566276,-1.338994141723645e-05,-0.002713982717240339,-0.09350307179488287,-0.7696788937521464,-0.9607412243438724,1789623806.946194,Temperature Drift + Humidity Impact,1,0.6,1
0.007283302251710174,1229604.6179889382,2401323.4114573165,4058.725382705033,0.9871091029142389,-9.789732708075954,60.26529946237106,5.5688626134819925,591.6447123251531,590.6447123251531,0.006445448542880539,0.0008378537088296351,168825153.1371251,0.00846356224042245,0.0014772180703949852,2.1821732275014833e-06,0.0020090251226734046,2376042.33944762,61780.30725330506,4033.4216010597224,67.35744629744109,0.9850329041081711,0.002262038656953776,-9.945685377120064,65.2323587719584,-3.095471888423927e-05,-1.9228569536354343e-05,-404.78943409606387,-0.7240405592792174,9.196660235131642e-06,0.0006497276133782434,-0.11776783294963367,-0.7770262439164372,-0.957641429583961,1789623807.946194,Temperature Drift + Humidity Impact,1,0.6,1
0.00909216125850402,1181084.1644533353,2390357.567594209,3892.3139550310266,0.9819220313062711,-10.396800883819758,65.04272618258682,5.582904984099561,614.1224976224086,613.1224976224086,0.009038984346864454,5.3176911639566185e-05,129901365.67899646,0.008495283427326727,0.0014818538946934972,2.195890965218286e-06,0.0020090251226734046,2381344.3069408587,56900.982162985594,4029.104974885566,72.60012870816506,0.9848018647162236,0.0022729777804213537,-9.96159053715425,65.2745016582282,-2.679657295489386e-05,-1.3373803079944263e-05,-1454.9884584329102,-2.358492593214807,7.132031262383145e-06,-0.004049280583838929,-0.1405762570758699,-0.7867102342326815,-0.9501773578396568,1789623808.946194,Temperature Drift + Humidity Impact,1,0.6,1
0.007020434961895651,1216641.960001892,2351745.302860844,3975.650156781895,0.9872750090206285,-10.088091895992624,64.95632968611709,5.638217849454743,591.5372857566706,590.5372857566705,0.00636249548968576,0.0006579394722098907,173300082.77341488,0.00839625909998635,0.0014943331178553598,2.2330314671193206e-06,0.0018088590067938462,2380192.6431808383,57196.270918268354,4028.4726755649945,72.99303196592008,0.9850062894115643,0.0022563345661754082,-9.958144315333483,65.19283800660902,-3.040296160885904e-05,-2.017810839960609e-05,-1736.2841353512083,-3.228395034296621,3.586324819577256e-06,-0.007343554478229973,-0.0951240526291898,-0.7918498378804263,-0.951578317455412,1789623809.946194,Temperature Drift + Humidity Impact,1,0.6,1
0.007508733737194295,1186506.5391138585,2325819.0142621985,3906.8079309983004,0.9859380025427883,-10.36847335067169,65.39377111756369,5.703411703829621,595.3246372334168,594.3246372334166,0.007030998728605853,0.0004777350085884424,158016861.51641423,0.008369043274601338,0.0015040221766251596,2.262082707780283e-06,0.0018088590067938462,2376517.7228770806,57618.746016785735,4019.5737337210926,73.71829741531108,0.985071531503364,0.0022587495894171457,-9.979391028921716,65.04263555765155,-4.066680070091428e-05,-1.9374334895270594e-05,-1863.2007693854855,-3.3433661996036106,5.193362085493216e-06,-0.009922819068444562,-0.0503316456006827,-0.7968268274609656,-0.962117395590751,1789623810.946194,Temperature Drift + Humidity Impact,1,0.6,1
0.008612482270667486,1277589.3391206122,2547413.929453156,4032.7908815691603,0.9840798007344923,-9.882214025738648,64.30303496254368,5.284941732650872,631.6751858112603,630.6751858112605,0.007960099632753848,0.0006523826379136385,148341592.93097696,0.008406573982407772,0.0014979096029803115,2.2437331787006344e-06,0.0018088590067938462,2384319.278968448,66362.34897697378,4022.2172991008656,72.95593722862988,0.984926022188734,0.002200014740836323,-9.96577244628276,64.95795224920454,-4.5367958497404386e-05,-1.1591910991348573e-05,-527.1242811489209,-3.750081624391647,2.2498945187794982e-05,-0.011458676205432667,-0.06859661491600655,-0.8003957986570008,-0.9716888323708716,1789623811.946194,Temperature Drift + Humidity Impact,1,0.6,1
0.009069971716417874,1161590.1854720458,2352144.018833146,3959.5415946548937,0.9848503719231612,-10.342986770328302,67.74018781769531,5.657057061436714,594.0445282879152,593.0445282879152,0.00757481403841942,0.0014951576779984547,128069879.57519323,0.008504561790406047,0.0014574296157447875,2.124101084849999e-06,0.0016051432357723746,2380414.5037107463,65259.533142465,4017.4262550501317,72.98168412850417,0.9848528131701125,0.0021706664535813868,-9.986725426266123,65.01055228027847,-5.71072617660099e-05,2.82600380381891e-06,-169.68546932562148,-3.7576226202845704,3.934638704369224e-05,-0.013474552825852245,-0.06129607085833879,-0.7924877067645251,-0.9708818694530786,1789623812.946194,Temperature Drift + Humidity Impact,1,0.6,1
0.009237322193037892,1144398.5419346753,2313358.6969535393,4100.779985252066,0.9851477346764614,-9.850704932227858,67.92812571303135,5.707007932967665,564.1265089259214,563.1265089259215,0.00742613266176928,0.001811189531268612,123888559.69505976,0.008529870046944513,0.0014644240018784295,2.1445376572776346e-06,0.0017503041703062468,2380385.6532794926,65289.00522160326,4022.102678600086,74.41322828862954,0.9849646122026607,0.0021101568935110106,-9.97842176443474,65.20506674963661,-4.934277969616773e-05,1.0413760061746885e-05,-1452.0076068431053,-3.323772157736079,1.7068196336431898e-05,-0.012934689552193082,-0.049939422725740194,-0.8061993613817123,-0.9725275326798033,1789623813.946194,Temperature Drift + Humidity Impact,1,0.6,1
0.009353594962814068,1175655.502878588,2384206.0786742405,3994.227211523483,0.9850532019949374,-10.020835972094455,64.35161938110164,5.579857440676684,596.9129827656583,595.9129827656584,0.0074733990025313,0.0018801959602827677,125690230.07223386,0.008582006061823215,0.0014696111257689437,2.159756860983862e-06,0.0018665769400824225,2380102.5033266973,65256.46462225944,4020.3805228316255,74.54011674543305,0.9849251615105058,0.0020988823152065152,-9.984608819936481,65.18246258222622,-4.6535919649120895e-05,2.0082877409703007e-05,-1307.7503995143973,-3.429299890170808,2.8634519226632746e-05,-0.012203583516367248,-0.04706237180433927,-0.7993700446080465,-0.975269585663701,1789623814.946194,Temperature Drift + Humidity Impact,1,0.6,1
0.01044269723002703,1093321.8782098503,2269791.5988316745,3959.8187787520455,0.9797853643437892,-10.145655931744592,62.99996402847728,5.798396671564584,573.205928263972,572.2059282639722,0.010107317828105422,0.00033537940192160734,104697268.73494928,0.008559982407896466,0.00143707597211779,2.0651873496382913e-06,0.0018665769400824225,2374169.9134474867,68206.88159266603,4019.457059759837,75.13926861299004,0.9848353019393755,0.002262539194282785,-9.986906968207897,65.08780058210078,-5.247483701975784e-06,2.04566018298769e-05,-1945.966477692962,-4.363083046831081,-4.7742841196877045e-05,-0.014726106290977162,-0.05346402406094851,-0.7907719934313387,-0.9802156673055937,1789623815.946194,Temperature Drift + Humidity Impact,1,0.6,1
0.009060294800221042,1167937.7646433266,2370860.771881813,3967.1245572379376,0.9848275376411938,-10.119063049901042,62.442287112616384,5.634293825929638,597.6270060783007,596.6270060783007,0.007586231179403102,0.0014740636208179399,128907258.58222987,0.008560972113418313,0.0014374116341780581,2.0661522060704357e-06,0.0018665769400824225,2374659.4029461187,68137.43110290509,4019.9552521030437,74.74833307639048,0.9848831169944942,0.002249199377129341,-9.985092378766636,65.04607742051923,4.1264820776505055e-06,2.0606380219636258e-05,-2131.9761901524776,-5.494025411900002,-5.984591840308682e-05,-0.017721216760775947,-0.05169050133416155,-0.788259784230502,-0.9792634516525672,1789623816.946194,Temperature Drift + Humidity Impact,1,0.6,1
0.00882221645008726,1159210.783269287,2372119.685051283,3983.459864116639,0.9842494415599417,-10.05977961075207,64.84868879043734,5.68786960248254,595.4923021616329,594.4923021616329,0.007875279220029174,0.0009469372300580856,131396774.24915384,0.008680935773891271,0.001324635264589411,1.754658584193859e-06,0.0018448612256197726,2374799.723963553,68128.44359016915,4016.7414634947286,74.5208081970411,0.984652988002321,0.0019933912905676808,-9.996615974117708,65.05534413575334,-2.0840503489263116e-05,3.300451270067632e-05,-2215.8971732579193,-5.392412644175214,-1.4499736408874347e-05,-0.016276610845804635,0.01509229065306681,-0.7448606507950442,-0.9712978759342362,1789623817.946194,Temperature Drift + Humidity Impact,1,0.6,1
0.0070259262792319015,1242896.8330677364,2419320.6045830697,4230.775164669646,0.985423853172607,-9.45604676154889,68.7113967562612,5.545314116283711,571.8386135917433,570.8386135917432,0.0072880734136965275,-0.00026214713446462597,176901490.8029485,0.008488227489040408,0.0011945618892066927,1.4269781071450628e-06,0.0017503041703062468,2371484.759901197,63722.844666257886,4023.7982879072324,85.31927864748953,0.9847810296535431,0.0019351364965337029,-9.97497159922441,65.09668914291846,-4.490537943073619e-06,1.5609076552396593e-05,-530.9853765243328,-3.0405860323989846,-3.1685819016623854e-05,-0.011292142788959602,-0.08133312074431724,-0.7292385188791479,-0.9678260917079593,1789623818.946194,Temperature Drift + Humidity Impact,1,0.6,1
0.0091687612387708,1206755.9913559398,2445789.3743995572,3974.545182551637,0.9850908577007534,-10.159608942865532,65.93803488552024,5.482993960136553,615.3633339323051,614.363333932305,0.007454571149623279,0.00171419008914752,131616034.04537147,0.008494960500693882,0.0011978996288863379,1.4349635208860262e-06,0.0017503041703062468,2376195.4412751463,64681.513318823796,4017.222690313753,82.47979106743408,0.9846963567177753,0.001872398996527169,-9.99516269371755,65.05204000501699,6.913396638373053e-06,1.6142562765519758e-05,-279.7208258123542,-2.3438617370213635,-4.559353397562458e-06,-0.009795087312619098,-0.11865558559043309,-0.7697247819962244,-0.9720549348417399,1789623819.946194,Temperature Drift + Humidity Impact,1,0.6,1
0.005692138681861265,1263270.9986528503,2395819.910356662,3927.2140465479233,0.9882487916713638,-10.412806809525643,67.0604426192321,5.594374498688099,610.0558517971847,609.0558517971846,0.005875604164318093,-0.00018346548245682867,221932575.65533787,0.008364015597829283,0.0013127007371339274,1.7231832252719563e-06,0.0019540199413277184,2372969.4657773213,61534.560912197005,4009.1124490532875,80.94889265201239,0.9848966924681706,0.0019712287313916727,-10.030127497798453,65.30953856384646,-1.4250797238412086e-05,3.84534512642987e-06,904.1666848268403,-2.047236878940158,1.3672765803424222e-05,-0.00908550390408733,-0.01254503040868023,-0.8003735169262169,-0.9692336613501035,1789623820.946194,Temperature Drift + Humidity Impact,1,0.6,1
0.009650173405997765,1204387.0624247089,2484324.781807456,4043.369393613105,0.9804636250051989,-9.844419888243035,63.48408328663386,5.449080110786465,614.4194457552379,613.4194457552378,0.009768187497400549,-0.00011801409140278427,124804706.79171005,0.008342137796840222,0.0012862589255502337,1.6544620235576418e-06,0.0019540199413277184,2375558.167115659,64720.92210279819,4007.1566565799085,79.49384280403592,0.9848424190419724,0.002071316611833316,-10.037064009971859,65.26758090283666,1.5952457012093166e-05,1.6493421432510584e-06,2398.439735437232,-0.8995013652142024,-5.8010175011875125e-05,-0.0037800756769785036,-0.06482392158403463,-0.7787422516422801,-0.9718198271821439,1789623821.946194,Temperature Drift + Humidity Impact,1,0.6,1
0.007641256045741324,1151634.424592533,2233982.7968853973,3874.173652261284,0.9838252928799568,-10.545040882749403,66.16686737279505,5.820971452230804,576.6346574530706,575.6346574530706,0.008087353560021604,-0.00044609751428028015,150712712.3732975,0.00825665228503554,0.0012586859826942257,1.5842904030309286e-06,0.0018854589870606255,2371994.607395032,69768.54181121284,4000.1878955801453,83.12683210215235,0.9847965353324821,0.0020806136989866973,-10.062295067273878,65.26544460602852,2.3845339749823008e-05,-8.532726473718876e-06,566.7263919351028,-1.7146765829393835,-6.609936613959554e-05,-0.007241097366426034,-0.04736080247510675,-0.7857058036928811,-0.9753905594210056,1789623822.946194,Temperature Drift + Humidity Impact,1,0.6,1
0.008296170365267643,1231294.3073990154,2463699.6610136945,3970.5665505360835,0.9862282178475168,-10.117289653044335,65.14892153107867,5.472880532854572,620.4907107478301,619.4907107478301,0.0068858910762416015,0.0014102792890260413,148417191.6905051,0.008289018378736981,0.0012488441977474873,1.559611830247565e-06,0.0018854589870606255,2373308.339969455,71159.8765711014,3996.458946235754,82.27667690278055,0.9848296374426565,0.002096484509114728,-10.070172618685199,65.18856847408497,1.651377940584961e-05,-7.35528356322583e-06,2001.8519717652805,-1.3520804976888545,-4.6842537624830054e-05,-0.0063292977014895,-0.03455353411349526,-0.7783441978394714,-0.979217661536708,1789623823.946194,Temperature Drift + Humidity Impact,1,0.6,1
0.00815014462703402,1165498.2110425613,2314790.207110608,4046.837804722979,0.9852256149631093,-10.051675233678791,68.06794893820252,5.723995072326552,571.9997486454894,570.9997486454894,0.007387192518445329,0.0007629521085886909,143003377.77769062,0.008340742370961447,0.0012147781545938663,1.4756859648784795e-06,0.001660027501576504,2374948.5006396966,69295.21232352797,3992.0224790954753,76.227980452205,0.9846886139351712,0.0019407433235927246,-10.090235170223117,65.25109569761085,9.121322785222545e-07,-3.1996278741165885e-06,466.4630953808218,0.7258604890582648,-3.97170843712696e-06,-0.0009579408745783747,0.06291916900561673,-0.7669453758924643,-0.9787616014018977,1789623824.946194,Temperature Drift + Humidity Impact,1,0.6,1
0.009818520994170358,1084142.2756044886,2227753.1418447313,4003.3903293439516,0.984139631084274,-9.987777150875333,64.21763809854276,5.890068568786793,556.4666341714924,555.4666341714925,0.007930184457862977,0.0018883365363073813,110418083.97091441,0.00838405906292234,0.001246966798608142,1.5549261968310387e-06,0.001728588455843597,2367702.4501260673,74631.49477375661,3990.067781417636,75.27895897626908,0.9847162046616452,0.0019277962869148158,-10.097236636035497,65.22555507771622,1.8501778965393238e-05,4.768964655357095e-08,-552.7042530380301,1.433147413296465,-2.1426752572850905e-05,0.0027627721044352033,0.06918486658363544,-0.7580230837616603,-0.9823747196613691,1789623825.946194,Temperature Drift + Humidity Impact,1,0.6,1
0.00931345879376569,1181165.830406196,2415683.0281441147,3965.377024765292,0.9839084974763207,-10.125419572989761,62.42260559177121,5.56311299229158,609.1937823458533,608.1937823458534,0.008045751261839651,0.0012677075319260395,126823541.77557033,0.008399673346298937,0.001256029882760199,1.5776110663865992e-06,0.0018047250565713952,2370804.7035223953,74948.865601042,3988.0330105673056,75.23133739088523,0.9846504798038452,0.0019262029289221399,-10.098421189606551,65.03644744761063,3.247127986823153e-05,-9.061505505687272e-07,-405.56417869602615,1.4670178825646074,-2.052836860989961e-05,0.002516930940386161,0.06520491508425008,-0.7726083143867641,-0.9819453557690099,1789623826.946194,Temperature Drift + Humidity Impact,1,0.6,1
0.009235016883991866,1208787.7641882095,2451149.166500453,3994.331487118908,0.9838051221173981,-10.020459338736448,60.273430423531224,5.469867291928553,613.656922167082,612.6569221670821,0.008097438941300938,0.0011375779426909278,130891776.30888176,0.00837992799915503,0.001238743687384358,1.5344859230345964e-06,0.001728588455843597,2372937.518710376,76431.54336021523,3989.8615251060987,74.80546595424633,0.9846765708922466,0.0019100905088214697,-10.090256977182424,64.82626021178855,5.347191545599556e-05,-6.965758744387232e-06,606.3178508098911,1.1310137969356566,-4.3308019295719576e-05,0.0019751441972404543,0.09787033007319262,-0.7680710890655775,-0.9857505331027233,1789623827.946194,Temperature Drift + Humidity Impact,1,0.6,1
0.006513043890532668,1207012.365072148,2289278.7248872602,3966.3426976949977,0.9870739962397186,-10.174578709062004,65.73152419413965,5.718100222315162,577.1762299353641,576.1762299353641,0.006463001880140706,5.004201039196174e-05,185322314.01459706,0.008387055922819745,0.0012274163590690478,1.5065509185103178e-06,0.001728588455843597,2368383.3393595717,77875.03344826058,3994.0629886790744,70.27994766152861,0.9847064230276539,0.001941239909026056,-10.076875697427528,64.87992204013975,1.5788317066309926e-05,-9.622975420371548e-06,136.03973037417154,-0.3716372388293848,-4.666719542321802e-06,-0.002991747508398099,0.004889290612444051,-0.7812604708412486,-0.9838548251143829,1789623828.946194,Temperature Drift + Humidity Impact,1,0.6,1
0.008613061871162075,1205395.6789618311,2395432.717667908,4143.242468340551,0.9874335340451014,-9.49239748681996,64.62894159507591,5.5371134553765335,578.154123484674,577.154123484674,0.006283232977449316,0.002329828893712759,139949729.49140084,0.008339254528459987,0.0011939576264300288,1.425534813710428e-06,0.001726283146797571,2368774.8543429766,77985.35711804315,4000.7385206209005,75.9759495632183,0.984884434182413,0.0019787464454684785,-10.051308096989723,64.83950329894522,3.208493389360186e-05,-1.655418506672069e-05,558.3413366062634,0.8283159230500692,3.274934411113219e-06,0.0018563179707577503,0.03611109388822611,-0.7324348734394063,-0.9830129110937214,1789623829.946194,Temperature Drift + Humidity Impact,1,0.6,1
0.009257845984330368,1237508.0334588226,2528135.173050581,3995.581459644994,0.9825833166316343,-10.015945324149913,62.71163449902052,5.3660846016562065,632.7327320402585,631.7327320402585,0.00870834168418283,0.000549504300147538,133671270.35310398,0.008459516999044537,0.0011271376854597205,1.2704393619834958e-06,0.0016281281113590049,2379930.1308417753,80010.54757460297,3999.272276750935,75.70714155135639,0.98473649065493,0.0020067981762643336,-10.056578164631325,64.77053363501612,1.9684536552664003e-05,-7.43556329267073e-06,834.1437255143438,1.095702641004784,-3.991444310049463e-06,0.0038538882050002245,0.09438636027496149,-0.7429251811608861,-0.9836673068379463,1789623830.946194,Temperature Drift + Humidity Impact,1,0.6,1
0.0072048428816175285,1203534.617196298,2336018.895386447,4061.967999044454,0.9862677536647178,-10.102408704968669,69.54520879215235,5.668807154554941,575.09534687028,574.09534687028,0.006866123167641125,0.0003387197139764035,167045227.352147,0.008443342951042081,0.0011420263067199769,1.3042240852404707e-06,0.001728588455843597,2379212.7303796546,80320.04952316938,4001.1582223791315,76.65230697691958,0.984798228126303,0.0020290914550755556,-10.062808543624188,64.97522851353996,-4.0029985878026035e-07,-9.929878881984375e-06,169.0470053652083,1.8299032011388365,1.002155341954828e-05,0.004530126408267429,0.11413218377862058,-0.7580951460477326,-0.9850580282816983,1789623831.946194,Temperature Drift + Humidity Impact,1,0.6,1
0.008145881102666197,1180229.020549858,2312524.1236697203,3911.552330394898,0.9860353657080442,-10.334218339083094,65.16130490854113,5.6698091779416755,591.2036778084611,590.2036778084611,0.006982317145977912,0.0011635639566882853,144886600.43952295,0.008477846105080324,0.0011192609984660385,1.2527451826871937e-06,0.0015960661472965683,2375660.7588681504,81222.12368359753,3995.271300286726,77.65004720136326,0.9847552786380552,0.001990724028826052,-10.084587968864474,65.17106873138675,-1.4746508529415208e-05,-5.864510936830891e-06,-225.43332271910165,1.5784434937741603,4.455003282267248e-05,0.0047555635748983355,0.1762625611418466,-0.7462392541619673,-0.9827659072374062,1789623832.946194,Temperature Drift + Humidity Impact,1,0.6,1
0.008384109390065776,1127793.7970768264,2227321.2101800498,4005.9894600901293,0.9848246681058869,-9.978413746296354,62.42531777083533,5.845817572741839,555.9977709302156,554.9977709302156,0.0075876659470565655,0.00079644344300921,134515634.8285645,0.008449524030342794,0.001112294556909448,1.237199181330385e-06,0.0015960661472965683,2369139.3045715843,86174.52657405072,3999.8183204890897,74.76256414778747,0.9848713841100399,0.0019048891454696315,-10.067852483363538,65.0663723949167,-9.468618979927923e-06,-7.4311303554645645e-06,-1447.7533771948301,0.6478069009408886,1.6858077669431508e-05,0.0026135041721281438,0.21151522936221429,-0.7504618372551042,-0.9843647791822888,1789623833.946194,Temperature Drift + Humidity Impact,1,0.6,1
0.007921064849836212,1196779.3140756583,2361552.2654153556,3959.5709206152105,0.9859663291260996,-10.146558990486607,64.7270353846797,5.629410166321951,596.416205887388,595.416205887388,0.007016835436950197,0.0009042294128860148,151088185.3341227,0.008485549225860416,0.0010795278172490807,1.1653803082145647e-06,0.0013162573432016801,2369531.5830737646,86116.75575951695,3999.1751510424224,75.03637420211692,0.9848190369142586,0.001855457383697493,-10.070191167143298,65.0572006228592,-2.8637594407537026e-05,-2.109555262580041e-06,-1691.727601898189,0.03461080349466381,5.100151153894676e-05,0.001684588441624331,0.2197672269666114,-0.7358579816721136,-0.9844653222043,1789623834.946194,Temperature Drift + Humidity Impact,1,0.6,1
0.010759674135442824,1135076.7382413016,2362378.233595439,4137.126370598466,0.9817098582270763,-9.623445733599148,66.5270642104118,5.608159694384085,571.0191137462652,570.0191137462652,0.009145070886461826,0.0016146032489809982,105493598.03586529,0.008615586841790358,0.001147680073399041,1.3171695508772283e-06,0.0011119648816641705,2370993.951847094,85671.3042364899,4008.387888626429,77.23688461571426,0.9846499111416303,0.0019366762499164103,-10.040390062460396,65.10253234657313,-1.7413827051899084e-05,1.267917195091364e-05,-2194.8842082753204,0.38433447587845176,3.349105686563692e-05,0.0028255706082863903,0.2880527195331777,-0.760813913839074,-0.9838603000936764,1789623835.946194,Temperature Drift + Humidity Impact,1,0.6,1
0.005843908347418866,1231086.048156721,2344394.3295631246,4146.534082317199,0.9876603796678244,-9.480940494267305,63.414922131834885,5.692806002833364,565.3864849587856,564.3864849587854,0.006169810166087808,-0.00032590181866894163,210661422.96712548,0.008504843884860414,0.00126972171355759,1.6121932298796229e-06,0.0013367811344941558,2362873.1678514928,77826.5153605316,4012.937616656351,81.75812443214615,0.9847931342989635,0.0020198311362658343,-10.024339121201542,65.06700783334477,-4.302959732655695e-05,4.899341541182545e-06,-676.2194071436544,1.9035600393744052,5.5578893036050554e-05,0.00957148083574778,0.06560557571330884,-0.7833591915850391,-0.9806112363724496,1789623836.946194,Temperature Drift + Humidity Impact,1,0.6,1
0.008511560016622033,1266623.8165342421,2536899.5697167674,4001.625540063917,0.986302559254197,-9.994138294501541,64.65102000852605,5.331206623974447,633.9672576350675,632.9672576350675,0.006848720372901518,0.0016628396437205154,148812181.79284185,0.00848250741686858,0.0012644846134667962,1.598921337694273e-06,0.0013367811344941558,2370263.3898868375,84906.73746960255,4014.620974472712,81.07176039518637,0.984851221792205,0.0020414081326751324,-10.010385182168472,64.94344112097801,-3.731632394856736e-05,6.6226741639582515e-06,822.8866583523312,1.2651806508142895,7.008442271095188e-05,0.006663781206326337,0.09033125027218053,-0.778130998506274,-0.9837202577032658,1789623837.946194,Temperature Drift + Humidity Impact,1,0.6,1
0.00895457818529541,1198923.2258176706,2439904.5061209532,4013.207109812771,0.9829000995313592,-9.952443887139701,64.34683489907279,5.530164928436973,607.9687490224701,606.9687490224702,0.008549950234320425,0.0004046279509749857,133889413.99679323,0.00847119765655888,0.001258935123657765,1.5849176455791925e-06,0.0013367811344941558,2375325.222253534,85135.19578014428,4011.11805945514,79.1423077433693,0.984761316386401,0.002075577632758862,-10.014454740364947,64.80018948841966,-2.5410599862934243e-05,8.560229873721635e-06,896.6808019496411,2.1137197002083714,5.503919222263326e-05,0.008795426429074965,0.07991400880200031,-0.7866094251816235,-0.9831523384877796,1789623838.946194,Temperature Drift + Humidity Impact,1,0.6,1
0.008664558672186884,1158846.5759387778,2317993.4569314304,4181.604135264038,0.9833938102075591,-9.55686977244817,67.75583988889565,5.703328751946497,554.3311566447612,553.3311566447611,0.008303094896220442,0.0003614637759664415,133745597.41382554,0.008443636204933791,0.001246799322671713,1.5545085510146421e-06,0.0013139520341556542,2372676.717383822,85844.68213375799,4018.6131364047615,85.7819138775773,0.9846949407149057,0.002091652891249031,-9.995896092379093,64.93635830873143,-1.48017558868931e-05,7.83991356935705e-06,456.27307087574155,3.518528843743166,4.5334914349460285e-05,0.01295547535408856,0.0887264314757216,-0.7968694013470932,-0.9837114883402177,1789623839.946194,Temperature Drift + Humidity Impact,1,0.6,1
0.008213332245969913,1184106.7697638583,2347864.5729191215,3993.1030415000096,0.9855414266727273,-10.024896989924724,63.75588349089297,5.649665081336926,587.9799615782381,586.9799615782382,0.0072292866636363695,0.0009840455823335436,144168862.80776858,0.008354461605571507,0.001178485570171278,1.3888282391019222e-06,0.0012476963889345872,2375799.63634732,83431.22091598135,4019.9445069146814,85.11476804336345,0.9849251832080632,0.0018402456752112128,-9.991065734706298,64.96659508722806,3.0629716659111616e-06,-2.088987255022142e-07,-801.6132943198919,2.6951074680952054,4.052867172032588e-06,0.011190176367704684,0.133375587383588,-0.7713446320798986,-0.9827467544473406,1789623840.946194,Temperature Drift + Humidity Impact,1,0.6,1
0.00907664182710175,1173932.4246318156,2374884.3557374314,3988.648750446214,0.9851744784393156,-10.12236945683702,66.1312186845851,5.610672196569949,595.4107529452803,594.4107529452803,0.007412760780342198,0.0016638810467595518,129335545.78815658,0.008355115486646737,0.001178881487889887,1.389761562489474e-06,0.0012476963889345872,2375960.5797015447,83425.4189981894,4020.8054746430116,84.68389200556109,0.9849390608399881,0.0018407650840586822,-9.99119799098374,65.11415235010679,1.6787582580377976e-05,-1.1046857832719624e-06,-859.450683066237,1.878024065465001,5.3775982533605255e-06,0.008698168857627512,0.13275044064580188,-0.7662831998359453,-0.9829744001254389,1789623841.946194,Temperature Drift + Humidity Impact,1,0.6,1
0.008370760434856116,1214692.2790382884,2411124.0507241897,3836.830145017888,0.9844310847730853,-10.600851011954404,64.83719148988875,5.525033268324085,628.415634675678,627.4156346756781,0.007784457613457363,0.0005863028213987532,145111341.8537545,0.008337057246037491,0.0011750395400197684,1.3807179206098688e-06,0.0012476963889345872,2377520.754328461,83703.2560839949,4014.940285879062,91.84252945872181,0.9849463265685139,0.0018383856780349245,-10.012840847031832,65.11369245808486,2.1603007121331343e-05,-4.7040611900449245e-06,-573.2737432059768,-0.1936658517229496,-6.2076043954374125e-06,0.0023847863125226586,0.1237131202935217,-0.7639053881385354,-0.9880018802553225,1789623842.946194,Temperature Drift + Humidity Impact,1,0.6,1
0.004092426633753856,1370310.9769150785,2488261.0198789113,4010.8537978356335,0.989354465714709,-10.032438661558853,65.99411277008208,5.387988985885355,620.3818800928733,619.3818800928732,0.0053227671426455125,-0.0012303405088916562,334840694.6658283,0.008219717260218369,0.0014208667190284206,2.0188622332425885e-06,0.0012476963889345872,2380278.3709402946,86135.22965082306,4006.1434312057013,80.5912262253856,0.9851035510701979,0.0020305390220968856,-10.035896523032228,65.00500109863769,-3.068950819857347e-05,-1.5602296482846914e-05,866.9425951904227,1.9269615080897085,3.925817684114127e-05,0.007771824264025716,0.1858975832513129,-0.8162952721960121,-0.9879267600294013,1789623843.946194,Temperature Drift + Humidity Impact,1,0.6,1
0.0075736545776823525,1217729.1092824172,2406975.0073430566,4136.163062563972,0.9862793554192074,-9.698803206955839,67.53530079201397,5.585158878045596,581.9342639385676,580.9342639385676,0.006860322290396292,0.0007133322872860601,160784875.62276176,0.008155912993774831,0.0014126074293616577,1.9954597494877506e-06,0.001435385781360426,2378725.796258034,85286.03667479985,4012.608146406195,84.19869007715765,0.985151090978936,0.00204355642622273,-10.017464293595841,65.06889173489745,-2.7162723944150844e-05,-1.8972166084023305e-05,1768.483119654699,2.8111602340869473,4.9984821752938185e-05,0.009646330675628614,0.175738378784497,-0.8251461200442892,-0.9867252340305692,1789623844.946194,Temperature Drift + Humidity Impact,1,0.6,1
0.008578522883944534,1169576.9868556831,2352378.962439555,4015.073591498034,0.9848510829506327,-10.145816810893045,67.79303621436716,5.670860404935696,585.8868857150577,584.8868857150577,0.007574458524683636,0.0010040643592608978,136337805.78293383,0.008271368361858161,0.0013215394121392887,1.7464664178374568e-06,0.0011555769772655378,2376988.15834135,85362.55937343651,4016.122528204199,82.37490865817674,0.9850151826301069,0.0019435591057032173,-10.006784693650538,65.09819547870285,-4.7899452692489245e-05,-4.19086594859813e-06,1696.2227177011623,1.9799771901981362,7.819252380056942e-05,0.004508113048971811,0.07808184729101968,-0.8043961634339852,-0.9865939681606938,1789623845.946194,Temperature Drift + Humidity Impact,1,0.6,1
0.008265401387337354,1189319.0146745776,2346568.7060741163,4030.392939675133,0.9870067468556541,-9.890795000841129,59.413453132213924,5.626032373499029,582.2183447610098,581.2183447610098,0.0064966265721729255,0.001768774815164428,143891259.3521014,0.008215977481111745,0.0012912612277804973,1.6673555583691976e-06,0.0010335133354591984,2371477.9153120164,82659.3700563131,4015.6034700466803,82.24236301219477,0.9852769075041252,0.0017432464363213082,-10.008639698154463,64.93537027252604,-3.416648201590066e-05,-5.5781039575083695e-06,2488.7940083569842,2.3841727194035083,5.1060617325773185e-05,0.007202435190518317,0.054476892496083444,-0.8001083924069793,-0.985570163555074,1789623846.946194,Temperature Drift + Humidity Impact,1,0.6,1
0.007359122319795585,1199956.6720520598,2363566.9264098927,3923.6525018593998,0.9852316715247933,-10.363400872918685,66.18703849210601,5.667860892827316,602.3894637177502,601.3894637177502,0.007384164237603352,-2.504191780776724e-05,163057035.86747706,0.008204692132073914,0.0012974529050544716,1.683384040834288e-06,0.0010335133354591984,2376661.280492997,77794.67353024559,4017.582624030605,79.3598935924706,0.9853331626499185,0.0017180040591883877,-10.001374097761232,64.93617711729848,-4.782312862790788e-05,-2.7076250894818686e-06,1040.8183111481078,0.12109637366695761,3.612690819795163e-05,-0.001436295191716226,0.05648125618937663,-0.821980601560522,-0.9826505251016486,1789623847.946194,Temperature Drift + Humidity Impact,1,0.6,1
0.009884259151562578,1157040.225956473,2411056.4067197954,4065.254340164673,0.9823880062471663,-9.780031004109192,65.18705928293721,5.602253655988439,593.0886987558397,592.0886987558396,0.008805996876416866,0.0010782622751457117,117058871.9108563,0.008268215683525712,0.0013386007184659175,1.7918518834774704e-06,0.0011555769772655378,2374555.550321241,76104.3423931967,4021.3701356157485,79.2851229493507,0.9851795541859044,0.001800792959884067,-9.987883751803828,64.93770262737284,-3.140465073145987e-05,7.257345068149211e-06,2228.695589217847,0.09098224919006498,1.7891401071606402e-05,-0.0005522837262207052,0.09514097427033312,-0.8394788942239675,-0.9786193791041125,1789623848.946194,Temperature Drift + Humidity Impact,1,0.6,1
0.007302757308439072,1249172.2924988258,2440735.927990852,4000.356307137065,0.9852392362950928,-9.998714950883977,64.71440858352236,5.4986125001972335,610.1296336119652,609.1296336119652,0.007380381852453599,-7.76245440145271e-05,171054882.38740748,0.008234320190781914,0.0013518245977325906,1.8274297430348803e-06,0.0015029872494193974,2379593.37915645,76149.9117353681,4019.5108757123116,79.21106631278343,0.9851800990391838,0.0018008088743287946,-9.985765340492033,64.80356101318561,-4.1497284758715013e-05,7.504250865375266e-06,2241.9379509848573,0.15168513892067564,1.8902920620778114e-05,-0.0012901788441717248,0.09485060117400802,-0.8321093942267985,-0.9787441656276874,1789623849.946194,Temperature Drift + Humidity Impact,1,0.6,1
0.00929920810378565,1148973.6568198344,2349020.6265836395,4115.05169910292,0.9832323887086862,-9.96743904986365,70.28873466622267,5.684254886035043,570.8362369045632,569.8362369045632,0.008383805645656883,0.0009154024581287667,123556075.31270263,0.008213547675166527,0.0013311536383536211,1.7719700089020833e-06,0.0015029872494193974,2384444.0785460067,69931.74668243657,4023.97733050267,81.29680734673099,0.9851438093441602,0.0018303102847740751,-9.984951816451568,65.04640487589282,-1.5825542143257643e-05,8.266463216640743e-06,441.325554118645,0.8723949680734541,-9.480623517527952e-06,-0.0011411311883580708,0.09895176534179818,-0.838710161104328,-0.9745248502647736,1789623850.946194,Temperature Drift + Humidity Impact,1,0.6,1
0.006909377287867094,1283764.3110607008,2502794.901842795,4023.338067288146,0.9850514803764492,-9.916070322307236,63.59085737080253,5.415249998961573,622.0692519457496,621.0692519457497,0.007474259811775408,-0.0005648825239083135,185800291.05010638,0.008117384414930583,0.0013350523860487665,1.7823648734945046e-06,0.0015954558654998254,2387928.553493954,73481.626577771,4026.295772203585,80.41425387236195,0.9851895286601653,0.0018130765708573669,-9.976577846424266,65.09313494705407,-1.686492684002999e-05,5.545766712977489e-07,1846.1841882239244,0.2804910194886683,-2.268600959018041e-05,-0.0019099795770231016,0.10883059202309944,-0.8179502885045797,-0.9769478838084901,1789623851.946194,Temperature Drift + Humidity Impact,1,0.6,1
0.008242904868613865,1168560.7688661034,2295771.866494525,4188.746130405505,0.9869285597924872,-9.71609356311231,70.35610035342151,5.7044946689837595,548.0809280442775,547.0809280442775,0.006535720103756415,0.0017071847648574504,141765650.27646735,0.008077699934315462,0.0013158480677603042,1.7314561374285263e-06,0.0013054363523912985,2381713.461493717,74436.29785215878,4034.072357935049,86.14356084216732,0.9853144661671689,0.0018209731418328862,-9.964403215399301,65.49644174424968,-4.529951807725313e-06,-2.2461036466966425e-06,1627.7132075249585,1.4603899366596271,-2.0477479950268358e-05,5.567580735008011e-05,0.11915723181770971,-0.794746696155639,-0.9758730694554056,1789623852.946194,Temperature Drift + Humidity Impact,1,0.6,1
0.006421083687793032,1223503.1388660348,2332245.0421125144,4084.5886092138526,0.9886809622465171,-9.8561014927167,67.20251335405337,5.667576057816452,570.9865215927814,569.9865215927814,0.005659518876741432,0.0007615648110516002,190544649.21427628,0.008074021526205876,0.0013203377449948733,1.7432917608581472e-06,0.0013054363523912985,2383432.114182727,72759.37348721907,4038.8021943958033,85.53902683748467,0.9853787448074408,0.0019082204879740505,-9.95166412674549,65.55528131064622,-3.546835452114492e-05,-6.692200665179738e-07,246.73427794160287,1.2493971922173073,2.819316919997953e-05,-0.001046370919899092,0.06183865411634938,-0.8005699800890089,-0.9761191855762728,1789623853.946194,Temperature Drift + Humidity Impact,1,0.6,1
0.007922524301319515,1170101.0204668106,2284371.7720311885,3999.104881579657,0.9863643346381314,-10.003228818550438,62.720414156221864,5.72707177802763,571.2207705662512,570.2207705662512,0.006817832680934277,0.0011046916203852376,147692954.41251314,0.008046400023412175,0.0013159879520982993,1.7318242900678756e-06,0.0013054363523912985,2378989.676357258,75239.27599695743,4033.0366909253667,83.12886571440197,0.9853359768311621,0.0018733514008469304,-9.97209738001471,65.47894021309206,-3.1476386993610905e-05,-1.0391881398891113e-07,-547.6628455284797,1.9273631979772856,5.783881385988074e-05,0.0030703137088489694,0.03511027661443725,-0.8390396047623514,-0.9781523033534395,1789623854.946194,Temperature Drift + Humidity Impact,1,0.6,1
0.007929096560476008,1241832.8356439208,2467041.6536889453,3895.0752329087927,0.9861636484016257,-10.383488059630633,64.0805749059348,5.468413584638438,633.3745835883611,632.3745835883611,0.006918175799187132,0.001010920761288876,156617191.65258467,0.007993250046458,0.0012926119763739304,1.6708457214653187e-06,0.0012194005641489487,2376545.935582793,71241.3338217248,4029.016441855919,87.17490862796696,0.9854791901019617,0.0017925544656443746,-9.986799089433937,65.53369782936863,-2.0444728580762822e-05,-2.730915834953929e-06,1756.5796044664776,0.2793205034820991,3.795225713042044e-05,-0.0011656181597269931,0.043733913804763234,-0.8335391699707188,-0.9755567441931207,1789623855.946194,Temperature Drift + Humidity Impact,1,0.6,1
0.008048324875157864,1174868.0121441358,2326430.6474771965,4104.332666900595,0.9844024282313192,-9.807486610237783,67.49640997368493,5.698350812456988,566.8231199285342,565.8231199285343,0.007798785884340409,0.00024953899081745466,145976713.21277165,0.008026989326199612,0.001282561997579539,1.6449652776352174e-06,0.0010048683062621813,2376162.4056664226,71483.87646242266,4030.711028570164,88.20466096253377,0.9854045770846258,0.0017969940888294966,-9.975002205644703,65.45174587662994,-2.7820417195014952e-05,2.8605675108916714e-06,888.7065430667506,1.3040627680875283,3.589855241358652e-05,-0.0006665221994175045,0.032979159201945836,-0.8271421442509338,-0.9756687352223653,1789623856.946194,Temperature Drift + Humidity Impact,1,0.6,1
0.00846408707286844,1200043.4353557453,2391193.592418805,4068.600420545222,0.985033992760104,-9.754674004939314,62.98800535091741,5.5695383725086565,587.7189562150141,586.718956215014,0.007483003619948025,0.0009810834529204154,141780610.83545256,0.008039717565007702,0.0012852548529366948,1.651880036997325e-06,0.0010048683062621813,2379309.184416386,70335.52874032733,4036.992952176178,85.02983052000253,0.9853645221667082,0.0017936445849177204,-9.95182043227895,65.36481389432498,-2.259675099955994e-05,6.525961028319423e-06,391.07313927556567,0.4622240199507734,3.878566026756744e-05,-0.002224884758059393,0.05000266610477353,-0.8308412436315442,-0.9775735155157096,1789623857.946194,Temperature Drift + Humidity Impact,1,0.6,1
0.008920591997559409,1254074.7916050644,2542194.8968007984,4100.774410133428,0.9836179176444685,-9.9169036188456,68.86113261905754,5.338287431070381,619.9304430204153,618.9304430204153,0.008191041177765757,0.000729550819793652,140582014.28203058,0.008061176869307449,0.0012952655699610617,1.6777128967265542e-06,0.0010909040945045311,2391904.131881216,70183.4050256902,4040.7843501779093,85.67363476448125,0.9853162521482516,0.0018235126268627182,-9.949360027180921,65.62224648825388,-1.1021684140809632e-05,1.0223402754882732e-05,374.7538189221625,0.740941018695681,1.7264616377140435e-05,-0.002168508851156353,0.05430755528702435,-0.8333848267014546,-0.9776794128620951,1789623858.946194,Temperature Drift + Humidity Impact,1,0.6,1
0.008681382168168581,1170904.1362347165,2357556.3035775935,3929.1301177564305,0.9852696981902919,-10.25790054872372,64.77723669164077,5.656776485618274,600.0199110035531,599.0199110035531,0.0073651509048540675,0.0013162312633145136,134875312.88830817,0.008091589562040744,0.0013005340803826208,1.691388894236669e-06,0.0011077275904862287,2391744.2934077056,70256.85940255948,4039.5667180635583,87.02488681316167,0.9852883869108191,0.0018186820823402742,-9.953813689510405,65.62425454053232,-6.6978323460346215e-06,1.4017842462778141e-05,-245.8217223852647,-1.1018477300526555,2.3335657312916885e-05,-0.00698856483691599,0.027483903040874298,-0.8308029486317005,-0.9774633591567159,1789623859.946194,Temperature Drift + Humidity Impact,1,0.6,1
0.009036470368839023,1208086.3114909714,2422065.665084214,4121.812117624968,0.9824270854552688,-9.739900307521516,67.40834556971248,5.49000310742203,587.621559635725,586.621559635725,0.0087864572723656,0.0002500130964734233,133690065.0564721,0.008022661411376593,0.00119900074320739,1.4376027822118734e-06,0.0011077275904862287,2394131.7906672563,70232.52063257119,4038.9541479446184,86.38757133143834,0.9853170759999469,0.0017669263119771458,-9.958471872467298,65.65950579490435,2.870499006612415e-05,6.294970044981329e-06,-259.5927358017006,0.6329370989401965,-3.886164296036157e-05,-0.0017103002132906051,-0.060191146430534505,-0.7973944187392772,-0.975810657686977,1789623860.946194,Temperature Drift + Humidity Impact,1,0.6,1
0.005500347156412635,1234096.0710145037,2314533.6104984214,3980.0909171716216,0.9919412531768094,-10.071986133882339,64.93205505840024,5.713190251393082,581.5278240285029,580.5278240285029,0.004029373411595316,0.0014709737448173185,224366941.92578745,0.008008918963736341,0.0012255684798607937,1.5020180988282968e-06,0.0011077275904862287,2392937.361904668,71313.83108696275,4032.2964213387954,84.22674553420376,0.9854883109403063,0.0021513375455238007,-9.982113698051903,65.72019111196695,-1.6365441388505007e-05,4.371083863429768e-06,-1491.7197791707295,1.1653835432229547,4.571764458175907e-05,0.0020171896171859004,0.12005448133809245,-0.8158481479299226,-0.977666930456341,1789623861.946194,Temperature Drift + Humidity Impact,1,0.6,1
0.008189120461686404,1203871.5843779296,2386392.514369881,3911.4773652536414,0.9863324471854098,-10.322863835257559,64.8045031837964,5.5799747845494725,610.1000444406596,609.1000444406596,0.0068337764072951,0.0013553440543913036,147008654.95999965,0.007996021381538918,0.0012219020964359024,1.4930447332744536e-06,0.0011077275904862287,2386917.079690793,64977.89944596496,4028.6904943463846,87.33500791786825,0.985489506457555,0.002151797953541137,-9.995262719682142,65.72633043897778,-9.675632417032142e-06,4.382963545105453e-06,-112.51167829393266,-0.2565780949272504,6.165215459854413e-05,-0.0012484422292088836,0.1077906202183942,-0.8220274342477468,-0.9728528722027768,1789623862.946194,Temperature Drift + Humidity Impact,1,0.6,1
0.008774407100463547,1223094.8788234065,2441120.4434108147,4044.159652612958,0.9872856047081423,-9.841600478909934,60.06451485061646,5.45958550781059,603.6162399853802,602.61623998538,0.006357197645928847,0.0024172094545347,139393450.15787917,0.007988814538145643,0.001216747682117651,1.4804749219386764e-06,0.0011077275904862287,2386965.717182387,65017.986295788025,4029.928596058392,87.32613067461112,0.9856649266646262,0.0021119421894711544,-9.990828983352952,65.55503763703952,7.095034564452456e-06,3.8113167367010773e-06,917.701328038641,-0.2686197101104003,5.233745380354892e-05,0.0005981667802666721,0.11811073786928634,-0.7801979695389896,-0.9722074099276292,1789623863.946194,Temperature Drift + Humidity Impact,1,0.6,1
0.01105528656202325,1098636.6437939191,2278594.1287823645,4042.0457946243805,0.9806541685471826,-9.849143330811563,64.16726994231975,5.723403613688448,563.7229869618808,562.7229869618808,0.009672915726408715,0.001382370835614535,99376586.72439292,0.008084443653739098,0.0013524772884343772,1.8291948157308053e-06,0.0012007525227811944,2385389.7440564246,67114.4097060702,4024.346262432806,81.73337716136824,0.9855553409982112,0.002290475904999487,-10.002519925687487,65.41149483917648,4.215837150988893e-05,1.0671453215569156e-05,-772.3743981634478,1.3599867456321073,-1.6626862620446624e-05,0.006245626451234984,0.13454885239183859,-0.8223927596179559,-0.9701930573245664,1789623864.946194,Temperature Drift + Humidity Impact,1,0.6,1
0.009218396391498532,1175455.510541499,2391536.4853534685,3936.262428696864,0.9833258579848058,-10.252420162768383,65.28695009800848,5.592492242005002,607.565305584874,606.5653055848741,0.008337071007597119,0.0008813253839014129,127511929.47458166,0.00812464621956024,0.0013705283766207825,1.8783480311227973e-06,0.0013469374198770562,2387136.6205537985,66681.91787197432,4022.07263792068,83.34554871278343,0.9854667182506942,0.0023317894235865616,-10.011620852601233,65.47273750346112,5.3914513473053416e-05,9.9145569189192e-06,-1090.8869591022312,0.23447299412622424,-3.734584907594929e-05,0.0037150843896543422,0.09635368461719557,-0.8276882500294421,-0.9695078191018838,1789623865.946194,Temperature Drift + Humidity Impact,1,0.6,1
0.008008200813762991,1129713.962447088,2205504.3374587204,3965.969340592551,0.9869671353622079,-10.203373696085976,66.11363475258523,5.871768077430776,556.1072585420437,555.1072585420437,0.006516432318896037,0.001491768494866954,141069634.5807847,0.008081908579026692,0.0013567653006450822,1.8408120810345402e-06,0.0012007525227811944,2380361.41982265,75592.2056623921,4021.1654615265334,83.82645447537527,0.9855384245276099,0.0023491985914025617,-10.014861022171191,65.47203414618112,6.235958887957079e-05,1.6820989381174977e-07,-2890.0152973743175,-0.6176424713396241,-2.641824308345509e-05,0.0008375720997449949,0.11188228811045602,-0.8276280766171654,-0.9759023846170075,1789623866.946194,Temperature Drift + Humidity Impact,1,0.6,1
0.0055637645932582755,1271394.086276967,2370128.962199375,4022.8823500388603,0.9882949071491478,-9.91770453310981,64.12160655850225,5.578264854512843,589.1618884098065,588.1618884098065,0.005852546425426097,-0.00028878183216782174,228513278.18893355,0.007969628745362776,0.0014417038078345934,2.078509869524766e-06,0.0014152847806679619,2378721.6162816575,75351.35798652499,4028.607549727372,74.91613541071075,0.9856929774226525,0.002397858884279338,-9.987535163017407,65.44341074892566,4.2003701415387365e-05,-1.572178805897982e-05,-2676.8424433430005,-2.4451474347738285,-1.2047185660659398e-05,-0.004125498668289765,0.12164720212038899,-0.8346565295307703,-0.9746530587743251,1789623867.946194,Temperature Drift + Humidity Impact,1,0.6,1
0.0072454315335044464,1275606.430019021,2460637.2942322586,3982.7261083082585,0.9863670857749364,-10.159384996706546,66.34850616973591,5.412893236963355,617.8273944319668,616.8273944319668,0.006816457112531815,0.00042897442097263126,176056653.6472452,0.008095748941352801,0.0012174868299838614,1.482274181184152e-06,0.0014152847806679619,2377616.667255791,73926.03149236582,4027.482442146277,75.38406937958045,0.9855734822250615,0.0022841552374959395,-9.992613016423315,65.45758648491181,-3.4532170409326064e-06,-5.398604116680654e-06,-825.3036878264545,-3.0462059514061095,3.079023589637349e-05,-0.006160839810834732,0.13698046376678893,-0.8349774944832116,-0.9714565651791796,1789623868.946194,Temperature Drift + Humidity Impact,1,0.6,1
0.006140226808718521,1246632.4084248517,2376679.8344694846,3994.850649755743,0.9877502841804343,-10.263699001663847,68.42704138528488,5.611508783845779,594.9358418730377,593.9358418730377,0.006124857909782844,1.536889893567761e-05,203027094.48041165,0.008038411830594248,0.0012732030507267317,1.6210460083798566e-06,0.0014716497920244749,2376404.8603408486,73682.75427215488,4021.8299456339482,72.25608254128687,0.9856323193755108,0.002320239584649656,-10.015208848211635,65.49325610864264,-2.672513420964584e-05,-9.480530216512959e-06,-540.3679742120206,-2.2606162923725566,5.79425243489661e-05,-0.005725073887611033,0.23157922615315513,-0.8375272804312087,-0.9727543138413349,1789623869.946194,Temperature Drift + Humidity Impact,1,0.6,1
0.008636932416828934,1241452.3802023495,2474676.527617318,4007.2758742165947,0.984962015933362,-10.090432117452789,66.62367392910215,5.4071357776596765,617.5458354489025,616.5458354489025,0.007518992033319016,0.0011179403835099178,143737651.3197438,0.008040748211909626,0.0012742451990845512,1.6237008273900277e-06,0.0014716497920244749,2381296.762947959,75950.11941258983,4021.51803694269,72.30139060990487,0.9856367566948196,0.002318846932096332,-10.012993460474025,65.44648161723204,-1.5799218264745882e-05,-7.200476346699194e-06,126.49612932707112,-2.462525108353417,4.3942743711123346e-05,-0.007725522153574239,0.23652935893462834,-0.8370673127947449,-0.9746119453171492,1789623870.946194,Temperature Drift + Humidity Impact,1,0.6,1
0.009140318377528867,1196945.3750563175,2414059.590484251,3923.9794325974412,0.984067472474799,-10.276825202592194,62.58115451072556,5.52085136688303,615.2069938058485,614.2069938058485,0.007966263762600512,0.0011740546149283555,130952262.8882341,0.008075744891517285,0.0012918279606054645,1.6688194798020733e-06,0.0016178346891203366,2383996.3983243643,75867.16816237912,4017.2614966595825,74.74472266661152,0.9855191857195856,0.002320917783371909,-10.028434668544067,65.57318967237251,-3.4028080585986516e-06,-2.8915205235752944e-06,81.6416609236426,-3.2741324288312885,4.315694482696778e-05,-0.008938907484489913,0.18330236624435475,-0.8506919815878128,-0.9749970541790367,1789623871.946194,Temperature Drift + Humidity Impact,1,0.6,1
0.008946221675414574,1219712.355831435,2447416.513549121,3999.031822177797,0.984104999092196,-10.003492386030366,63.98953535329967,5.456376055624939,612.002260141132,611.002260141132,0.007947500453902023,0.0009987212215125506,136338266.59844226,0.008139228865742044,0.0012940465763096895,1.6745565416588292e-06,0.001643464366975502,2387350.381809933,76738.30795276847,4020.2766694723186,72.39108636003785,0.9854741188222816,0.002336946449565029,-10.014038329068535,65.48528954682025,-2.5338634629175965e-06,3.5289925185036786e-06,462.7633900074471,-4.378496295126525,2.722777247237206e-05,-0.012058333074263461,0.15599044271053267,-0.8614706248262436,-0.977836276394022,1789623872.946194,Temperature Drift + Humidity Impact,1,0.6,1
0.00723975635427689,1273287.7418146916,2492634.8535683923,4071.4332679294494,0.9848111036104454,-9.816278187502444,65.99569130570681,5.421352831507825,612.2253981669792,611.2253981669792,0.007594448194777281,-0.00035469184050039137,175874391.27871978,0.008033448753850618,0.0012545612434652555,1.5739239136050878e-06,0.0016751604640549622,2390613.519683877,79366.45143715819,4020.52382658291,72.55459024721254,0.985571042716813,0.002255780219923285,-10.015488216404265,65.51763482773103,6.613616212532465e-06,-6.8883976521469995e-06,1671.6803014918373,-3.4565048332140806,-9.753493695731512e-06,-0.007892781594829198,0.06675574484428777,-0.8323868707822664,-0.9835962340674531,1789623873.946194,Temperature Drift + Humidity Impact,1,0.6,1
0.0066379810435203725,1233018.6814096395,2327417.6515267803,3983.017550054902,0.9852886300567052,-10.061381634509532,64.24654772119375,5.61443436894756,584.3352740172332,583.3352740172332,0.007355684971647403,-0.0007177039281270302,185752064.26858416,0.00800685770325387,0.0012766180459794223,1.629753635320318e-06,0.0016808356432825187,2386080.7886253144,79609.96445409994,4019.830276299623,72.82641849961686,0.9855730184672773,0.0022555103531952635,-10.017994883749287,65.49892039323791,-1.3574538644631393e-05,-9.121304838687943e-06,1589.5579092652995,-4.004391811007982,-1.5678444006232888e-05,-0.008148680491367247,0.07739877598613992,-0.815978245680569,-0.979696517913194,1789623874.946194,Temperature Drift + Humidity Impact,1,0.6,1
0.007753070774056097,1177952.4173011964,2303930.165413225,4016.423508494622,0.9833692549468064,-9.940885988908539,62.30102511671932,5.713139756664509,573.6272981523183,572.6272981523183,0.00831537252659681,-0.0005623017525407123,151933659.78844777,0.007945012210064687,0.001249679278935033,1.5616983001995838e-06,0.001534650746186657,2384277.1701784977,80929.00698899338,4015.8851486752915,70.18477518491308,0.9855784931168021,0.002249981782387994,-10.016932761311082,65.17941201125775,-2.993683216523784e-06,-1.4296317617297055e-05,460.64284381387506,-3.0836246704057926,-5.9427174088798524e-05,-0.006931347738596272,0.06544596138427368,-0.7845069254014956,-0.9829979721302445,1789623875.946194,Temperature Drift + Humidity Impact,1,0.6,1
0.005291257142052471,134830.3124909254,254243.63446231632,497.35403503616743,0.9275655479846869,-40.179588062767586,66.43353597547453,14.742599651980875,511.192463621669,510.192463621669,0.03621722600765653,-0.030925968865604062,25481716.13497221,0.007513197179481656,0.0013669110395551159,1.8684457900576474e-06,0.0016560126407991344,2287093.894072171,420516.9926343167,503.4021928405324,8.690765377195914,0.9826790863049523,0.011454104456614173,-39.965778189770035,65.37856910499559,-9.738480805691365e-06,-1.0437503823875911e-05,-22012.29823561301,-0.3022972861384844,-0.0004929198397390161,-0.010868776206483806,0.03395263401314618,0.19121435642994247,-0.9947335968667356,1789623677.305171,Fiber Bend + Polarization Drift,2,0.7,1
0.009325760069755381,128011.65543368069,260780.08349878612,501.87692151775866,0.9236733149169687,-40.13112673071537,67.58371203051863,14.602823804591674,519.6096339918244,518.6096339918244,0.038163342541515655,-0.028837582471760274,13726672.62251778,0.007580295052793378,0.0014123132728764622,1.9946287807430246e-06,0.0017045091091542463,2202151.8223545793,577476.4782177393,502.84273339969974,8.312532177972226,0.9802230698337212,0.016254302881861096,-39.98904766640872,65.55000231371291,8.344029525488091e-06,-3.887252717419419e-06,-39744.353586472535,-0.19176456675288062,-0.0010136420947771025,-0.008231186680375997,-0.0016204628603688398,-0.0493297381268881,-0.9972076292256034,1789623678.305171,Fiber Bend + Polarization Drift,2,0.7,1
0.005492894359574008,135997.12831671376,253522.61837204418,493.7182786360015,0.9275159901137973,-40.18240036785549,61.9836845412808,14.686559775174658,513.4965208751287,512.4965208751288,0.03624200494310137,-0.03074911058352736,24758737.272941254,0.007499365519564749,0.0014704435334979876,2.162204185206047e-06,0.0017246061366315924,2118189.6061840104,690949.0129277171,502.907010716804,8.235155089885946,0.9779490569366678,0.0192214988806399,-39.98638370395538,65.41849249370767,-1.1565908190804035e-05,-1.155088497789979e-05,-56227.43808195589,-0.3833041799462497,-0.0014587365574353865,-0.012615498475379551,0.04182467014191306,0.10950306960503299,-0.9980756298996081,1789623679.305171,Fiber Bend + Polarization Drift,2,0.7,1
0.009232683472598905,127089.96312259792,257311.4067026436,491.9748755033948,0.9248840635200624,-40.23343453941107,64.09678325892287,14.642499517159802,523.0173724610619,522.0173724610619,0.03755796823996882,-0.028325284767369917,13765224.758303495,0.007563165589348672,0.00150915344694083,2.277544126413389e-06,0.0023855439476660164,2033316.1656340242,778458.595722398,502.00583629022935,8.149006178296684,0.9755123643809614,0.021764602734376644,-40.00632433781405,65.30017123301727,5.817111921564302e-06,-5.108907401228905e-06,-70795.19716525493,-0.3682439427912042,-0.0018700440611358205,-0.012381317615629377,-0.005745072189283132,-0.014373517240854885,-0.9984856460281188,1789623680.305171,Fiber Bend + Polarization Drift,2,0.7,1
0.009606027580660917,125257.05913912326,256903.6174117473,491.7447415894272,0.9235229259182833,-40.30774835602939,65.93882783482063,14.672158792508396,522.4328715369244,521.4328715369245,0.038238537040858334,-0.028632509460197415,13039423.225402117,0.0076553534211754705,0.0015598828985068768,2.4332346570542157e-06,0.0024533870294659787,1946040.652958883,847366.522858301,502.0158208542067,8.136264781914246,0.9730262399636627,0.02390609079120102,-40.00140225006397,65.23543799146186,2.2055961490100538e-05,2.4516042046613633e-06,-83138.09876997501,-0.5680688280317439,-0.0022483098503241388,-0.01940845528805971,-0.08545162704794224,-0.11758336167093475,-0.9987670023289007,1789623681.305171,Fiber Bend + Polarization Drift,2,0.7,1
0.00876695556117039,132874.3715049285,266310.439589712,498.45136986260394,0.9233157972393109,-40.04475336262614,64.88582238128018,14.490925607759205,534.2756699878654,533.2756699878654,0.03834210138034455,-0.029575145819174163,15156272.95904643,0.007830056731541194,0.001424107928289276,2.0280833914163736e-06,0.0024332900019886326,1860623.010239567,902932.2779926194,501.40114250370965,7.794691781879191,0.9704880986527891,0.025619313793993334,-40.01892448826411,65.2593476043648,-2.429018706592258e-07,1.8277380103792294e-05,-94086.19219339926,-0.4829463748613719,-0.002569744574997171,-0.01586157097960597,0.06563458260060145,-0.11955116143110639,-0.9989011322888283,1789623682.305171,Fiber Bend + Polarization Drift,2,0.7,1
0.009382987081434388,124886.2614608956,257005.14659081787,522.293402430304,0.9223526987043207,-39.425072234902196,65.75551326459488,14.705228482960111,492.07044430378994,491.07044430378994,0.03882365064783966,-0.02944066356640527,13309861.814474981,0.007830472626872736,0.0014245597941784467,2.029370607189738e-06,0.0024332900019886326,1775974.8792289621,948933.7439957601,501.68251978716626,8.393803196081198,0.9681329190571133,0.02718208267823993,-40.01327522627423,65.29506551543155,2.9517169486708958e-05,1.6903347400750494e-05,-103762.96451091624,-0.15151646636793858,-0.0029066304443179855,-0.0058536508355002,0.08868164173528034,-0.20695373319476815,-0.9990011603455592,1789623683.305171,Fiber Bend + Polarization Drift,2,0.7,1
0.009197353589643548,126099.91402910913,256609.91568850976,508.01666002321446,0.9243194486982231,-39.82768588404781,65.79401992489204,14.679753449459243,505.1210637005165,504.1210637005165,0.03784027565088843,-0.028642922061244885,13710456.25244862,0.007802151861225858,0.0013896383221632359,1.931094666424653e-06,0.0023979601190332756,1691357.7586938683,985617.746760019,501.72412971385864,8.422472456489372,0.9658079462652622,0.028320538680869325,-40.01120560744143,65.28271433353915,6.288353325940576e-05,9.703239476118936e-06,-111827.2413683054,-0.040108558886253455,-0.0031679539840261846,-0.0028020297316529398,0.08764481632775892,-0.29634801170402636,-0.9990734792688473,1789623684.305171,Fiber Bend + Polarization Drift,2,0.7,1
0.007275312160464959,128849.68814148186,255111.58105494405,503.5515976093996,0.9259199582189073,-39.937333594762045,65.54762479631658,14.75890144479318,506.624509317577,505.624509317577,0.037040020890546366,-0.029764708730081406,17710537.40369639,0.007802580844350725,0.0013894739547946995,1.9306378710528227e-06,0.0023979601190332756,1607185.9453353805,1014405.2370058862,501.3286435565572,8.088629300016247,0.9634336998631283,0.029067121287810124,-40.02355784422968,65.2984237442621,5.2644754771248505e-05,4.163610404576932e-06,-118404.40682943194,0.09390659381488206,-0.003341469076691857,0.0017066450938588674,0.1138764986225708,-0.2575677749426396,-0.9991186878740587,1789623685.305171,Fiber Bend + Polarization Drift,2,0.7,1
0.009919110196634804,122416.38633848388,248182.31641385317,513.7066094334863,0.9218337144166628,-39.740357099250616,66.81763596475508,14.74392879628066,483.1207382897948,482.1207382897948,0.03908314279166858,-0.029164032595033775,12341468.53011224,0.007859189149025538,0.001444626991231756,2.0869471437953164e-06,0.0024332900019886326,1517793.3418116765,1031610.756708403,502.1882288346238,8.21551582839022,0.9610351649113724,0.02991451755163986,-40.004118658203836,65.37562284481452,7.919516614647024e-05,3.263933517229314e-06,-122190.94112007388,0.11704807962379937,-0.003541835058877204,0.0022930167600721937,0.19509623151370425,-0.33099192290879054,-0.9992510949359498,1789623686.305171,Fiber Bend + Polarization Drift,2,0.7,1
0.007291348825026833,133248.01389729118,259810.2854744743,504.1400809246246,0.9256822358732211,-39.88103436607332,64.72552523290861,14.611596174934864,515.3533617044808,514.3533617044809,0.037158882063389465,-0.02986753323836263,18274809.928161792,0.007932795230063395,0.0013647307088492401,1.8624899076761494e-06,0.002377583168021455,1426579.6964442413,1037975.4512910355,502.2592548146414,8.224402884455484,0.9585057892774976,0.03012272840247962,-40.00208252355777,65.38772893277556,4.987363965626153e-05,4.140424158436275e-06,-123579.51163085358,0.136827201734786,-0.00358935517037296,0.004150988716449422,0.21858301668293634,-0.25855922058069836,-0.9995331881069538,1789623687.305171,Fiber Bend + Polarization Drift,2,0.7,1
0.007549201788118208,140126.41863522097,275880.91512664355,514.5673284499603,0.9239261240093999,-39.5856823629907,64.52453864933052,14.369670852304637,536.141530706359,535.141530706359,0.03803693799530006,-0.03048773620718185,18561752.959864955,0.007908328456883454,0.0013659049371808844,1.8656962974151156e-06,0.002377583168021455,1345152.3361666384,1045178.9205257058,503.0878743239843,8.377729710744653,0.9561208110908299,0.03040445882465287,-39.97836989504592,65.43324222415872,4.861353599076231e-05,-2.981349851559193e-06,-125351.49427909887,0.166366048155206,-0.0036581041865540276,0.006230526984008816,0.1955724493335118,-0.25007400638923355,-0.9995146276007647,1789623688.305171,Fiber Bend + Polarization Drift,2,0.7,1
0.006836272901395757,134260.13038960384,256541.78455390612,500.6349807416486,0.9282739157959456,-39.98168995272736,62.198272832857306,14.619882618929752,512.4327991900627,511.4327991900627,0.035863042102027176,-0.02902676920063142,19639375.479318865,0.007928616057696933,0.0013459183376713308,1.8114961716799586e-06,0.002377583168021455,1262902.4885886123,1046701.5365916946,503.2233036809189,8.30933803781087,0.9537273817402716,0.030146130166282772,-39.97445392952626,65.47441968471666,2.2925182797244604e-05,-4.477171936633978e-06,-125723.85068483719,0.08533767849200383,-0.003595264066123819,0.0051876883409890644,0.17950530059029732,-0.1755313830894397,-0.9995242083131545,1789623689.305171,Fiber Bend + Polarization Drift,2,0.7,1
0.008923880880571146,127221.13532149348,256988.75824572754,514.7126032184078,0.9232632448534066,-39.919781863712444,69.74343598086364,14.665861857243808,499.28592507512315,498.2859250751231,0.0383683775732967,-0.02944449669272555,14256256.557444219,0.008039371146382009,0.0013088252472024224,1.7130235277144819e-06,0.0021085214818534603,1178603.7483895237,1039430.3293435143,503.7543441067644,8.597415971312767,0.9512343795613346,0.029984861627335088,-39.97215013578212,65.65374284498529,1.437611875817195e-05,4.421807571324267e-06,-123993.6604493513,0.1735256400592879,-0.0035578623076753966,0.00566312578598865,0.18989014430672355,-0.1477483712629142,-0.9995206223851514,1789623690.305171,Fiber Bend + Polarization Drift,2,0.7,1
0.006143456684975202,137189.11476512588,261160.86377643302,514.1134090921867,0.9289110071304845,-39.603122984532625,65.06528355706666,14.58920327914403,507.9829842166279,506.9829842166279,0.035544496434757766,-0.029401039749782566,22330932.209653832,0.007910420205255828,0.001330280594555242,1.7696464602502482e-06,0.002342253285066098,1094711.3145521462,1025359.4446431905,504.18588171602346,8.832574440466939,0.9491017698954688,0.029598266550448477,-39.96009988464204,65.73002301975801,1.015396055112474e-05,-9.222248542765525e-06,-120663.68438641253,0.26485402592570306,-0.0034540055148791745,0.009747238986534583,0.0884475777273133,-0.15305947639911863,-0.9995061613121364,1789623691.305171,Fiber Bend + Polarization Drift,2,0.7,1
0.008604942429045448,135853.5241381218,272860.6856092745,507.6555317588013,0.9233523619139827,-39.78078202597593,64.61637157544119,14.409186340059682,537.4918001266198,536.4918001266198,0.03832381904300863,-0.029718876613963184,15787848.118490217,0.007954634357096372,0.0013342543650186555,1.7802347105713354e-06,0.002342253285066098,1010429.6479128851,1002600.3638398863,504.11669592656375,8.798284877271882,0.9466409864020022,0.029074782520278234,-39.96206271839634,65.76787557441081,1.2456619202327547e-05,-6.042648353024701e-06,-115398.08751396017,0.3488745125748083,-0.003333990564233356,0.013686367784073141,0.11544542560093558,-0.1558337525708709,-0.9994656383466206,1789623692.305171,Fiber Bend + Polarization Drift,2,0.7,1
0.009339513494093043,125496.31167308813,256012.50701852483,512.7479214483274,0.9239699777244343,-39.86348718299686,68.16760197951308,14.687888636461672,499.2950654882854,498.29506548828545,0.03801501113778283,-0.028675497643689783,13437135.858571297,0.007989998652403718,0.001358553934209307,1.8456687921555858e-06,0.002377583168021455,927576.0567962576,975570.1777083962,504.34690446981796,8.944600895584468,0.9442511951635234,0.0283762625826671,-39.94942267135566,65.68114448380292,3.024783647158101e-05,-4.688825409025563e-06,-109192.71167507948,0.4573074829490273,-0.0031725236907207315,0.01242203939697096,0.14316612114124871,-0.2064620715694051,-0.9994387515314493,1789623693.305171,Fiber Bend + Polarization Drift,2,0.7,1
0.007651749990841702,131389.2376361502,257244.03331215927,504.39611177868346,0.9266492198598286,-39.8737094043303,64.93071915422578,14.640106597515851,510.0039974634689,509.0039974634689,0.03667539007008569,-0.029023640079243986,17171135.72625982,0.008024092913212974,0.0013387984283904954,1.79238123186086e-06,0.0021085214818534603,845716.704683025,941943.8784672683,504.4276722203122,8.935559565078346,0.9418920112501268,0.02726821235346147,-39.94499369065154,65.64901058467885,1.5219489316151036e-05,-3.5911830983597433e-06,-101618.8740983886,0.4380618397267358,-0.0029212272374426205,0.01277081858681518,0.13640659191849328,-0.15531665047630383,-0.9994132787196979,1789623694.305171,Fiber Bend + Polarization Drift,2,0.7,1
0.007364496341170028,132569.9410917365,257112.19279251673,497.25239818307085,0.9282064071703455,-40.163122687589,66.16265543721717,14.627108864384095,517.0657672682697,516.0657672682697,0.03589679641482724,-0.02853230007365721,18001223.02330787,0.007997485678863457,0.0013450184924694703,1.8090747450848466e-06,0.0021085214818534603,761267.0498174966,895124.4698729188,503.92985656271935,8.974676657964885,0.93959253671975,0.02586537531082598,-39.96023932068278,65.66266536150853,9.186748441166427e-06,-7.340975680792327e-06,-91825.77791836244,0.42452971494723335,-0.0026095432986903764,0.012387437691979343,0.15115266449644996,-0.15464409488659533,-0.9993507808780543,1789623695.305171,Fiber Bend + Polarization Drift,2,0.7,1
0.007235290301688918,135490.16865112967,265261.8928634697,495.68806463287524,0.9273416450542173,-40.124955734248246,62.28047131912427,14.544094297872956,535.1387531590707,534.1387531590707,0.03632917747289133,-0.02909388717120241,18726293.34852017,0.008015725433205695,0.0013313978847826976,1.7726203276038414e-06,0.002107892979711007,681207.4742454207,844996.931710151,503.19102810454854,8.861760954095027,0.9372026825005922,0.0240640156110954,-39.97522179966215,65.46845016174738,-1.0030793551596137e-05,-5.537905449154241e-06,-81349.4447359978,0.45074083083908484,-0.002247673814391951,0.012965434099024177,0.20160208227965934,-0.08266684271232057,-0.9993496826538022,1789623696.305171,Fiber Bend + Polarization Drift,2,0.7,1
0.007383006126211455,125903.31141419894,245077.48078090648,500.3252669367803,0.9259466860526373,-39.9906178314453,63.89574039497891,14.849670077257446,489.83630645196615,488.83630645196615,0.03702665697368135,-0.029643650847469893,17053122.977537803,0.00792329576624549,0.0012913016961808898,1.6674600705596426e-06,0.00207256309675565,588804.187098525,756717.88023951,503.1529933193007,8.871932803036099,0.9350527994857386,0.02252338955557093,-39.97422424601088,65.39520845980229,9.089442077968074e-07,-1.4027639003579942e-05,-66635.73820820685,0.40513873546316026,-0.0019266645308315107,0.012419968151915418,0.21808280857834472,-0.18616180947705377,-0.9997677460388658,1789623697.305171,Fiber Bend + Polarization Drift,2,0.7,1
0.007685862306355314,132979.99952773345,262429.6643676764,488.9467273908691,0.9249618719363384,-40.322508082696494,63.755655014774504,14.584631638706991,536.7244521055715,535.7244521055715,0.03751906403183081,-0.029833201725475492,17301897.201277528,0.007864136642867746,0.0012667114637538942,1.6045579324055335e-06,0.00207256309675565,507160.91843987885,672761.7035106238,502.5282430102733,9.290521678304081,0.9325572265416793,0.01989329978460967,-39.9918733570352,65.33854759424534,1.1132696977422028e-05,-2.032521813115039e-05,-52501.35417298469,0.2881288910194306,-0.001496827593843609,0.010134479817890165,0.20751929892694174,-0.31999005784533807,-0.9997105513379647,1789623698.305171,Fiber Bend + Polarization Drift,2,0.7,1
0.00945082801939435,124924.57052869421,255567.16923155217,492.44578206263793,0.924280125076528,-40.21963201293338,61.43682346635576,14.697618353284186,518.9752426370557,517.9752426370557,0.03785993746173599,-0.028409109442341644,13218373.064490482,0.007957178143928002,0.001294117260251227,1.6747394832801422e-06,0.0019973931709099868,423521.9654300274,559296.0300865223,502.90486396973137,8.66206290665001,0.9300956914448486,0.016701918960921578,-39.97736569865285,65.14920579509597,1.8385617414792226e-05,-1.2761706646691337e-05,-36429.9572514512,8.017139268750166e-05,-0.001040618847811932,0.002127591070409435,0.11252056988137536,-0.31389556952553044,-0.9995929490115213,1789623699.305171,Fiber Bend + Polarization Drift,2,0.7,1
0.008348013989568916,131767.03641722933,262508.7202687901,511.600726894695,0.9242737083850494,-39.79776562194928,66.79169243640175,14.564998748583522,513.1124849297241,512.1124849297241,0.037863145807475296,-0.02951513181790638,15784237.61410511,0.00801689469132766,0.001276205508927468,1.6287005010168174e-06,0.0019573713121339457,341070.39849122433,403247.8826183388,503.13078504848886,8.810984200685619,0.9276179031836533,0.012172923978726507,-39.96891893055896,65.12061523680963,1.0972554519510507e-05,-8.410261097656903e-06,-18913.47407754346,0.1108280348756861,-0.0005331329952015828,0.003469746675853462,0.11592746326700923,-0.2738050285763989,-0.9992019205712291,1789623700.305171,Fiber Bend + Polarization Drift,2,0.7,1
0.006642233522314266,134597.2244243226,258990.776117987,509.53523800035384,0.9256217201738037,-39.72773553539163,65.00379587045428,14.626656425094845,508.28825329997517,507.28825329997517,0.037189139913098135,-0.03054690639078387,20263850.09984212,0.007997617552590413,0.0012930729906448053,1.6720377591351006e-06,0.0019573713121339457,258777.13957301664,6431.331126149118,503.65802652622716,8.784034158038414,0.925182548429634,0.0019230531796226062,-39.95380511527842,65.12542971497479,-1.0643952507973775e-05,-1.0288661072827475e-05,81.38637560005658,0.10218022220774427,3.731755849848929e-05,0.004329435070476869,0.053671216777512847,-0.8396636577476897,-0.9666049909169798,1789623701.305171,Fiber Bend + Polarization Drift,2,0.7,1
0.008910594341101724,133932.90207217232,270401.7511267214,489.0461117864686,0.9234614158090124,-40.31957592676604,64.43921497583383,14.443502436053008,552.9166772003423,551.9166772003424,0.03826929209549379,-0.029358697754392066,15030748.44899881,0.008142391040552385,0.001179594843199884,1.3914439941037588e-06,0.0019413346475720718,259423.46423959284,6747.40257335968,503.3257095962392,9.165125819858567,0.925018383142607,0.001887465950667012,-39.95940462983836,65.04565687498916,-2.928007856555649e-05,5.627812695166255e-06,143.3554311426355,-0.0957389056752407,4.5260176012514436e-05,-0.0013047403566081456,-0.07368489391496234,-0.8394840803757284,-0.9718998795036985,1789623702.305171,Fiber Bend + Polarization Drift,2,0.7,1
0.009138954364830492,132147.9222896916,269781.298467637,509.6392004236145,0.924117772463489,-40.018563802331585,69.11815922605089,14.481448643793495,529.3574321665081,528.3574321665081,0.037941113768255486,-0.028802159403424996,14459851.424385864,0.00813491881235539,0.0011726462415879335,1.375099207910306e-06,0.0019060047646167148,259783.51283834688,7043.8326965342685,503.63620075247354,9.241946424697487,0.9250361614444678,0.001876775769627011,-39.95490211270301,65.10703476281046,-8.247342203267078e-06,6.718777157718621e-06,252.53240122420632,-0.051948409591967414,2.349616441042932e-05,-0.0035680460345464565,-0.05397417393070254,-0.836591008172717,-0.9730251945979369,1789623703.305171,Fiber Bend + Polarization Drift,2,0.7,1
0.007892968628211145,128623.17643831803,252996.99500039482,506.09560005930564,0.9259934954640547,-39.825181631216665,64.42122285974108,14.710836131763788,499.89961377010184,498.89961377010184,0.03700325226797263,-0.029110283639761488,16295918.873741813,0.008230921783100874,0.001043557619309473,1.0890125048188546e-06,0.0018328572484735198,259762.4879034809,7063.246987239338,504.13129360940565,9.026394375035643,0.9249752616584782,0.001819136067851622,-39.94061336323746,65.20453629554886,-3.6900973046258527e-05,1.817550453648651e-05,127.2786765185448,-0.12842548330900583,5.7131380515297744e-05,-0.004645608756966553,-0.17070284245933753,-0.8336149258589078,-0.9742999675009398,1789623704.305171,Fiber Bend + Polarization Drift,2,0.7,1
0.006483873016987865,136062.46434965415,263530.67020400683,504.2999964564612,0.9263881387348321,-39.87645879729437,63.6999864470438,14.593960363739948,522.5672656270954,521.5672656270954,0.03680593063258397,-0.03032205761559611,20984751.55098936,0.008120969364876433,0.001076507820171639,1.1588690868906938e-06,0.0018476055398036588,260011.25844353545,7082.035524693625,504.62429844752836,8.678867438932398,0.9250354246670689,0.0018398784272482297,-39.92633433355279,65.18866442307369,-4.300996014616753e-05,1.141251404100556e-05,137.5510857457958,-0.2484324073193709,6.926134137440971e-05,-0.006981624525381869,-0.1348140055566008,-0.8436538399031276,-0.9726259007404735,1789623705.305171,Fiber Bend + Polarization Drift,2,0.7,1
0.010228533855144044,123600.39230603537,257165.06047874212,505.9671136437001,0.923820429680771,-39.894289541240006,65.90931796546876,14.674345078736561,508.26437834423496,507.26437834423496,0.038089785159614475,-0.02786125130447043,12083881.625309903,0.008145869615855759,0.0011170077311489744,1.2477062714465796e-06,0.0018476055398036588,260021.7161662152,7077.630550682374,505.1931933296992,8.272599672847775,0.9250473248175684,0.0018309979321499933,-39.90979598096121,65.18748402829962,-8.70493653969859e-06,1.6316639579387994e-05,80.20207882982238,-0.36483275870495047,4.2921015551499275e-05,-0.01049996666726067,-0.03337963730194993,-0.8233048628555544,-0.9723808579198999,1789623706.305171,Fiber Bend + Polarization Drift,2,0.7,1
0.006618305411513184,137242.15860446283,265370.6564725388,499.8764702485803,0.9238271515543752,-40.00356475556701,63.883232246815645,14.544196836063813,530.8724700335952,529.8724700335952,0.03808642422281239,-0.031468118811299205,20736752.094534166,0.00805992360986947,0.0011481409936843299,1.3182277413784402e-06,0.0018636422043655327,259984.12484152828,7046.557025129066,505.2501973451383,8.23075150370961,0.9250677789901708,0.0018143209351926986,-39.90814843667885,65.14738042292103,-1.6594669742022177e-05,9.234880850361113e-06,192.46414666162292,-0.4813284372016166,1.4342601954835559e-05,-0.012715098403348057,0.005302887894897134,-0.7510571447996377,-0.9727299196507179,1789623707.305171,Fiber Bend + Polarization Drift,2,0.7,1
0.008522937686020996,128062.55931061736,260548.6064075161,508.27842849300356,0.9257083101913748,-39.82200424119474,65.81838197081989,14.673169219051113,512.6100023170717,511.6100023170717,0.03714584490431261,-0.02862290721829161,15025635.998801302,0.008025521634052934,0.0011205354295315076,1.2555996488353603e-06,0.001648568720106187,260125.8632341962,7020.8011834295,504.68959838764636,7.495263364090162,0.9252020034496531,0.0017306903307060357,-39.924025716930544,65.14989517117004,9.099410611795586e-07,6.668734814021577e-06,167.88496322517528,-0.2829434834465876,-6.895605200245398e-06,-0.007089159196497444,-0.1098437380234446,-0.7241555763504847,-0.9683064211262212,1789623708.305171,Fiber Bend + Polarization Drift,2,0.7,1
0.007867338270170806,131314.369053112,256507.07604953364,502.2519645535635,0.9260695564963171,-39.935167928304566,61.95155262077478,14.623138216381799,510.7139327519306,509.7139327519306,0.03696522175184147,-0.029097883481670667,16691079.5676593,0.007972321021274023,0.001094916717113196,1.1988426174139384e-06,0.0016352821806367651,260121.74964863723,7022.889838051946,504.45901056886026,7.478015173706689,0.9252720077615768,0.0017289702811476059,-39.928324998700816,64.99619647900533,1.1168106488942974e-05,9.45098431995385e-07,99.32129837142523,-0.27217410248243906,-7.71297074533785e-06,-0.006228612049584016,-0.13577120074825377,-0.7209165419286881,-0.9644997010576852,1789623709.305171,Fiber Bend + Polarization Drift,2,0.7,1
0.006849693309298996,137165.51338263304,266975.1429368198,495.93950134645013,0.9255391461996643,-40.17514739614357,65.79881907537467,14.525600818428993,538.3219973645901,537.3219973645901,0.03723042690016787,-0.03038073359086887,20025059.10686835,0.007955296267227387,0.0011088424776628588,1.2295316402695075e-06,0.0016753040394128062,260596.2921239122,7068.980090903089,504.1545267183423,7.661484587691251,0.9252567752808071,0.0017248672791316997,-39.937837550756086,65.00624425016768,-6.1646994604556315e-06,-9.415158250946555e-07,112.48170432541045,-0.35988985566852305,1.2324271026206915e-06,-0.008597058601975493,-0.08016892887348191,-0.7105183320913595,-0.9723922354660092,1789623710.305171,Fiber Bend + Polarization Drift,2,0.7,1
0.009692580647514428,125586.29047967828,255369.1145848455,507.03479234836715,0.9243604124539593,-39.87810483814422,66.1075349094546,14.653098725415688,503.6520539391105,502.6520539391105,0.03781979377302036,-0.02812721312550593,12956950.790178228,0.007946235085262572,0.0010935781682152844,1.195913209997097e-06,0.0016753040394128062,260883.7640507519,6694.512909888428,503.8876540349375,7.437020296757625,0.925357843202299,0.0015900934662381515,-39.94334746031183,64.97784020795567,2.9509911036268176e-05,-2.9447803422657996e-06,-59.908922366565136,-0.23778196116300676,-4.1272299940493355e-05,-0.006070875201272853,-0.13780758580081626,-0.6621604670471163,-0.9723260496262692,1789623711.305171,Fiber Bend + Polarization Drift,2,0.7,1
0.008617335076885661,127076.58851428401,252869.2685476788,508.62993949335834,0.9237490813400846,-39.75311708975509,63.56162665962331,14.69827704604196,497.15765611351856,496.1576561135186,0.0381254593299577,-0.02950812425307204,14746622.636868611,0.007999274535336925,0.0010926847642981693,1.1939599941293458e-06,0.0016753040394128062,260606.12337368005,6874.780726081379,504.06724837768684,7.494934212374237,0.9252805170209735,0.0016191767222973447,-39.9382307692591,64.93128426502423,2.915581758735472e-05,-6.542889642424493e-07,-144.6236666192467,-0.19148274957301986,-5.287848272863481e-05,-0.0036917716075948338,-0.10495319633630813,-0.6680864984700042,-0.9726273293393719,1789623712.305171,Fiber Bend + Polarization Drift,2,0.7,1
0.008247040217580623,132557.90537008125,263575.45899670775,511.5310994424032,0.9231714344954312,-39.67260900892392,65.02145542167769,14.548073840640921,515.2677115507139,514.2677115507139,0.03841428275228442,-0.0301672425347038,16073391.407441063,0.00802718807251542,0.0010897402088534118,1.1875337227918778e-06,0.0016753040394128062,260113.90512848264,6167.676942628074,503.94579921738455,7.346943895046716,0.9252503294404147,0.0016508712593050752,-39.94170783509642,64.95116093591814,2.6942157951263245e-05,-6.673759778475798e-07,35.53350281525862,-0.017584862099056846,-8.589086692629955e-05,0.002285605627413809,-0.06403915354338906,-0.6817345139676303,-0.965656024659836,1789623713.305171,Fiber Bend + Polarization Drift,2,0.7,1
0.01124684172849946,118589.09111852065,250113.0114035083,500.3725129847117,0.9237057371600805,-40.079118119846854,66.24964761055497,14.762937503373633,499.8536188800407,498.85361888004076,0.038147131419959734,-0.026900289691460275,10544212.675992077,0.008203610825599568,0.0012305788734468116,1.514324363773624e-06,0.001559384539401118,259856.75420246675,6439.28765204909,503.9353005071071,7.351853412228791,0.92506760229498,0.0015561922566461538,-39.94560496178121,65.11321592702603,4.475288614145773e-05,1.2914771948508813e-05,-92.50364500719297,-0.08367722746570433,-6.991277826638263e-05,0.0006173818226389964,-0.13729120130620637,-0.6522687926086642,-0.973158935846132,1789623714.305171,Fiber Bend + Polarization Drift,2,0.7,1
0.008343960240377528,133438.56726905078,264021.6016256703,500.2393978710241,0.9225846626953673,-40.09079370486461,66.3590006388793,14.510514976804725,527.7904994075308,526.7904994075308,0.03870766865231634,-0.030363708411938813,15992234.3137883,0.008180413999991825,0.0012222203693691813,1.493822631300938e-06,0.0015460979999316962,260138.0679376645,6461.4325175032745,503.35637229321173,7.043789350955339,0.9250404590086586,0.0015929120857058182,-39.952445435427286,64.97783851334665,5.325111975066237e-05,5.939039721088e-06,-82.73885912962933,-0.010020224685770464,-0.00011087579514008184,-0.00046459097898173457,-0.14411094387521609,-0.6223721417872258,-0.9700532594524534,1789623715.305171,Fiber Bend + Polarization Drift,2,0.7,1
0.008713466828311247,128677.60418367907,261295.02005244177,509.5350353458326,0.925043862700158,-39.94494515881554,68.03771943432498,14.635249086189067,512.8107037332479,511.8107037332479,0.03747806864992098,-0.028764601821609732,14767670.172977293,0.008283214405725265,0.001152671989971632,1.3286527164651622e-06,0.0015275882148902695,260143.4341887048,6462.335371699761,503.1732373433575,6.817617726721455,0.9248857732314454,0.0013835447141258123,-39.966118322398614,65.096735948437,3.780203424652159e-05,1.1472742980493835e-05,-61.83134275938377,0.15458395609740258,-7.213889523105788e-05,0.0030978668525349262,-0.018061769053248446,-0.5520219680081954,-0.9666243466896849,1789623716.305171,Fiber Bend + Polarization Drift,2,0.7,1
0.008797601914601206,127552.66289614278,254903.12181236615,491.30558580757065,0.9250137928651685,-40.25307453251981,62.933074868377105,14.665729020032881,518.8280556456036,517.8280556456036,0.03749310356741575,-0.028695501652814547,14498571.785164108,0.008290920785147496,0.0011554379047414387,1.3350367517132862e-06,0.0015275882148902695,259425.13163682848,5989.583917484995,502.51923950530835,7.133176423267508,0.9249522304694929,0.0013477317840803534,-39.98501002266036,65.02940408015444,4.5767506869347476e-05,8.180144803131152e-06,16.969057203187056,0.08985934761380712,-8.629128870978057e-05,0.002302403261796755,-0.056290273897277525,-0.5512991539441296,-0.9591715208492406,1789623717.305171,Fiber Bend + Polarization Drift,2,0.7,1
0.008907055210264636,123525.36752691181,249948.8582612269,507.65385311125686,0.925247128436004,-39.79498581941128,65.1963413648651,14.795422292043254,492.36080200980643,491.36080200980643,0.03737643578199801,-0.02846938057173337,13868261.126815422,0.00827362245379436,0.0011427775452239643,1.3059405178681099e-06,0.0015240490840531815,259182.58568653653,6240.387566388742,502.3154767718255,6.907258467549986,0.9250033164979556,0.0013336629835664644,-39.982269968116945,64.9105536555685,6.194082865219194e-05,1.3055072075846012e-06,-104.63048167770985,0.23954260032967611,-9.339168108487937e-05,0.005271701226884837,-0.05794047265796524,-0.5309060724283248,-0.961527531384844,1789623718.305171,Fiber Bend + Polarization Drift,2,0.7,1
0.007789232449883674,129820.26397895545,255140.67130463617,500.85428391599487,0.9256582786373739,-40.05846287734998,66.15521305141696,14.679890645897279,509.4109793966129,508.41097939661284,0.037170860681313034,-0.02938162823142936,16666631.123698743,0.008279121752156038,0.0011400993852353535,1.299826608214031e-06,0.0015240490840531815,259098.45120623565,6280.009699869903,502.173803657318,6.8994485263224785,0.9249636788490576,0.0012984163090561886,-39.98966010703773,64.95953341145616,5.1250811678874414e-05,-3.6313548024496396e-06,-161.32598433133236,0.24686101634443425,-7.088684310228944e-05,0.005653987702600105,-0.038184505652048256,-0.5273671195076325,-0.9624157762672197,1789623719.305171,Fiber Bend + Polarization Drift,2,0.7,1
0.009026242640453335,127920.69090809481,257803.91771081323,481.286184696715,0.923537530670488,-40.55033083501465,64.23063101821401,14.632631618961431,535.6561769444301,534.6561769444301,0.038231234664755975,-0.029204992024302642,14172086.437692983,0.00834559160412737,0.0011332582963143453,1.2842743661652925e-06,0.0012247320347464098,259126.12020296752,6272.717117523154,501.5351551178638,7.979812890693744,0.9247769237890631,0.0011453173907925104,-40.00514843293476,64.88225243469601,4.9001058076373965e-05,-2.0522323779367334e-06,-193.13810842626663,0.004838171196397132,-5.162400461466577e-05,-0.0012560602073149814,-0.12527645999775067,-0.5333413973854979,-0.9640614250564256,1789623720.305171,Fiber Bend + Polarization Drift,2,0.7,1
0.008051510688648306,129811.56156697878,254114.03123633002,486.2664274941955,0.9270255586342862,-40.40181105530784,64.51693126385378,14.65646270163414,522.581895167672,521.5818951676719,0.036487220682856925,-0.028435709994208618,16122634.19708279,0.008378240419605746,0.0011123654997882892,1.2373570051192506e-06,0.0011213618912180503,258680.2057378819,6216.677047508605,501.1582896323166,8.455365705901217,0.924764280332266,0.0011183624674588552,-40.01622264577714,64.97171083248521,3.518345198602885e-05,-2.9646419965672913e-06,-178.04581843635938,-0.1945748347950407,-5.2201626226049236e-06,-0.006115634350047614,-0.12151530651529134,-0.485824551983239,-0.9583474389400758,1789623721.305171,Fiber Bend + Polarization Drift,2,0.7,1
0.006592387624390122,139996.4183884438,268650.3231769819,490.24362361727896,0.9253291544083344,-40.28429228846389,62.00838785130593,14.460141952814118,547.9935081964687,546.9935081964687,0.037335422795832796,-0.030743035171442674,21236072.021992974,0.008346615679532893,0.0011507858346503192,1.324308037231832e-06,0.0011213618912180503,259623.1194337249,5859.415661564292,500.7550238995365,8.721698588327692,0.9247395790664937,0.001098619330550763,-40.02796962405788,64.89621673073829,8.746314019326323e-06,-8.14238335652199e-06,-222.04121472211375,-0.303655824966135,1.1818116821740337e-05,-0.008334075216145388,-0.03980971817473786,-0.4733468701778193,-0.9524734879530641,1789623722.305171,Fiber Bend + Polarization Drift,2,0.7,1
0.007403414107118108,140517.5274996786,275085.7902889171,513.3906162463576,0.9264192508861515,-39.79840966429465,67.50672207905825,14.370710337463906,535.8216172710748,534.8216172710748,0.036790374556924244,-0.029386960449806133,18980098.298780315,0.008335317751563405,0.001158577473239073,1.342301761497035e-06,0.0011213618912180503,260129.3644705745,6582.185630779404,501.732779453756,8.713260781278592,0.9247978742244863,0.0011464909245542105,-40.007005687321815,65.04625941330964,-6.567695765509013e-06,-9.339217858589269e-06,-51.24341902697875,-0.30510255300522954,2.9545708470871933e-05,-0.009160444789332488,-0.10196439094529577,-0.49332117072677095,-0.9628014268022864,1789623723.305171,Fiber Bend + Polarization Drift,2,0.7,1
0.00768138217593964,137999.99098461572,272579.80955221306,497.70160485384076,0.924600942727269,-40.066470558512435,64.12948026087112,14.424084284310416,547.6771762314512,546.6771762314512,0.0376995286363655,-0.03001814646042586,17965515.5574569,0.008264539917825216,0.001142200946823968,1.3046230029255694e-06,0.001225673034324996,260809.87008340098,6944.787835652584,501.9430123654041,8.54849679709376,0.924810706930516,0.0011424121301511605,-40.00087922914498,65.15396568509026,-1.4489214775727714e-06,-1.579037970560838e-05,18.061813951768407,-0.43518336937716695,2.2550387786205012e-05,-0.011835614548746333,-0.060094093110876004,-0.47983239993057647,-0.9668232968365507,1789623724.305171,Fiber Bend + Polarization Drift,2,0.7,1
0.00871859593531936,123395.10312594468,249428.50223471917,503.841676849358,0.9245752473891122,-39.88957630820322,64.14932288857139,14.816896517071562,495.0533345999779,494.0533345999779,0.037712376305443884,-0.028993780370124525,14153093.46153622,0.008279363195655233,0.0011455877230551617,1.31237123121471e-06,0.001225673034324996,260286.66136203814,7281.641875449686,501.63265036359064,8.330294832326565,0.9248227684906785,0.0011382631260807633,-40.00455165659513,65.04827090317704,3.5771055551947803e-06,-1.446098977409082e-05,-70.00846433601878,-0.3210800903862226,1.5006929641657986e-05,-0.00877706689886559,-0.05509267786562283,-0.4821993040297359,-0.9679463672725644,1789623725.305171,Fiber Bend + Polarization Drift,2,0.7,1
0.007655342550459921,125751.31580634708,245124.205446562,506.8652819122228,0.9253118835015415,-40.00630273094109,67.83470621893916,14.830384169143523,483.6081976690046,482.6081976690046,0.03734405824922926,-0.029688715698769342,16426608.604051577,0.008319887556781059,0.0011041274089985777,1.2190973353019127e-06,0.001225673034324996,259731.99853518113,7864.0630455080745,501.52585212006545,8.244973486394443,0.9248103750237882,0.0011311612326493957,-40.015694344417106,65.16150731711643,-1.8554381749248568e-05,-9.822052651109841e-06,-222.92844830400225,-0.19375299972352475,2.7511354265491195e-05,-0.006025069450024106,0.02011106583067824,-0.4709293237530871,-0.9720275550578765,1789623726.305171,Fiber Bend + Polarization Drift,2,0.7,1
0.007778697933655708,131979.8582892099,259242.41384422148,504.01981196443575,0.9271478750367315,-39.9669314778619,66.14634135485281,14.609170393186707,514.3496499350186,513.3496499350186,0.03642606248163427,-0.02864736454797856,16966831.649057765,0.00827461170048322,0.0011021821538492872,1.214805500263854e-06,0.0011162197386615658,259285.62504388113,7556.459567958271,502.12480012718413,7.85110729467946,0.9249578333928968,0.0011847153149697968,-40.00158856646094,65.2297923722772,-1.7642910427199028e-05,-1.2447870062667007e-05,-120.75016568976598,-0.2955292352653055,3.559868531413597e-05,-0.008613766505311565,0.05117129536797244,-0.4596642202600631,-0.9693649673037981,1789623727.305171,Fiber Bend + Polarization Drift,2,0.7,1
0.008177193500235555,128987.92867296899,257432.6726215245,503.44098022612144,0.9245418461471684,-40.04295126649206,66.97681413959793,14.672929500765239,511.3462803641812,510.3462803641812,0.037729076926415805,-0.029551883426180252,15774107.420749346,0.008236141265899421,0.0010880356650863655,1.1838216084999299e-06,0.0010372137593797192,258791.68001003668,7251.694311551181,501.8768713192844,7.706429899006171,0.924974796340244,0.001175566398329304,-40.00256406502736,65.14413856881907,-9.898728709089367e-06,-1.483430629606348e-05,-32.8976076585765,-0.20823587754157996,2.3358193751796134e-05,-0.00916532840276683,0.05500542114547511,-0.44477971126385957,-0.967174198159454,1789623728.305171,Fiber Bend + Polarization Drift,2,0.7,1
0.008276846475241243,133405.45709094167,268397.71087698115,492.9834840336002,0.9264669539246386,-40.29076424163401,66.20799662461853,14.517578413890094,544.4355025465478,543.4355025465478,0.03676652303768069,-0.028489676562439444,16117908.854537902,0.008251496379780626,0.0010857906829449266,1.1789414071700101e-06,0.0010372137593797192,259407.70864510007,7386.167970957235,501.3523866782562,7.84638542635227,0.9249937346786673,0.001195470263240053,-40.02118736944405,65.21560951941419,-1.2954714692047637e-05,-1.2246689331641054e-05,-2.1734035985840285,-0.2481413958553756,4.7318947307392994e-05,-0.01005181338718282,0.06398371477926645,-0.42585810132622753,-0.9662924356911141,1789623729.305171,Fiber Bend + Polarization Drift,2,0.7,1
0.009091598556054507,131374.02990557003,263570.0988205957,493.22444567634,0.9231294534916743,-40.19683789100326,63.31958670070933,14.511109717480073,534.3816615966226,533.3816615966227,0.03843527325416285,-0.029343674698108342,14450047.381170621,0.008355805401343293,0.0010350421284886053,1.0713122077462226e-06,0.0010189039809454983,259409.28578976367,7387.052321872563,500.90936464705135,7.979003484131512,0.924863387268941,0.0012138393509694685,-40.03400253319241,65.20039352956081,-2.287615900052403e-05,-4.3756291531724443e-07,77.47827514890433,-0.2936924457833207,4.40542384506432e-05,-0.010225917095463314,0.09319344884277668,-0.40054653735557505,-0.9658473179582645,1789623730.305171,Fiber Bend + Polarization Drift,2,0.7,1
0.008358913065745292,128298.23426936228,252869.1082004011,497.43336021886614,0.9260161378749368,-40.096791794742025,65.31276346947357,14.679845315088613,508.34770729719656,507.34770729719656,0.036991931062531624,-0.02863301799678633,15348674.31450228,0.008281020569767341,0.0009619955033930786,9.254353485485027e-07,0.0009398980016636516,259237.44769863,7486.555195994296,500.56801451005794,7.937760890743931,0.9249512155967077,0.0012146337274914557,-40.04210262333249,65.176531349721,-4.120188329574969e-06,-6.358979138592704e-06,-5.3348480169654175,-0.27520115053854244,4.426543739351961e-05,-0.009408380359474222,0.04541137732967842,-0.3580727315830794,-0.9645166488827374,1789623731.305171,Fiber Bend + Polarization Drift,2,0.7,1
0.005825342190404182,140149.86904455812,264945.9469296132,501.0322670782679,0.9277960381578663,-40.007090369317844,65.51142735921276,14.525397030366607,528.8001678507167,527.8001678507167,0.03610198092106687,-0.030276638730662685,24058650.026674923,0.008249302040922982,0.0010271604877972055,1.0550586676917932e-06,0.0009398980016636516,259220.459316913,7473.088293455872,500.6142463832455,7.936964309595058,0.9251099710608471,0.0013127496379333312,-40.04224364788252,65.24165915421688,-4.341514033700725e-05,-7.127178608261142e-06,108.69107877735145,-0.27783118483138114,5.92846975347366e-05,-0.0086998116447612,0.038392007412074006,-0.5692366102648622,-0.965196118889787,1789623732.305171,Fiber Bend + Polarization Drift,2,0.7,1
0.007747460090369343,133142.93044178226,264700.2143653579,495.24262405598915,0.9287755351548059,-40.137926065309834,64.90938651521142,14.573801148541824,534.4859297398289,533.4859297398289,0.035612232422597034,-0.027864772332227693,17185365.124666937,0.008218282937096914,0.0010301336020013675,1.0611752379723118e-06,0.0009711358449500159,259386.52363522665,7546.523763418319,500.09281420576485,7.8439847333277815,0.9252326600593845,0.0014937848031105281,-40.05488052084712,65.20529933599254,-4.531117112190684e-05,-5.8378982311218386e-06,172.5549039767201,-0.25077356983155086,9.91040650919376e-05,-0.007380639892597036,0.03485639504904341,-0.5484059709238738,-0.9713655382624897,1789623733.305171,Fiber Bend + Polarization Drift,2,0.7,1
0.008598250826141036,126816.59311481152,253527.7910715892,509.2120181139158,0.9245835522808621,-39.96342256519003,68.16904812881866,14.708894304189513,497.8825755343278,496.8825755343278,0.03770822385956896,-0.02910997303342792,14749115.33509285,0.008247519439335726,0.0010301305754163317,1.0611690024075826e-06,0.0009711358449500159,259267.35223610888,7614.273454743309,500.371216348179,8.036821929814048,0.9251732198907662,0.0014888578558203997,-40.056010706322546,65.4539991563143,-4.531322189229913e-05,1.3648745945700523e-06,89.67981984005945,-0.14500479950909503,0.00010148126535182497,-0.005339286684182854,0.04986922755003334,-0.5478618466072961,-0.9739680117457654,1789623734.305171,Fiber Bend + Polarization Drift,2,0.7,1
0.006892086627156639,129020.96074140507,248462.9653104754,498.025083354988,0.9267812736957435,-40.0570968849656,63.97550657597713,14.787777486277815,498.89648857981945,497.89648857981945,0.03660936315212826,-0.029717276524971623,18720159.469996862,0.008249215172050031,0.0010278605623521482,1.0564973356388741e-06,0.0009711358449500159,258526.86513105512,7727.9899498492505,500.45463962852045,8.001132230781135,0.9252229049906094,0.001520627010393412,-40.05128868587543,65.38106665633839,-7.180317068970414e-05,7.186510247256739e-06,67.02492445670595,-0.21097856177122348,0.00011998410202520878,-0.006540679846790596,0.01828361794388921,-0.5803445056818912,-0.9760097900906743,1789623735.305171,Fiber Bend + Polarization Drift,2,0.7,1
0.010244439721696077,123929.74103067709,258123.48496519192,494.11264988373387,0.9245732362235575,-40.17088103884536,63.30672714779728,14.661283315751373,522.398050375616,521.398050375616,0.037713381888221265,-0.027468942166525186,12097268.801163798,0.008271289535017297,0.0010639148191694538,1.1319147424483718e-06,0.0009711358449500159,258637.03994626895,7701.775331500434,499.9377539299351,7.976706282250938,0.9252314179413935,0.0015163644283783429,-40.06299973390347,65.2690343458721,-3.895205855371202e-05,1.4669793106094843e-05,31.72390977125729,-0.20371847837078752,0.00010536223419361095,-0.00591277078150867,-0.07339908867510284,-0.5636432079377215,-0.9760629174840981,1789623736.305171,Fiber Bend + Polarization Drift,2,0.7,1
0.008250818323925548,136032.29501645698,272886.905496489,493.26351717817107,0.9257079860938873,-40.354256527286665,67.21025214154898,14.435195823826833,553.2274250842677,552.2274250842677,0.037146006953056365,-0.02889518862913082,16487127.661264025,0.008256628864898892,0.0010615680238861354,1.1269266693375147e-06,0.0009711358449500159,259437.7454242214,8091.221987203402,499.32309703732767,7.874623411418247,0.9253097741315456,0.0014880904553459407,-40.08704531140474,65.41497936514914,-3.568056816049067e-05,1.685874414365011e-05,105.58341624892545,-0.17840496198360908,9.49379588189274e-05,-0.005502468586638925,-0.09569099861257216,-0.5621534593870712,-0.9777647427719469,1789623737.305171,Fiber Bend + Polarization Drift,2,0.7,1
0.010254943492487349,130631.82719690393,266970.7883126351,497.2615990549256,0.9228310175874326,-40.095858850351696,65.23064781992205,14.43154000414155,536.881972828846,535.8819728288461,0.03858449120628371,-0.028329547713796362,12738424.867246054,0.008336944995895162,0.0011314604565721106,1.2802027647863688e-06,0.0010501418242318625,259573.5585968585,8187.458121442315,498.75231702182856,7.476127479780418,0.9252961574552256,0.0015090053988113786,-40.103975305061844,65.4233470610789,-1.733047345593376e-05,2.7179676685145887e-05,216.49633248222355,-0.07535415007810344,5.067373281981787e-05,-0.001439461305956595,-0.09544632504625168,-0.6360031083585986,-0.9734356466646098,1789623738.305171,Fiber Bend + Polarization Drift,2,0.7,1
0.008722841910810403,131065.7429889645,259990.83668750932,483.7456592515413,0.9238855324492468,-40.476793791690675,64.02645942215204,14.554336914647086,537.4535806476716,536.4535806476715,0.03805723377537662,-0.02933439186456622,15025578.169258341,0.008235985003187599,0.0009681252718732504,9.372665420396549e-07,0.0009753818204410597,259968.6716082185,7956.459194322496,498.0872428725018,8.022041396607243,0.9253033492667924,0.0015018197692065506,-40.1198823319356,65.33441953354279,1.5330619238557608e-05,1.752169933259771e-05,125.74265830857598,-0.19767518525192368,2.1748375967024246e-05,-0.004632290868842027,-0.15856263977951152,-0.6340169542211542,-0.9686292264504675,1789623739.305171,Fiber Bend + Polarization Drift,2,0.7,1
0.009573203590468702,124791.89159778017,254576.60095919948,499.39277750535155,0.9250768875727267,-40.01753138524242,64.1346526424603,14.691315441553481,509.77229232449486,508.7722923244948,0.03746155621363667,-0.027888352623167967,13035541.385751557,0.008285154737191245,0.0010029499864054137,1.0059086752306195e-06,0.0010501418242318625,259590.87158155965,7979.25042952542,498.05337805787485,8.014668260433917,0.9254030382618866,0.001397113399995149,-40.116951839150715,65.24544561368602,2.8753927800744016e-05,2.0142710007379917e-05,116.49899864599492,-0.16410254634808694,-7.528905384753388e-06,-0.0033966266286566556,-0.12527823605775504,-0.661631797360412,-0.9698063282361727,1789623740.305171,Fiber Bend + Polarization Drift,2,0.7,1
0.008597983966821241,128551.45574144908,258783.47484796355,492.4931607498093,0.9249912713805852,-40.433643028121416,68.00846670335388,14.649766016673379,525.4559767976712,524.4559767976712,0.03750436430970738,-0.028906380342886142,14951348.622830221,0.008280535422731645,0.0010012311283340103,1.0024637723449953e-06,0.0010501418242318625,259490.40977338052,7972.9703085590045,497.3717030740339,7.72875986420876,0.9254009346091036,0.0013976921056894896,-40.13649975392295,65.24427550444717,3.592470313929784e-05,1.6571827888575875e-05,126.08759042931315,-0.10061105631219129,-1.4921586060205712e-05,-0.004599863108111491,-0.15675797604434513,-0.6617848358299667,-0.9721541406260293,1789623741.305171,Fiber Bend + Polarization Drift,2,0.7,1
0.007602714231277857,134365.0898663013,264734.4756046158,507.410307619982,0.9255761637003326,-39.79730975065643,65.132533020078,14.547229220593556,521.7364953549289,520.736495354929,0.03721191814983371,-0.029609203918555854,17673305.31950263,0.008232739915398711,0.0010039236595710671,1.007862714246564e-06,0.001041459734870763,259883.66392507055,7979.466607333133,498.0158919465305,7.866243184439048,0.9254234294425102,0.001395804522473458,-40.11826916264841,65.33225383051521,3.483855705995848e-05,8.53538948929455e-06,128.62147233826397,-0.06860818701422637,-1.7175504195906608e-05,-0.0026346262485430955,-0.17779833890285618,-0.6578115058994704,-0.9724753602990542,1789623742.305171,Fiber Bend + Polarization Drift,2,0.7,1
0.008149475948327978,134997.58667637472,267597.71924265765,508.93292141025785,0.925923401511346,-39.952503445277166,67.90406490123986,14.477586863755013,525.8015506270293,524.8015506270294,0.037038299244327,-0.02888882329599902,16565186.219620915,0.008202436744921245,0.000994501736025869,9.890337029584674e-07,0.0010372137593797192,260589.61836432776,7848.934137946102,498.0670546784905,7.932642289146591,0.925450480365524,0.001398675842899382,-40.12456986768305,65.44056277197022,4.081311954334942e-05,1.9528765637757053e-06,100.48008016986269,0.1285440042982151,-1.4323387471716438e-05,0.0021283522672550684,-0.23392657736023276,-0.6598695740586106,-0.9722930154657015,1789623743.305171,Fiber Bend + Polarization Drift,2,0.7,1
0.010775443164761894,116774.04148919888,248646.31892445812,505.992771227371,0.9232206944362207,-40.165421277253905,69.73117567116948,14.87221159046086,491.40290743941745,490.4029074394174,0.03838965278188966,-0.027614209617127766,10837052.333130583,0.008321885173516374,0.0011102930900211752,1.2327507457487695e-06,0.001041459734870763,260329.84426912063,8127.505128839834,498.2725941709455,8.06762050695434,0.9253529769974778,0.0014642191821852893,-40.128848203679205,65.5836012767603,6.043190508381046e-05,8.602723547500252e-06,-64.25523141046538,0.22957675712446504,-3.2828044100631314e-05,0.002412332236085467,-0.22159243760350622,-0.6964811289757257,-0.967887255865295,1789623744.305171,Fiber Bend + Polarization Drift,2,0.7,1
0.010107883736096265,124055.57265941196,256407.83080712083,504.0209643225607,0.9240867190095912,-39.884443522431724,62.33012930947167,14.669165564772193,508.7245352021236,507.72453520212366,0.03795664049520442,-0.027848756759108154,12273149.939031955,0.008365150817342092,0.001156989925101087,1.3386256867854191e-06,0.001041459734870763,260274.00079297292,8149.43534916471,499.1819853559793,7.351172316016211,0.9253749445310419,0.0014407490405954507,-40.10221271117589,65.50758120841061,8.396162033084061e-05,5.8074463608714005e-06,-125.71769818123006,0.11277454070476255,-6.267104264332882e-05,0.00045354913424620126,-0.09754649450919035,-0.7034125317886075,-0.9682886456025486,1789623745.305171,Fiber Bend + Polarization Drift,2,0.7,1
0.0066102171618596765,137407.63160177052,264229.88913189084,499.05774525113395,0.9268586901068205,-40.04844257051604,65.29451577569472,14.539689646062373,529.4575460379361,528.4575460379361,0.03657065494658973,-0.029960437784730055,20787158.46048137,0.008307499076270547,0.0012060509291607678,1.4545588437295515e-06,0.0010674993603504825,260678.6351087954,8084.412204058067,499.6936380662568,6.863388226869544,0.9253682697899432,0.001433454640524259,-40.088077971784216,65.53868458888425,6.462583145483433e-05,-6.9409079352042285e-06,-150.8015013884172,-0.0175278696501092,-3.246878860369964e-05,-0.002046094547136269,-0.13076004033528144,-0.7267230327609722,-0.971093373189054,1789623746.305171,Fiber Bend + Polarization Drift,2,0.7,1
0.008403365036674229,126662.37965377036,252043.26875665196,514.8209261037675,0.9252000536496168,-39.57857398413925,61.44045965606607,14.731729194715202,489.5746384362201,488.5746384362201,0.037399973175191614,-0.028996608138517385,15072816.556342183,0.008379938172761909,0.001154129429755942,1.332014740628776e-06,0.001041459734870763,260014.3529319822,8084.387393603914,500.6767301657164,7.1917251538187035,0.9253631057595946,0.0014338187491808746,-40.059849239611225,65.51596746107465,4.8359633493602555e-05,-5.400196435963107e-06,-150.79569472633756,0.027608490821749307,-3.4412706792033695e-05,0.0006948760181743716,-0.1812554634875928,-0.7610090750147492,-0.9708057943785603,1789623747.305171,Fiber Bend + Polarization Drift,2,0.7,1
0.0078884476955079,137211.10628949633,271046.4663812702,503.88698513664,0.9273878643172522,-40.04227919774051,67.14633096972736,14.43037843091852,537.9112268751494,536.9112268751494,0.03630606784137391,-0.02841762014586601,17393929.906847402,0.008399339516297502,0.0011415589665171857,1.303156874035785e-06,0.0009753818204410597,259852.77997567633,7817.517882026905,500.2965849213277,6.747067050912568,0.9254018502968386,0.0014743484167165713,-40.06960402094906,65.50155181670142,3.405755766251212e-05,-7.507177309631248e-06,101.75357222105472,0.18438047443668734,-5.161176532702496e-06,0.0034714567732236534,-0.14386149999260978,-0.747824883063367,-0.9690317323957506,1789623748.305171,Fiber Bend + Polarization Drift,2,0.7,1
0.007745701182784006,134705.99926009632,266552.78887272434,491.35080079301565,0.9258079165018487,-40.28292358718218,65.43266829938455,14.523219049235472,542.48978213228,541.4897821322799,0.03709604174907566,-0.029350340566291655,17391065.841721445,0.008401912276571276,0.0011400094157852125,1.2996214680789415e-06,0.0009753818204410597,259611.69914849676,7508.127553905573,500.04255275889466,6.956299787584475,0.9254501292478219,0.0014670752775099568,-40.07826214209585,65.55367933824196,2.0844399641885847e-05,-9.910869906580507e-06,290.8701039591733,0.07585420488509192,-9.421948797536833e-06,0.0015336877092842044,-0.11500187113946435,-0.772728469454262,-0.9667197297716713,1789623749.305171,Fiber Bend + Polarization Drift,2,0.7,1
0.006599898250798017,129532.68543873446,247590.52981505374,517.8038232786629,0.9269097805935373,-39.608898614945915,66.58207869372887,14.797237368325048,478.15508245447944,477.15508245447944,0.03654510970323133,-0.02994521145243331,19626467.032741334,0.008317164369190423,0.001190931526431359,1.4183179006481267e-06,0.0009771407280263975,259538.18025171012,7615.708427183451,500.6010386160669,7.753668534761621,0.9255435105759989,0.001482631562055393,-40.06703503436556,65.65098957044826,7.377260606844275e-06,-1.9462438747664425e-05,78.07349482038504,0.27779563520297046,-4.697062654950974e-06,0.007753132452671516,-0.24040489972667106,-0.7807548945446536,-0.9676571787756171,1789623750.305171,Fiber Bend + Polarization Drift,2,0.7,1
0.008995288075684464,128214.06232272103,263680.4481657795,490.868150682996,0.9244613056597697,-40.26592532466004,64.56330886545624,14.625517792146884,537.1716372286396,536.1716372286396,0.03776934717011515,-0.02877405909443069,14253469.2879155,0.008370762190199405,0.0011900919795938777,1.4163189198936746e-06,0.0012478279853151211,260280.42996047885,7058.605299154016,499.9611533668978,7.8695271238251365,0.9255094874623279,0.001497243945288311,-40.077419938114325,65.52013367630894,7.018645864099642e-06,-1.4979359735731102e-05,-27.829934024302013,0.2505960257054142,-1.7002917241639543e-05,0.006524545114967216,-0.2497150962293059,-0.7925725967307368,-0.9556060586794454,1789623751.305171,Fiber Bend + Polarization Drift,2,0.7,1
0.007107321630028182,129449.47425857377,253824.32184271837,501.596676369727,0.9270042724175194,-40.134096017501285,67.51226629553304,14.753900164915452,506.0327027677999,505.0327027677999,0.036497863791240315,-0.029390542161212133,18213538.23522694,0.008343907138054303,0.0012105483900597795,1.465427404676324e-06,0.0012495868929004589,260063.7062804187,7169.455613822464,499.8642279431094,7.833782716548855,0.9255037433575595,0.0014912106376012704,-40.084106519699894,65.57477067393614,-1.0564524949071687e-05,-1.740275225772291e-05,-97.80493935081843,0.30627974709152495,1.3178973473393192e-05,0.007106265907765566,-0.22614102849065223,-0.802770704897707,-0.9561670921760077,1789623752.305171,Fiber Bend + Polarization Drift,2,0.7,1
0.008152299914772098,120439.96285203392,238146.54813857074,504.14974409287856,0.9261281668814816,-40.05715766502441,67.46043217746634,14.973130577585007,472.37264508994264,471.3726450899427,0.03693591655925921,-0.028783616644487107,14773740.430451384,0.008342911394635765,0.0012106953410377585,1.4657832088105344e-06,0.0012495868929004589,259292.2613011006,8351.26012997301,499.89257849777977,7.847945436047925,0.9255671961869321,0.001482656144861166,-40.08467477564119,65.59411539545088,-1.4000343388325676e-05,-1.631225073596829e-05,-326.4275049414341,0.3816058805348984,9.323910821071099e-06,0.007766577098386799,-0.22595007547158225,-0.8135087780564969,-0.9676003542469805,1789623753.305171,Fiber Bend + Polarization Drift,2,0.7,1
0.010054530018573697,125561.08825906846,260360.67111435044,506.20011346730263,0.9258804455416314,-39.82220264051376,63.999695366687355,14.621546875275893,514.3433677463372,513.3433677463372,0.0370597772291843,-0.0270052472106106,12488011.675047955,0.008414018736369063,0.001256080373372509,1.5777379043716215e-06,0.0013458973732705017,258970.77971059535,8146.7470101537365,500.42124367512787,7.809784705132202,0.9255437358516115,0.0014728412349698458,-40.06593231159638,65.50578334513364,1.1385639463869385e-06,-8.820634170338567e-06,-225.51076475262946,0.37073833561177594,2.1213020703054924e-05,0.008128502147327176,-0.15678279860029518,-0.775560503789671,-0.9682297896642271,1789623754.305171,Fiber Bend + Polarization Drift,2,0.7,1
0.007923500550267122,133574.46786846095,260000.803404725,487.4805466835298,0.9267975406436464,-40.411128415181715,65.62889413443156,14.543830272586538,533.3562645188309,532.3562645188309,0.036601229678176805,-0.028677729127909682,16858012.064371955,0.008367294816137568,0.0012517246209945276,1.5668145268038937e-06,0.0012495868929004589,258828.00789396052,8096.010842212218,500.1914877154154,8.097324176986705,0.9256904593376906,0.0014062233847370507,-40.074503932563516,65.59815564248252,3.3865019638388342e-06,-1.3553624816387682e-05,-170.00966262989033,0.17931776800914656,8.643779799385551e-06,0.0036330207817013723,-0.11574150300821537,-0.7880349665819698,-0.9645251834075881,1789623755.305171,Fiber Bend + Polarization Drift,2,0.7,1
0.0095170129368215,132550.40343656868,270630.6893079175,500.92070758185326,0.9232607463365043,-39.97345842428813,64.20527910375935,14.43429907554997,540.2665236467489,539.2665236467489,0.03836962683174783,-0.028852613894926327,13927731.770094449,0.008413618810980617,0.0012718254103599475,1.6175398744372488e-06,0.001771311754037495,259538.47113826117,8318.198462153576,500.3309816099349,8.078624886307118,0.9255802436761533,0.001482300329242914,-40.06957059774536,65.55385626785396,1.3915467112383155e-05,-9.913720439099011e-06,-120.65083112895847,0.15846775334923402,-1.0527554839102872e-05,0.004342869928612131,-0.0981431806057535,-0.7922796811866725,-0.9696479753776567,1789623756.305171,Fiber Bend + Polarization Drift,2,0.7,1
0.0060879709567864485,134965.3387173434,258679.0946297841,493.79702865824936,0.9301046030839082,-40.18874677644605,65.11991408733277,14.665141711041576,523.857130798599,522.8571307985991,0.034947698458045906,-0.02885972750125946,22169182.421426203,0.008424123961635908,0.001251322500129672,1.5658079993307732e-06,0.001771311754037495,259287.797046268,8245.574418883627,500.04157207313415,8.177313236530644,0.925672586273195,0.0016766306765233871,-40.07683685403048,65.53819573697876,-3.34348177474812e-05,-7.955766238824702e-06,-74.50877944753438,0.1051671961708516,5.339370758807194e-05,0.0038675844094962905,-0.03721173528536775,-0.8036567361045197,-0.9683853838230975,1789623757.305171,Fiber Bend + Polarization Drift,2,0.7,1
0.007974022663160616,127289.07606904423,251569.63506511884,493.88195362048623,0.9258388363640859,-40.177618410887824,62.9457408646238,14.748758248537216,509.37199308649474,508.37199308649474,0.03708058181795704,-0.029106559154796423,15962968.93625725,0.008433186464547557,0.0012472026931257874,1.555514557740217e-06,0.001771311754037495,258762.57387425844,8302.088209732729,499.98714525571404,8.21352113203116,0.9255551183215661,0.0015534688921998495,-40.07842454785361,65.45964991095525,-4.435623767684183e-05,-3.322140091596381e-06,-91.62917839032013,0.00031969951342073974,8.595781262779029e-05,0.002326401002635122,-0.036623304615262545,-0.827884740282059,-0.970349465092967,1789623758.305171,Fiber Bend + Polarization Drift,2,0.7,1
0.009041487814835391,131457.5882720434,266221.2146903934,493.2681570740747,0.9249851267788824,-40.34780364021285,67.12172899958534,14.512840885511427,539.7089004681376,538.7089004681376,0.037507436610558775,-0.028465948795723384,14539375.704996921,0.008450915944095331,0.0012525620123837909,1.5689115948669317e-06,0.001771311754037495,259270.31081901063,8354.400439914083,499.3493908141204,8.090553724928279,0.925571181301487,0.0015453949563784507,-40.093799790854526,65.41775714578591,-3.709050467363476e-05,2.32547833574782e-06,-75.12801426807432,0.0305469987264597,7.098069182674578e-05,0.0009898445921086546,-0.059986834966889765,-0.8326473085171047,-0.9709898434115242,1789623759.305171,Fiber Bend + Polarization Drift,2,0.7,1
0.010271295474784236,126559.38850111362,261241.2730374069,494.0843735116231,0.9200907994131577,-40.20786218846771,65.50185053400492,14.567654032863498,528.7381812557189,527.7381812557189,0.03995460029342113,-0.02968330481863689,12321657.848497653,0.008586084298000436,0.0012593627050320572,1.5859944228256606e-06,0.001684755894960803,259781.44312808785,8063.385732933379,499.1917624203859,8.152967407233444,0.9253035623301835,0.001859955950814438,-40.099830402994606,65.47881090410704,-3.587529448281642e-05,1.8910140508050182e-05,-165.00797195284514,-0.03129623558022401,3.2493475261656116e-05,0.0003039899807222705,-0.07717482722984474,-0.8108005919059227,-0.9691641042151458,1789623760.305171,Fiber Bend + Polarization Drift,2,0.7,1
0.006565525733697744,136903.08253860858,263833.9175514697,508.97495472762984,0.9283862739491906,-39.85344907988583,66.53235574237613,14.559804749731173,518.3632614941856,517.3632614941856,0.0358068630254047,-0.029241337291706956,20851808.07927531,0.008438927738480501,0.0012718647482476135,1.6176399378349652e-06,0.001771311754037495,260009.860431539,8094.0079046692135,499.7862546141416,8.301445372788761,0.925456083839209,0.0019480664045181655,-40.08713312463623,65.60783604789017,-3.7943050070192545e-05,8.25821903525506e-06,-144.1800973659723,0.008219029581663205,5.3646013755460205e-05,0.0018677727586034584,-0.11920701056568296,-0.8384660412546412,-0.9693974535905351,1789623761.305171,Fiber Bend + Polarization Drift,2,0.7,1
0.010073533184833922,128504.77413818592,263561.56999496976,493.6209956520724,0.9230243914459966,-40.20933938730275,65.3343210424283,14.519083471687274,533.9350884919419,532.935088491942,0.038487804277001714,-0.028414271092167792,12756673.530559728,0.008511836332916837,0.0013106434554173935,1.7177862672284454e-06,0.0018275024076846967,259636.84701147824,7697.121474813213,499.8005537530977,8.290498379980034,0.9253487400532932,0.002004352003518697,-40.08133643903687,65.53279880392535,-2.4735478557095145e-05,1.8330475919311067e-05,17.375364638273783,-0.11391842750483543,3.371864498028424e-05,-0.0019315190771304076,-0.15235551988487822,-0.8476316695983043,-0.9683485730036024,1789623762.305171,Fiber Bend + Polarization Drift,2,0.7,1
0.009547087882079613,133799.5125273667,270579.5902462288,512.7677489775282,0.924087276780764,-39.6609725583174,65.34335873384939,14.390926350181541,527.684494170648,526.684494170648,0.03795636160961802,-0.028409273727538403,14014693.713935055,0.008483522108500528,0.001279967773006831,1.6383174999360664e-06,0.0018013866992956078,259781.19908882197,7865.311109899714,500.42079975000183,8.64960881964849,0.9253989904210265,0.001955759796464207,-40.0639409873555,65.53730724048245,2.2517611847278876e-06,1.6680971984033156e-05,191.72471520138646,-0.019610787799505303,-3.1028560401313856e-06,0.0018035387855933366,-0.0870860590142104,-0.839683901879861,-0.9717618489142539,1789623763.305171,Fiber Bend + Polarization Drift,2,0.7,1
0.009115853461602883,125549.52073936371,253895.60995788837,494.6316013449992,0.923407724155118,-40.15573680377248,63.828948352141644,14.705979061988748,513.3024442180746,512.3024442180746,0.03829613792244102,-0.02918028446083814,13772656.753226018,0.008499242570532226,0.001285213260864951,1.6517731259031207e-06,0.0018013866992956078,259537.39001963713,7949.058085906172,500.8562374337401,8.052596292978128,0.9253798780892615,0.001972717555205581,-40.05109870783877,65.52940679768204,1.048186400569453e-05,1.7584706229104514e-05,139.49257613348854,-0.23980094729182633,-3.6618355135546324e-05,-0.003172335255453672,-0.08712783484253923,-0.8431005852980337,-0.9755306651942294,1789623764.305171,Fiber Bend + Polarization Drift,2,0.7,1
0.007736535539356531,133354.947954278,263007.6822918342,495.6794538674668,0.9262437813784679,-40.125206351871306,62.81373934573234,14.567874843947918,530.6003309997117,529.6003309997117,0.03687810931076607,-0.02914157377140954,17237036.82040728,0.008425775848487742,0.0012741699087553562,1.6235089563776328e-06,0.0017804773974649697,259874.63327294253,7910.191619379571,500.70770448822475,8.11224629476837,0.925426553841491,0.0019787917910608368,-40.05540570650392,65.47657026581291,1.4181101609591314e-05,9.29502460087934e-06,121.91815265708529,-0.3022212410336193,-3.1673768400525696e-05,-0.0035207325897905623,-0.08606241279204167,-0.8517282657922189,-0.9756491353824648,1789623765.305171,Fiber Bend + Polarization Drift,2,0.7,1
0.007442152590155276,127804.7247304289,250547.11378163777,489.3503681253431,0.92943422138631,-40.31060309960619,63.920607231794115,14.779112370091632,511.9994386465081,510.99943864650817,0.03528288930684498,-0.027840736716689702,17173085.76815439,0.008379542593421102,0.0012879774088220958,1.65888580563608e-06,0.0019142987055436435,259545.17883028951,8117.5778993250005,500.5819927832461,8.261546521770985,0.92560427184172,0.002125772894249362,-40.05048410936332,65.31305588695052,6.823583485242032e-06,3.813324348313572e-06,24.906388487559653,-0.4892036294597576,9.672612502845765e-07,-0.009658774049986428,-0.04348440760016284,-0.8378332675108031,-0.977042385082089,1789623766.305171,Fiber Bend + Polarization Drift,2,0.7,1
0.008799181615612295,134742.35416702376,269649.02061346895,497.48725054066966,0.9261511884614555,-40.161172009140486,66.23045422411245,14.427371379954138,542.021972061423,541.0219720614228,0.03692440576927225,-0.028125224153659957,15313055.242313879,0.008427401288794479,0.001280429902455365,1.6395007351018557e-06,0.0017804773974649697,259741.76063064364,8298.360034252479,500.18507050007355,8.161719516991708,0.9256272728321648,0.0021284535374814003,-40.06503859970268,65.35697273511191,2.9288908378821367e-06,7.966218861532543e-06,170.06558807555663,-0.4494873325623342,5.734640941661087e-06,-0.008148764922399198,-0.02104011807680917,-0.8390663560021204,-0.9782223145353866,1789623767.305171,Fiber Bend + Polarization Drift,2,0.7,1
0.008657345517302331,125322.96979149304,252311.61325030713,496.2543032101439,0.9248151720690518,-40.10848482419137,63.71612464238438,14.754980323549036,508.432091405892,507.432091405892,0.03759241396547408,-0.02893506844817175,14475911.760830848,0.008447716071553453,0.0012798880102717334,1.6381133188373368e-06,0.0017804773974649697,259130.31639094956,8260.057831215077,499.67792577206905,7.99459261854732,0.9255829436544732,0.0021333593235587085,-40.07127785485925,65.18945512475769,2.27219954252038e-06,9.67773939957827e-06,180.03919837720656,-0.3982928292136883,1.1996129970434858e-06,-0.007424455450347448,-0.017673571023716556,-0.838691439969835,-0.9780110831516919,1789623768.305171,Fiber Bend + Polarization Drift,2,0.7,1
0.009670044853515225,125702.097759514,258062.05224295665,506.8433596949283,0.9231208953234689,-39.80388144715989,60.226071338038686,14.651111614381811,509.15543689530733,508.15543689530733,0.03843955233826557,-0.028769507484750344,12999122.513254855,0.008403500139103588,0.001216219239851577,1.4791892393851474e-06,0.0017804773974649697,259506.94572368954,7983.469492472361,499.7119493107714,8.023154014630782,0.925578951689963,0.002137864470034732,-40.056816261655484,64.80925095143246,3.6832505385021134e-05,3.516552451400625e-06,65.33832388466482,-0.2690019076804286,-4.5149479163982395e-05,-0.005897615141684621,0.06399663609145136,-0.8425103679712638,-0.9798007444033943,1789623769.305171,Fiber Bend + Polarization Drift,2,0.7,1
0.010214860451147192,127936.92043905162,265119.3963456751,506.26003537040486,0.9244720309144248,-39.8204949380892,63.56293025543522,14.525748921199078,523.6822538277205,522.6822538277205,0.03776398454278762,-0.02754912409164043,12524588.177284744,0.008407779207705624,0.0012223808892202982,1.4942150383310069e-06,0.0017804773974649697,259855.4083452317,8030.576721963996,499.8015121526851,8.083029856850462,0.9255943641661564,0.00212841902760063,-40.054258318281775,64.858562989271,7.059659038919658e-05,-1.2598223587512017e-06,86.15441122961406,-0.16546788624284028,-7.02895362034399e-05,-0.00199246014729669,0.08232713381122565,-0.8337328292060173,-0.980048009175846,1789623770.305171,Fiber Bend + Polarization Drift,2,0.7,1
0.009677890759424204,125569.7618126725,259618.14202496386,500.6662821276433,0.9230610133612833,-39.98078795937057,63.953990281657006,14.654945324902224,518.545289132882,517.545289132882,0.03846949331935834,-0.028791602559934133,12974910.022661116,0.008530486151608205,0.001189300721455604,1.4144362060548198e-06,0.0018013866992956078,259670.93846095464,7980.785793097075,499.86585362774554,8.083255368819724,0.925442457096335,0.002167917352632074,-40.05155213383596,64.80494196950949,6.434507656198555e-05,4.076999904726117e-06,127.70906844757938,-0.1649230631818142,-8.103105345716584e-05,-0.0012561147412280824,0.09854988864414432,-0.8487404450531318,-0.9784516846458113,1789623771.305171,Fiber Bend + Polarization Drift,2,0.7,1
0.008449905916253326,130469.55012980808,265741.66172457015,501.66895330432345,0.9251382281620701,-40.125638468953504,67.42274544184232,14.598774445247416,529.7151836369778,528.7151836369778,0.03743088591896493,-0.028980980002711605,15440355.362874627,0.008532347786791369,0.001189136693668132,1.4140460762279766e-06,0.0018013866992956078,260218.87417967134,7908.1983887907845,499.33977471576765,7.499742486455738,0.925439984076833,0.0021682277012704007,-40.07343471322854,65.04423340094054,6.233004785552382e-05,-1.8627031895338192e-06,107.46981691485007,0.0012716585929728387,-8.626335500986861e-05,0.00278979289311564,0.11962034300381758,-0.8488319668284942,-0.9710120737054894,1789623772.305171,Fiber Bend + Polarization Drift,2,0.7,1
0.010354776435874371,119489.20278015234,249426.0407191118,496.84550724710533,0.9239282202715138,-40.15101841961661,65.8294809389398,14.809957034836236,502.019314013964,501.019314013964,0.03803588986424311,-0.02768111342836874,11539525.118686207,0.008631000936406029,0.0012331176693393172,1.5205791864368295e-06,0.001924343670731219,259354.057153185,7858.856998069276,499.05811560018634,7.455774635106717,0.9253015983150036,0.0021498159084818204,-40.07778428210358,64.99155939970903,7.271346524191684e-05,1.1451608748079534e-06,116.11958391028904,0.02371975539865909,-8.073929542400946e-05,0.002385190758259751,0.09776870478363904,-0.8430635242249404,-0.9706945966445258,1789623773.305171,Fiber Bend + Polarization Drift,2,0.7,1
0.008515166462194542,128133.09760770059,252176.65130254737,495.189045179238,0.9243736738960957,-40.23728657215929,66.36039632908731,14.671386263621539,509.2532917630878,508.2532917630878,0.03781316305195215,-0.029297996589757604,15047632.735846473,0.00866177954758245,0.0012201714397563096,1.4888183423969858e-06,0.001746544303248103,258779.0116503779,7837.007888269503,499.21164537563527,7.3340087396299385,0.9252442286107736,0.002154670411509165,-40.07595880150266,65.02866852089714,6.279122640528291e-05,-2.427180636996656e-06,121.85392402287344,-0.0890678888664162,-8.424156973009177e-05,-0.0011385311238097983,0.07331371556147719,-0.840962205897355,-0.963923717463232,1789623774.305171,Fiber Bend + Polarization Drift,2,0.7,1
0.010696772965667864,124409.83361456232,263604.7966240178,505.49690726661026,0.9217527545234181,-39.84293124124783,65.00932924245286,14.604054783367124,521.4765764827654,520.4765764827653,0.03912362273829095,-0.028426849772623088,11630594.94801521,0.008825654536177244,0.0012072932865277196,1.4575570796949023e-06,0.0017038680962635881,259419.5823227365,7545.369762166046,498.7193687351531,6.426411550516855,0.9250379475679686,0.0022308531617809013,-40.08532010655474,64.9657585428461,6.095696806591933e-05,7.427977948432591e-06,54.514813118615216,0.15487169223439992,-9.981504147804e-05,0.00568309437487919,0.3401782843462723,-0.862876516269016,-0.95941037920435,1789623775.305171,Fiber Bend + Polarization Drift,2,0.7,1
0.00865737317255894,125820.45142732759,252554.27811403142,502.86684167758347,0.9246217506896994,-39.917516675880705,63.59270748998056,14.73780839141454,502.22893454557567,501.22893454557567,0.037689124655150286,-0.029031751482591343,14533328.865404293,0.008812137940052223,0.0012072100498706573,1.4573561045087147e-06,0.0017038680962635881,258974.53552066654,7608.786707327466,499.1993163749366,6.268238345493069,0.9250443653691659,0.00222941534921226,-40.07138376060357,64.92693448782707,6.109993702759182e-05,2.2555778690829996e-07,33.75143269946029,0.11464387733526306,-0.00010942327789789916,0.0054259969385095875,0.3432575011202259,-0.8609655846682664,-0.9665855817161839,1789623776.305171,Fiber Bend + Polarization Drift,2,0.7,1
0.008546172207600733,132403.31594184393,264774.11584901117,499.79509790326637,0.924658612609627,-40.06397156478499,65.80647821791113,14.526186232193167,529.7653317525281,528.765331752528,0.0376706936951865,-0.029124521487585764,15492703.95278111,0.008869691963155124,0.0011578502509953367,1.340617203729964e-06,0.0015255908446521055,259412.52728091832,7614.868063059966,499.12725323627814,6.250593866773898,0.9249505389768501,0.0021940355944105564,-40.06857878249492,64.8587029647222,4.159670562779923e-05,8.251424994886136e-07,35.78388356623625,0.14411699908313433,-9.338500211779911e-05,0.004867294638626917,0.3378633862996289,-0.8557920840997095,-0.9677509564834449,1789623777.305171,Fiber Bend + Polarization Drift,2,0.7,1
0.010608258439625859,120481.65265518682,251787.102412301,504.09200979783975,0.9242234417859287,-39.882410080592095,64.20702222798798,14.751366556365408,499.4863983527081,498.4863983527081,0.03788827910703563,-0.02728002066740977,11357345.160930682,0.008967930304149274,0.0011963632031158715,1.431284913769668e-06,0.0016046241023203716,259958.14945186744,6474.930230214527,499.12494386447656,6.248748201567313,0.9248743499730281,0.0021848711492827772,-40.06158887911762,64.72856656674307,5.047109108062191e-05,5.869050000932044e-06,-247.26444510601402,0.24017042975586073,-8.832038944922059e-05,0.006699986138588727,0.37615254274402704,-0.8352695922213986,-0.9565634894748339,1789623778.305171,Fiber Bend + Polarization Drift,2,0.7,1
0.009804180699150135,127512.15017990337,263893.7687379524,504.75791553324837,0.9219544037998517,-39.98984407866582,66.76108552054923,14.576964853348628,522.8125416501165,521.8125416501165,0.03902279810007414,-0.029218617400924005,13005895.555449793,0.008957916331372332,0.001188246298319067,1.4119292654689652e-06,0.001354274782896809,260099.47335681156,6520.569918272998,499.0672559471144,6.189541177444288,0.9247173083033567,0.002247121302332937,-40.068294536643705,64.83902217289754,6.905632264025869e-05,-8.727547949503664e-07,-206.91043507116999,0.36291878734201405,-0.00010521278305404502,0.009756108221105541,0.35360560442053085,-0.8712240220667135,-0.9557095425426374,1789623779.305171,Fiber Bend + Polarization Drift,2,0.7,1
0.009565598071581957,128027.34853668897,262925.5384727478,483.78746354636104,0.9262605909099855,-40.58731537258649,66.55545470052853,14.580683358834337,543.473236254192,542.473236254192,0.036869704545007265,-0.027304106473425307,13384144.679572118,0.009023600232224926,0.0011745575057038032,1.3795853342051396e-06,0.001289014236955592,260216.46275953247,6543.945436045476,498.91953262162764,6.500569727065226,0.9246958303140105,0.002229633832705618,-40.0753420149399,64.87608459554143,6.432153473883391e-05,-9.698589337864013e-07,-181.81037967570126,0.10600745716075148,-7.016477405150058e-05,0.001536807873176657,0.21798739516494633,-0.8405605199106049,-0.9631219592142982,1789623780.305171,Fiber Bend + Polarization Drift,2,0.7,1
0.008811153431900967,131885.4124170226,267481.26135320344,496.4871932052873,0.9273479016951596,-40.10171590703735,64.08936117269417,14.519406173529687,538.7475548490239,537.7475548490239,0.036326049152420214,-0.027514895720519246,14968007.700277774,0.008995365852028106,0.0011708352812485898,1.3708552558164642e-06,0.001289014236955592,260090.48564134393,6370.258942606177,498.74219204656504,6.504031061539243,0.9248593165283566,0.00226792855910254,-40.08047231424987,64.87144787829881,6.729461439719387e-05,-1.0056086447297017e-05,-10.608434865657607,0.10356684291986544,-6.003495492364572e-05,0.0023121924680254416,0.21154341686317635,-0.8250769588088418,-0.9590934895688689,1789623781.305171,Fiber Bend + Polarization Drift,2,0.7,1
0.0067282623799498585,133808.08988007728,260571.2623464975,497.01427500901934,0.9277672160536055,-40.22084893868349,66.87245721931495,14.644310707964047,524.2731958589497,523.2731958589497,0.03611639197319727,-0.029388129593247412,19887466.083193157,0.00902097750895464,0.0011125069985825804,1.2376718218952215e-06,0.001289014236955592,260166.17235001246,6364.278072499123,498.87088190059586,6.436388834198641,0.9247658210471446,0.0020910457881523144,-40.08175640073936,64.94154960357811,1.7293556471747373e-05,-1.1667915288643272e-05,-20.28440616445356,0.038165205613209685,1.9260060095705595e-05,-6.633637947759806e-05,0.22251841697503208,-0.7918943486746123,-0.9577682965991979,1789623782.305171,Fiber Bend + Polarization Drift,2,0.7,1
0.010119079780041531,122834.39900612953,252471.11968440778,496.7448691589252,0.9252642044216295,-40.12959066735006,65.49080017000234,14.711097376561977,508.2510869450649,507.2510869450649,0.037367897789185256,-0.027248818009143725,12138890.262373779,0.009106779793629878,0.0011111698141081385,1.2346983557851151e-06,0.0015273609772331886,260202.23173478403,6317.853305854575,498.9853985221334,6.371750792375302,0.9247428357694463,0.002082264423617124,-40.07983529099785,65.04335197579324,1.69603366699938e-05,-5.032616921071673e-06,-177.28103438820207,-0.03134881018792319,3.459067518344281e-05,-0.0014665035573686626,0.19524341316217514,-0.7664559995267033,-0.9550080085602454,1789623783.305171,Fiber Bend + Polarization Drift,2,0.7,1
0.008117532184942898,126021.66524980473,248894.92690482858,506.12518794306396,0.9262920865428497,-39.82433821259325,64.57958606396576,14.779410337793406,491.7655410835387,490.7655410835387,0.036853956728575166,-0.028736424543632268,15524627.729048077,0.009069821568434177,0.0011279655832193726,1.2723063569274194e-06,0.0015583667226393792,259509.1802233614,6565.061268923324,499.49967975689293,6.408300297247525,0.9247951141600049,0.00210398455811055,-40.05889667389307,64.94166625836846,7.175900494169137e-06,-9.76946173051921e-06,-221.46632633938887,-0.022615476167613075,5.131436164768265e-05,-0.0017877524796300348,0.14906428234574792,-0.771999315431794,-0.9568521792381932,1789623784.305171,Fiber Bend + Polarization Drift,2,0.7,1
0.007219169782429076,137997.62280973545,271303.5001743782,505.18782898741716,0.9271110632791557,-39.95547811906507,66.452484614299,14.465934017657062,537.0349098040832,536.0349098040832,0.036444468360422144,-0.029225298577993067,19115442.214091077,0.008947736540739971,0.0011561386172758337,1.3366565023564766e-06,0.001354274782896809,259911.66930884027,6955.73615833773,499.94381797592473,6.402361590822886,0.9250759247146447,0.0019176074093969606,-40.04880131111696,64.97969162158023,2.10769999454571e-06,-2.2013599695597825e-05,-95.27475249724041,-0.024262545723165746,2.5649206048294903e-05,-0.0023227748115795615,0.14972902963072277,-0.7862803676278712,-0.9602887366884058,1789623785.305171,Fiber Bend + Polarization Drift,2,0.7,1
0.008838038810375022,129981.28992442777,265224.14713794854,503.59656648585303,0.9212209028054044,-39.98361172886979,66.20993262707445,14.580228737721503,526.6599591587945,525.6599591587945,0.03938954859729782,-0.030551509786922795,14707028.64212839,0.00903863706380706,0.0010497036761757783,1.1018778077769434e-06,0.001289014236955592,259967.27849229943,6992.332135950081,499.7286824462537,6.181844083238326,0.9247893098688935,0.0019367966804524571,-40.05400781707632,64.96679469696815,-2.272700251001455e-05,-1.223483889126684e-05,-7.0140131868697395,0.09976650034706937,2.3167880769994038e-05,0.00023249749070566522,0.26084972887889574,-0.6811361207535155,-0.9572321135097432,1789623786.305171,Fiber Bend + Polarization Drift,2,0.7,1
0.007803185902156089,130218.75968554753,256798.89638248348,519.5628203532922,0.9269263994232242,-39.44629898918865,62.22116118881439,14.665443964403336,494.2595703977922,493.25957039779223,0.036536800288387905,-0.028733614386231815,16687896.625603516,0.008947823172499949,0.001054440054523222,1.1118438285829351e-06,0.0012279848431708783,259696.77154779996,6978.84827488914,500.76635543430245,7.168123783873073,0.9249453901879825,0.0019454842339003075,-40.02348620115176,64.8422683028236,-2.378220586883186e-05,-1.876230624563307e-05,-0.31770225077509306,0.2217739823163813,2.5245677042540727e-05,0.004288801738173727,0.13549938591321922,-0.6840065335806145,-0.959765923692018,1789623787.305171,Fiber Bend + Polarization Drift,2,0.7,1
0.0072750598991890856,131993.99841640325,257976.31068453027,497.7404637383085,0.927876346996527,-40.06534419422237,62.43011420492339,14.654113175933045,518.2948333092799,517.2948333092799,0.036061826501736505,-0.02878676660254742,18143355.552456133,0.008856942053184328,0.0010959677010708288,1.2011452017904776e-06,0.0015603585744813058,259192.640365332,6620.509399219477,500.16526402473363,6.754671764144401,0.925096952996613,0.002018936251383608,-40.03966106658795,64.72573852166656,-3.323045052667395e-05,-2.4788856112093764e-05,92.62930753410046,0.31385660978561736,4.371952889538135e-05,0.007527556692019334,0.10630467782962075,-0.7072556787144404,-0.9621916290483654,1789623788.305171,Fiber Bend + Polarization Drift,2,0.7,1
0.010017872129619396,125385.77610245137,258679.84903139662,531.7279987766033,0.9232046628683985,-39.348072921142276,68.29399947062079,14.631063071807018,486.4890500905834,485.4890500905834,0.038397668565800736,-0.02837979643618134,12516208.480214959,0.008893022799904988,0.001118513443149007,1.2510723225050472e-06,0.0016866485142072365,259384.00992827237,6533.199778678479,501.64911992199785,9.057988430773998,0.9250888305451442,0.002026111627465033,-40.00735451128275,64.90434056640572,-1.9925058813857003e-05,-1.873489462504773e-05,34.92554499256776,0.549868303774761,9.359946989219927e-06,0.01275068989351883,0.2035413516895996,-0.7214712302644192,-0.9611718620241222,1789623789.305171,Fiber Bend + Polarization Drift,2,0.7,1
0.006689674053978351,130215.28358528674,246892.66239430063,494.66577948375084,0.9251774152893977,-40.204109353251845,65.68557744513541,14.766073172062638,499.1100509357364,498.1100509357364,0.03741129235530116,-0.030721618301322813,19465116.317266263,0.00885114834048986,0.001178986924714758,1.3900101686483627e-06,0.0016866485142072365,258739.40913237107,6926.997880372757,501.60857294664913,9.08684299356928,0.9250461759015814,0.002012527351742658,-40.010510631337965,65.01921409038184,-5.1828535227895145e-05,-1.931437891434737e-05,-44.14247783924516,0.4257100391840938,2.1727160654026083e-05,0.009755972946380014,0.2312787318227921,-0.6706110663264678,-0.9589568147218345,1789623790.305171,Fiber Bend + Polarization Drift,2,0.7,1
0.010430404629307723,127099.79923219819,262265.138788746,506.8339761596414,0.9215602260029387,-39.957503811573865,67.13729476383637,14.534975298654503,517.4576905359997,516.4576905359997,0.03921988699853063,-0.028789482369222907,12185509.934587643,0.008970678422055959,0.0011815557474370638,1.3960739843015585e-06,0.00156796621336607,259208.13013265532,6751.020879721007,502.30791726802113,8.784263386410622,0.9247312160862466,0.001914926316344457,-39.99638665981667,65.14788159166353,-5.134074237292226e-05,-2.7815556905303224e-06,-93.5202345185011,0.3513624821678837,3.342961643691796e-05,0.007244341984597196,0.1848827722761001,-0.6746419744992862,-0.9516712318032886,1789623791.305171,Fiber Bend + Polarization Drift,2,0.7,1
0.010097374897060744,124038.35975153098,259287.96330103787,510.23653907179624,0.923235642067822,-39.70761877934179,63.78048257411836,14.670749439056042,508.17207989989333,507.1720798998933,0.038382178966088976,-0.02828480406902823,12284218.523731098,0.009022606153313897,0.0012012405449012597,1.4429788467146753e-06,0.0016474689808074188,258793.6878401581,6406.581590576663,502.81788880926615,8.859355558357422,0.9246145942305014,0.0019136768127665312,-39.97824453062472,65.04988272566378,-4.265543528346858e-05,6.776494559337663e-06,11.625591843935231,0.37634309308306235,3.382404155739589e-05,0.008262038157281063,0.21575487280113498,-0.6864689125844194,-0.9484415135380767,1789623792.305171,Fiber Bend + Polarization Drift,2,0.7,1
0.010202429226080261,123903.45216244574,255034.59428546313,495.5550703752743,0.9224488464277842,-40.128827037872604,62.951194489029604,14.665976004642674,514.6443039969914,513.6443039969914,0.03877557678610788,-0.028573147560027618,12144504.942579154,0.009084409501665013,0.001220451506156536,1.4895018788797574e-06,0.0016691738637882054,258902.60708156432,6317.9873385556575,502.78991949587135,8.881109933698143,0.9245199412048507,0.00195938996411681,-39.979058219171975,65.01928551952959,-3.5417367125740856e-05,1.651946553090503e-05,-87.89447917483581,0.24366583616268342,1.5838301763975502e-05,0.0055696428470188245,0.18238756545321863,-0.698968993322331,-0.9453483626359492,1789623793.305171,Fiber Bend + Polarization Drift,2,0.7,1
0.00910293302765328,123522.77149083263,251227.06756748466,487.3676816307588,0.9243583176324621,-40.36925934673049,65.00116808067045,14.777803517986362,515.4774865802862,514.4774865802862,0.03782084118376894,-0.02871790815611566,13569557.3191179,0.009061725028630535,0.0012146119824001567,1.4752822677900382e-06,0.0016691738637882054,258629.20769454548,6493.882641467043,502.0108923733045,9.334014791587192,0.9245694380972103,0.0019389457963455358,-40.0016733351548,65.21028938923484,-2.939002721350092e-05,1.7458521002899532e-05,-167.15116153703292,0.14184111939836686,3.559330511885369e-07,0.0037195540050611368,0.16138706948780412,-0.6953928144812472,-0.946931432780244,1789623794.305171,Fiber Bend + Polarization Drift,2,0.7,1
0.009367431391007876,128075.13664028866,260290.56622780408,496.87128358536415,0.9240992140627105,-40.09055930391468,63.88387823446476,14.596902466965101,523.8591458729076,522.8591458729076,0.037950392968644775,-0.0285829615776369,13672385.875516787,0.009027827866224964,0.001193600709309567,1.4246826532643013e-06,0.0016474689808074188,258436.05448983063,6368.571750291154,501.63534230190294,9.344367756288783,0.9245545254231418,0.0019410701462473404,-40.01247590978782,65.22312730839603,-1.5036768104851224e-05,1.6329654843827403e-05,-86.9136577956569,0.13689000671145712,-4.958668325895857e-06,0.004710852110241341,0.13335383642359094,-0.7076203073113534,-0.9447118541804564,1789623795.305171,Fiber Bend + Polarization Drift,2,0.7,1
0.0065648410719973205,133843.08800719283,256079.12881404022,492.23955416691706,0.9301654550659133,-40.225675039184566,63.669694374038535,14.657981463614403,520.232733526336,519.232733526336,0.03491727246704335,-0.028352431395046028,20387864.159896825,0.008903305878727888,0.0012786421763852026,1.6349258152310875e-06,0.0019798427121178463,258294.4939613937,6380.04525559298,501.29827318347395,9.523511088690933,0.9248387030913271,0.0022038771500803205,-40.022271392980386,65.2117554720913,-3.12714018888063e-05,6.535654602257606e-06,-96.84901945162053,0.0404690529536051,3.189940775802736e-05,0.0030597396507515274,0.1803974936003761,-0.7516131387444676,-0.9453283581747698,1789623796.305171,Fiber Bend + Polarization Drift,2,0.7,1
0.00894382166502997,133374.06438975164,271105.71158865426,497.9930092119617,0.9261141435634956,-40.058026048952605,62.00617787631855,14.458745439078605,544.3966211848227,543.3966211848227,0.03694292821825218,-0.02799910655322221,14912424.395853015,0.008923062508678954,0.0012752953739909722,1.6263782909227734e-06,0.0019798427121178463,258509.05595595704,6708.622823643388,501.1512354197794,9.545005919287965,0.9248777397073841,0.002217438152565853,-40.01956689618034,64.99509276947035,-3.543140963999425e-05,1.1666865782495919e-05,95.88005166254958,0.013665725194294615,4.666795513163265e-05,0.0016960259128151133,0.17533882560029465,-0.7465978317121665,-0.9591414012469457,1789623797.305171,Fiber Bend + Polarization Drift,2,0.7,1
0.009563570353135079,129885.69938349437,264274.2410935746,504.5446608880599,0.9232348870177909,-39.86946116556782,62.961435627612154,14.518384655834387,523.7876080750113,522.7876080750112,0.03838255649110456,-0.02881898613796948,13581298.049521426,0.008891414265369381,0.0012489173314505534,1.5597945007975718e-06,0.0019003399446764976,259102.98397093557,6533.170551735383,501.45920156541763,9.525299811809369,0.9248500063772351,0.002233418441510196,-40.00830460601839,64.88037095701725,-1.5201890265368155e-05,1.1055117632071764e-05,58.266992872105554,0.001932370867064868,2.2007966715149254e-05,0.0017671020379526352,0.21543001767286396,-0.7528213566051409,-0.9566856745323379,1789623798.305171,Fiber Bend + Polarization Drift,2,0.7,1
0.009986044445071354,121790.34724141922,248090.37173940605,509.8778303683136,0.9225872783353952,-39.779636662104174,65.85956739807932,14.76018575167901,486.56826589262835,485.5682658926283,0.03870636083230239,-0.028720316387231035,12196054.995682426,0.008950249384684455,0.001264357165665451,1.5985990423695725e-06,0.0019003399446764976,258939.53278840988,6751.869587465938,502.0467529729807,9.573320105422063,0.9247785505548071,0.002275691943710431,-39.98999860961619,64.86033779977691,-8.860089715252197e-06,1.7902084714717343e-05,-112.6512159489717,0.016941226724307642,-3.6420784824572253e-06,0.0015880633972902558,0.23026430033614373,-0.7652779730166938,-0.9651341252695358,1789623799.305171,Fiber Bend + Polarization Drift,2,0.7,1
0.008917447282620254,126318.61410553839,252666.17330773696,495.84695146671874,0.9243967053363136,-40.1826069477663,65.86517879547355,14.697247799553075,509.5648416519425,508.5648416519425,0.03780164733184321,-0.028884200049222958,14165333.430311194,0.00887907635736255,0.0012130798394624142,1.4715626969101566e-06,0.0018685122601284562,258501.98785575866,6789.6915584417675,501.66075474098506,9.620853505197054,0.9248843085873228,0.002192533609119742,-40.003585637876924,64.89457178189775,8.302357460143118e-06,1.1052407304635239e-05,-123.90651126064273,-0.005786167320276175,-3.742476389013158e-05,0.0012808139595881147,0.20403254874171659,-0.7453840395037349,-0.9674298527639965,1789623800.305171,Fiber Bend + Polarization Drift,2,0.7,1
0.009956038450347777,120546.33957097284,246919.4536396258,502.11492769874735,0.9228543009296242,-39.939104784320314,64.09148427536027,14.807431474291882,491.7588385019484,490.75883850194845,0.038572849535187914,-0.028616811084840137,12107861.994723614,0.008931022968474103,0.0012301593589479308,1.5132920484071841e-06,0.0018685122601284562,258276.59487678242,7071.089263447723,501.6306781818315,9.618210990830315,0.9248136105969199,0.0022280675929829967,-40.00444916221451,64.91452285331293,1.6026514162739883e-05,1.489609573942873e-05,-290.29930913452625,0.010467067809668107,-5.87888750912759e-05,0.0027367114585344263,0.21272977300738904,-0.7547278498262738,-0.9703877116563463,1789623801.305171,Fiber Bend + Polarization Drift,2,0.7,1
0.008327715429709339,131792.3876987334,263045.3235047316,498.1797413322361,0.9249503433435422,-40.08948747822517,65.51178152127919,14.565898517083495,528.0128870782536,527.0128870782536,0.0375248283282289,-0.02919711289851956,15825755.432103343,0.008922284697358448,0.0012336330435557068,1.5218504861525165e-06,0.0018685122601284562,258207.4431830113,7015.443048916655,501.5660639189904,9.635735159727052,0.9248252798262765,0.0022279892025556663,-40.00546979875212,64.90273498544765,6.609013888485266e-06,1.2958314566359301e-05,-181.3050659234776,-0.03974353666455757,-5.9076706533843185e-05,0.0013565183619619384,0.2154435962649666,-0.7546607016887461,-0.970632372750452,1789623802.305171,Fiber Bend + Polarization Drift,2,0.7,1
0.007767884074590833,131136.19033575614,257912.3495365385,491.4145000577219,0.9261512651092603,-40.24987667279396,62.250199261709454,14.637924926429625,524.8366694638516,523.8366694638516,0.036924367445369866,-0.029156483370779033,16881841.834471975,0.008808669722757047,0.0012035561711977063,1.4485474572280828e-06,0.0021528525481916876,258452.4530679807,6892.82696103609,501.05896352938566,9.821262399158485,0.9249023927592097,0.0022391584580002985,-40.020168462440196,64.82446206679651,1.281274556253523e-05,1.042773085498327e-06,-248.2324149826364,-0.10819082121084962,-5.2855222786699545e-05,0.0003310520908682308,0.22246200165413446,-0.7740695656033734,-0.9701196774458093,1789623803.305171,Fiber Bend + Polarization Drift,2,0.7,1
0.009605251170633383,128969.26480715394,265141.1233694133,489.6243534890485,0.9243105574254427,-40.30252776676895,62.52633680523394,14.545320406330154,541.5194760636917,540.5194760636917,0.03784472128727867,-0.028239470116645286,13426953.914693888,0.008800712541616377,0.001197590972100092,1.4342241364556432e-06,0.0021528525481916876,258502.3472532392,6936.410444336674,500.45362104761773,10.038599405634198,0.9249966389042333,0.002161326784753848,-40.03267580996431,64.65507211818391,3.012091484532459e-05,-1.8001265613229203e-06,-132.07768626969644,-0.17675154769841198,-8.77982077688976e-05,-0.001972097649807311,0.18647899505768026,-0.7675822548432559,-0.9711555275610332,1789623804.305171,Fiber Bend + Polarization Drift,2,0.7,1
0.00800433010954487,126836.88878075339,251728.47886538244,507.4136343960663,0.9261716625311367,-40.03003262402428,68.38840760473995,14.761588429244243,496.1011328853917,495.1011328853917,0.03691416873443165,-0.02890983862488678,15846034.214594055,0.008738261823134894,0.001196783626385006,1.4322910483832455e-06,0.0021528525481916876,258054.46486894455,6997.572301663497,501.3986678816058,9.524053953360603,0.9249930817690794,0.00215931587576282,-40.010384500021836,64.72839023435236,3.0418547695089564e-05,-1.075862412187277e-05,-150.3737899625191,-0.27916684564837546,-6.431231577072927e-05,-0.007494094636582526,0.26951275899157007,-0.7983498573908984,-0.9703226770928923,1789623805.305171,Fiber Bend + Polarization Drift,2,0.7,1
0.007829636921845448,130911.38248170856,258964.59104518767,506.507684328455,0.9268618408438063,-39.85269041239135,65.54487568802418,14.63991936046853,511.274752699027,510.27475269902703,0.03656907957809685,-0.028739442656251404,16719981.2441434,0.008699001162732674,0.0012097772893853716,1.463561089912617e-06,0.0021528525481916876,257713.798056624,6732.645672247528,501.79948752653263,9.519775519469292,0.9249736393350253,0.0021401285912028274,-40.00042348023599,64.78661081496556,2.2760157001616954e-05,-1.7120944194392002e-05,-47.70466041614812,-0.28112144059449196,-2.351403274321689e-05,-0.006951770974764086,0.24801876341824095,-0.8260358257080115,-0.9681346305344523,1789623806.305171,Fiber Bend + Polarization Drift,2,0.7,1
0.008005392308326165,133538.37896668274,262304.29091145186,506.0264957301535,0.9262880419923665,-39.91417316172379,66.2100195714909,14.53775549780078,518.3607837233284,517.3607837233284,0.03685597900381676,-0.0288505866954906,16681053.697742399,0.008750086359867725,0.0011510181007543551,1.3248426682641629e-06,0.0021264015285023287,257783.11919922213,6770.525328696082,502.1599763553779,9.502365354268012,0.9249144723725755,0.0020817283674772705,-39.9881564491576,64.7601133090526,-3.349774097655873e-06,-1.3122876012452657e-05,23.24376268099886,-0.28995502850543126,1.6554682048812378e-05,-0.008359868772972623,0.19044925921565903,-0.8146131425761194,-0.9685602774078631,1789623807.305171,Fiber Bend + Polarization Drift,2,0.7,1
0.00900701332990236,129304.10678782414,263720.3607472816,491.30582905815015,0.9243987187857705,-40.25306738958621,63.74557304201525,14.587685498448202,536.7743371839133,535.7743371839133,0.037800640607114744,-0.028793627277212384,14355935.985855354,0.008705603701862158,0.0011182748770937325,1.2505387007390027e-06,0.0017756142487879347,258233.08884173707,6776.34713407709,501.942414751347,9.684378110053233,0.9248798529471414,0.0020828206983772883,-39.99309551804705,64.69030422393311,1.2711793673632664e-05,-1.7872988842747906e-05,24.929074130327297,-0.444298229367446,1.5291200199610748e-05,-0.01221954271269972,0.21040070254859886,-0.8491845866935345,-0.966871839524517,1789623808.305171,Fiber Bend + Polarization Drift,2,0.7,1
0.0081612719024282,121947.15981096681,242943.37235954698,512.1633150169215,0.9249990936048214,-39.955721176561966,69.23752255329099,14.918337497657028,474.34746932532704,473.34746932532704,0.03750045319758932,-0.029339181295161124,14942175.835936092,0.00870735329056157,0.001117387309590062,1.248554399632917e-06,0.0017756142487879347,257995.02665992582,7192.021506429135,502.18393983430127,9.859396200549057,0.9248281332296202,0.0020630704584750016,-39.998350836605795,64.87662168350613,1.8064772788958313e-06,-1.8405312202830256e-05,-209.5883896897432,-0.30812372576804914,3.051421915066406e-05,-0.010186975736760983,0.22437442551125916,-0.8446714985119497,-0.967297279133906,1789623809.305171,Fiber Bend + Polarization Drift,2,0.7,1
0.008668510822677,134219.93842538135,272752.21808543516,506.4045819909769,0.9229286467245252,-39.8163763643676,63.03598899485373,14.456034363112707,538.6053518968654,537.6053518968655,0.03853567663773738,-0.02986716581506038,15483621.25525174,0.008765326932171486,0.001075484169966604,1.1566661998487551e-06,0.0016009210610885127,258052.97537636812,7303.984156237724,502.2326099544436,9.87709185264704,0.9246608365674349,0.002040618219641429,-39.99278676641789,64.73996185872832,-1.3433903659825144e-05,-1.2242282753517973e-05,59.71657399794412,-0.23912506048296084,3.5809798060527726e-05,-0.008078484202231926,0.23814711285148912,-0.819551641693787,-0.966869057285824,1789623810.305171,Fiber Bend + Polarization Drift,2,0.7,1
0.006563451035489734,129786.02958129608,250789.95017047113,505.8857635778405,0.9288940864899435,-40.03218686306029,67.80626658960216,14.791970817681213,495.7442336324654,494.74423363246535,0.03555295675502823,-0.028989505719538497,19774053.143616095,0.008674343421176076,0.0011584934261625961,1.3421070184619505e-06,0.0017756142487879347,257475.60749766897,7284.769324797761,502.32417783812315,9.899897219030484,0.9249677639148165,0.0020768747546571773,-39.994729771785515,64.80381521722943,-3.3031793154852136e-05,-1.8788240491496035e-05,64.38498202085366,-0.19176407710674181,4.048661357107028e-05,-0.008350427026526793,0.23258940659562638,-0.8867431069998464,-0.9687431554570035,1789623811.305171,Fiber Bend + Polarization Drift,2,0.7,1
0.009702696470899348,130626.75562995722,266077.47776675934,502.98699831833704,0.9247785021653847,-39.91406986514784,63.63009938864551,14.481193764469994,528.994742719693,527.9947427196929,0.037610748917307646,-0.0279080524464083,13462933.321859274,0.008750323843925807,0.001161153640436065,1.3482777766979265e-06,0.0016983663613544774,257846.75075304005,7474.723149871226,501.6611449567249,9.257380501766155,0.9248818480245029,0.00203813882856984,-40.013440606823885,64.86017274522267,-3.225087865529872e-05,-8.293384582819118e-06,137.01975027598638,-0.013259309060769144,5.8325937121930235e-05,-0.002121566216210307,0.35520574250803205,-0.8732177715836742,-0.9688959741981528,1789623812.305171,Fiber Bend + Polarization Drift,2,0.7,1
0.010032870132846804,123057.17623534362,256821.88452834336,514.2195626574626,0.9228337107100153,-40.007902604854266,70.8005248941473,14.711058414892594,499.4401286506875,498.4401286506875,0.03858314464499235,-0.02855027451214555,12265401.087218741,0.008860636253272115,0.0011466690019816242,1.314849800105534e-06,0.0019506461420216118,257800.57370679255,7477.345548236201,502.3203089134911,9.537205103685821,0.9246801425730424,0.0019805147033023795,-40.01114294324916,65.19498917279162,-3.5164629281856716e-05,5.621607041807578e-06,128.8550459783042,0.0634577344541833,6.936504393920786e-05,-0.0025894820720140754,0.3478941429704441,-0.8686352007587247,-0.9657631526903865,1789623813.305171,Fiber Bend + Polarization Drift,2,0.7,1
0.009243662745109267,121677.42772674584,247647.95961853504,509.43896596539724,0.9250712307534541,-39.85698030565841,66.7654636512126,14.830737688542664,486.118997884736,485.11899788473596,0.03746438462327295,-0.028220721878163685,13163334.82537798,0.00882966787789171,0.0011252516770170063,1.266191336629585e-06,0.0016973041625731825,257359.29813027807,7733.56775508204,501.42874760104286,7.58932947113399,0.9247548052884446,0.001958545468751578,-40.031499238629806,65.1338477400153,-2.0056641362964036e-05,5.297187712532717e-06,43.93136148658319,0.4232453135644388,5.822029163502957e-05,0.005464257880661679,0.2954345492502297,-0.8603385867275877,-0.9676901089224318,1789623814.305171,Fiber Bend + Polarization Drift,2,0.7,1
0.009594434984711544,124485.37369557857,254941.39977143463,485.47694244206184,0.9231713780465338,-40.42525317913204,64.94169524813012,14.700007081923905,525.1359590612484,524.1359590612484,0.03841431097673309,-0.028819875992021547,12974747.746369895,0.008945858315121038,0.0010454199755971247,1.092902925377493e-06,0.0015414245684711482,257681.24762536344,7453.60647598337,501.0611941193752,8.112442311814634,0.92467456379873,0.00198055733600331,-40.04034499166501,65.10409245213508,-3.4397190923760684e-05,1.9153936830666995e-05,-83.054057647131,0.20836820015477084,4.783014018076664e-05,0.00010350497595909429,0.16194224301171367,-0.9171646179562287,-0.9707755801296185,1789623815.305171,Fiber Bend + Polarization Drift,2,0.7,1
0.007966651297543169,127877.12165869541,249964.36486927667,496.2947266596449,0.9260870697973913,-40.10730969412912,63.363888076454906,14.729410495935962,503.6611340839419,502.6611340839419,0.03695646510130435,-0.02898981380376118,16051552.513429496,0.008847308181850456,0.001016557692205505,1.0333895415821823e-06,0.0015998588623072178,257189.21666858468,7540.270809946464,500.6396241393754,8.075256466323117,0.9248556375505081,0.0018925280946955286,-40.04633722696722,64.95315618463982,-2.8590561790304922e-05,1.2675071428391698e-05,-108.44790991564523,0.22209785939068957,2.9725279133571062e-05,0.0003137810618172665,0.1515697599700122,-0.9104322421540533,-0.9702385410040902,1789623816.305171,Fiber Bend + Polarization Drift,2,0.7,1
0.007588189701673269,133278.63388798767,262295.3200023822,499.5842117642854,0.9282978646801665,-40.01200210353989,64.58586747641223,14.583764809261623,525.0272403046612,524.0272403046612,0.03585106765991675,-0.028262877958243476,17563956.507122964,0.008746940774034956,0.0010120397359869137,1.024224427216462e-06,0.0015901048751666737,257309.5109366385,7596.572604111115,500.2135310470751,7.835096453525126,0.9250581264550022,0.0019772815992412573,-40.058512559935146,64.9853715807316,-2.771252676291451e-05,5.697693308692267e-06,-40.327182048366744,0.3083247406371434,4.529972858047767e-05,0.00401790513893924,0.049988842957589,-0.9112981080006473,-0.973364943915894,1789623817.305171,Fiber Bend + Polarization Drift,2,0.7,1
0.00819754494128592,135796.82235795385,268317.9640620264,504.14085393597304,0.9265655224372069,-40.02673314941227,67.03035733808164,14.447583818077545,532.2281698997228,531.2281698997228,0.036717238781396544,-0.028519693840110626,16565547.774435485,0.008666745402643183,0.0009721772963323039,9.451286955039883e-07,0.0015592402435902087,257840.845727701,7878.199695812541,500.55696238950287,7.811510463335377,0.925222793495379,0.0019238199770198786,-40.054428804396736,65.14853809469366,-1.822898839091411e-05,1.687451140198904e-07,38.54014182807661,0.29799234520127205,3.31213527594219e-05,0.003608108764391203,0.07442983264784514,-0.904455060347497,-0.97531631045599,1789623818.305171,Fiber Bend + Polarization Drift,2,0.7,1
0.008223530033541175,129742.42668071631,256909.26016462882,500.10109811874105,0.9260789458404006,-39.99708321978004,62.58967303993899,14.6433963359005,513.714649160058,512.7146491600581,0.03696052707979969,-0.02873699704625851,15776974.869859785,0.008631569282878698,0.0009716679190290036,9.441385448701542e-07,0.0015592402435902087,258068.13343158673,7765.268981246816,501.0662990490223,7.335550374585602,0.9252916186236965,0.001922439475901818,-40.039541759318716,65.05207829306441,-1.7958330932523975e-05,-1.4817341229622843e-06,-36.19689112552191,0.1618915597298745,3.237953885353101e-05,0.0009891471990539403,0.11231507571921891,-0.9043340703094338,-0.9746674307191764,1789623819.305171,Fiber Bend + Polarization Drift,2,0.7,1
0.009411679446970078,121915.22226019681,248716.3492004397,492.0393537539801,0.9229484992650321,-40.23154386649737,64.8121301171232,14.807073615781535,505.4806029291673,504.4806029291673,0.03852575036748396,-0.02911407092051388,12953609.708780002,0.008633339205117186,0.0009730460242367564,9.468185652829583e-07,0.0015592402435902087,257605.16475049217,7961.515482766371,500.87302185576686,7.505227957192534,0.9252455900317894,0.0019637693588882084,-40.04518114182203,65.08920836837075,-3.3986929519271493e-06,-2.78986859125258e-07,-100.29672529701365,0.03661575621598156,-1.1733008363081264e-06,-0.0012933553900932701,0.081281441311344,-0.903900703344137,-0.9759161499890081,1789623820.305171,Fiber Bend + Polarization Drift,2,0.7,1
0.009018798820860867,129182.8887601932,258198.98797686136,483.523569568143,0.9246847653661505,-40.48341878669631,62.206966853740774,14.590652852681174,533.9946265855679,532.9946265855679,0.03765761731692474,-0.028638818496063874,14323735.491403539,0.00873149751507173,0.0008786235229128471,7.719792950157823e-07,0.0015581780448089139,257689.959117005,7956.097806810172,500.52438247181584,8.078710694363776,0.9250263624437989,0.001688995989822296,-40.05549089172249,65.03069926755884,-2.052558552241491e-05,1.0360670067610358e-05,-110.07563949504836,-0.20986771101981402,4.284850643749633e-05,-0.007143564931789049,-0.04808594544222302,-0.8809123393266763,-0.9733330309613251,1789623821.305171,Fiber Bend + Polarization Drift,2,0.7,1
0.010886121691642986,122184.21064958275,256546.64594233103,483.820370159427,0.9202348649848355,-40.474565828879975,62.815888664367264,14.665390341784763,530.2518491683072,529.2518491683072,0.039882567507582234,-0.02899644581593925,11223851.258559844,0.008809189516136249,0.0009745954031754757,9.498361998907681e-07,0.0015890426763853788,257107.59649115207,7470.832357169589,499.95747690971444,8.709123471220028,0.9247911913006525,0.0019153091636762778,-40.07215248291959,65.06308769908078,1.4864945301329638e-06,1.878690645028294e-05,13.528225147530298,-0.3893723265019462,9.497110320957175e-06,-0.011037300539389998,-0.2181703194443563,-0.9167159128879722,-0.9714743868277095,1789623822.305171,Fiber Bend + Polarization Drift,2,0.7,1
0.008364627791138928,126433.40454950888,250446.6464138395,516.9281410720972,0.9256208796893344,-39.612116133329025,66.28605992382282,14.743088118389114,484.49025408912513,483.49025408912513,0.03718956015533281,-0.028824932364193884,15115245.735553967,0.008761231813656402,0.000965752580047128,9.326780458676843e-07,0.0015890426763853788,256554.4927039627,7431.534885373922,500.452816117076,9.288806065208474,0.9248866310075141,0.0018947169833183233,-40.061858681630035,65.19607267092921,4.926656207838298e-06,1.3843497962473176e-05,23.70897815040868,-0.186848202142652,1.5927295417137103e-06,-0.00476389798503635,-0.2698712500848571,-0.9150610346855731,-0.9706766669750785,1789623823.305171,Fiber Bend + Polarization Drift,2,0.7,1
0.008365758937002046,132336.82462167842,264497.12726240675,514.3004949267429,0.9264298168418368,-39.74180024043435,67.07116547749948,14.544672676085495,514.2851890509687,513.2851890509687,0.03678509157908161,-0.02841933264207956,15818866.59874312,0.008696420393333631,0.0009352683241868376,8.747268382272555e-07,0.0014062871386439132,257210.76292488273,7379.348490938539,500.62972269941315,9.506193495262242,0.9250403325477718,0.0018574456319731814,-40.060345224763246,65.24453659410601,1.352426366056298e-05,6.690176198514402e-06,12.384395198172177,0.03522666784357179,-7.156004862651435e-06,0.0010127078212593633,-0.3681050274717529,-0.9073185963814338,-0.9733108025780718,1789623824.305171,Fiber Bend + Polarization Drift,2,0.7,1
0.009631022525888254,127690.34649649414,262210.416037564,501.2316663675892,0.9232451142907592,-39.96450532046557,60.949507786416085,14.586385502035846,523.1321834428279,522.1321834428279,0.038377442854620414,-0.02874642032873216,13258233.604299191,0.008724963403064352,0.000952311537910932,9.068972652382845e-07,0.0015890426763853788,257592.53263407582,7381.244170071501,500.845111295448,9.456258242173751,0.9249942689059497,0.0018868822222803442,-40.051621159671214,65.04790975374371,2.4361629161625745e-05,7.617718548236653e-06,13.089143143772581,-0.007044641392517406,-3.0163522426581456e-05,0.000674766630899604,-0.3413656702591752,-0.9106298070534675,-0.97497484495222,1789623825.305171,Fiber Bend + Polarization Drift,2,0.7,1
0.008328003403886746,132934.5216150509,265333.92961828655,498.9404975068342,0.9237009981619417,-40.10457511899548,66.02810178915185,14.528384626099175,531.794734931598,530.7947349315981,0.03814950091902913,-0.02982149751514239,15962351.97898806,0.00865984200120591,0.0009210525104544276,8.483377270144036e-07,0.0014062871386439132,258329.1116732222,7195.887804789603,500.7181340877715,9.459667094080913,0.9250281367952424,0.001855505574752282,-40.05823997305822,65.12537445429537,3.300813348820519e-05,-1.445690454986193e-06,-22.18259771570494,-0.011927527715958928,-6.350108598067847e-05,0.0013111246060307899,-0.3803386345690836,-0.8824900238542618,-0.9746406305104804,1789623826.305171,Fiber Bend + Polarization Drift,2,0.7,1
0.00963405628658123,127571.73631597924,260231.93805818702,486.14301095028355,0.9237599747687966,-40.405473143103,63.37769639515604,14.590054972440015,535.299144894629,534.299144894629,0.03812001261560172,-0.028485956329020488,13241747.03999469,0.008712095635480784,0.0009376346310225975,8.791587012928826e-07,0.0015890426763853788,258216.57625536047,7143.056827949249,500.2366648724934,9.873860440235116,0.9249805220522525,0.0018720900347885183,-40.070879399653336,65.04001104925047,3.8679615022857824e-05,1.3979360485383196e-07,42.54407184521755,-0.17185105346350882,-7.59851315110256e-05,-0.002206579707590569,-0.41889466329677544,-0.8865282244381401,-0.9738561251325593,1789623827.305171,Fiber Bend + Polarization Drift,2,0.7,1
0.009598479868282555,125529.20251642351,257049.38437742324,489.01007877221764,0.9215076109478777,-40.56539184448955,68.42194012118469,14.663387430868122,525.6525285180422,524.6525285180423,0.03924619452606115,-0.029647714657778594,13078029.462897057,0.008785319467228454,0.0009325034226289601,8.695626332147251e-07,0.001437207965854356,258182.05764899586,7146.52787250327,500.1404880210732,9.970561455826218,0.9247947758857973,0.0019742943927732663,-40.083500006521156,65.28688068362946,3.741950771674387e-05,3.53827383459954e-06,28.727725783731664,-0.36370272715223034,-9.633534190440807e-05,-0.008561282699023412,-0.49320512188681775,-0.8807379077303127,-0.9740142018255,1789623828.305171,Fiber Bend + Polarization Drift,2,0.7,1
0.008001855937488634,138560.02662662926,271967.7599957502,492.1010964329034,0.9279017432502448,-40.229733639983586,62.535753298406945,14.377585558184744,552.6664377851722,551.6664377851722,0.036049128374877615,-0.02804727243738898,17315986.15484648,0.008721183657902665,0.0009290373056794898,8.631103153442058e-07,0.0015890426763853788,258455.12311404932,7527.4813599204645,500.23955773882744,9.877448567313484,0.9249384233187894,0.002062511796762992,-40.08058824144974,65.28725734335639,3.838685370704098e-05,-6.320565782567881e-06,225.57102003486997,-0.5430738409786608,-7.249782775920708e-05,-0.012101409225769877,-0.44645169739838175,-0.8839307579363934,-0.9765622934476885,1789623829.305171,Fiber Bend + Polarization Drift,2,0.7,1
0.00835988067796179,130365.76721521003,255439.17214433418,518.6368092721405,0.923842553016625,-39.47203492495165,62.7077119394516,14.610435554406118,492.5203294051184,491.5203294051184,0.038078723491687505,-0.029718842813725714,15594213.86944895,0.00873540568063934,0.0009206380845665267,8.475744827543232e-07,0.0014331630822833445,258603.55084520736,7429.325240472207,500.6884847338704,10.432742414000591,0.9248452589382089,0.0020572985735058833,-40.058268333486836,65.06002951674485,2.7883213793239585e-05,-8.14790984183975e-06,130.46503013544626,-0.30151229102184374,-7.028116150186528e-05,-0.005978437822302086,-0.4350725208514055,-0.8665236583293712,-0.9687675361799812,1789623830.305171,Fiber Bend + Polarization Drift,2,0.7,1
0.009992225504793447,129793.08820982689,266677.68495519215,501.4445837091823,0.9223277095663562,-39.958378222163816,63.12359520168516,14.48307235425439,531.8188561985834,530.8188561985834,0.03883614521682188,-0.028843919712028435,12989407.4295624,0.00882190922395726,0.0009329838052115144,8.70458780786957e-07,0.0014009349269966352,258912.07460160754,7596.192354361153,500.4859607090995,10.366746951953232,0.9246638936871109,0.002071338252568323,-40.062495845877734,64.9631782972913,3.042693996672318e-05,-2.606995210154814e-06,208.60590084280093,-0.2363409199192715,-7.33542597245301e-05,-0.003000596045288519,-0.38181732431524684,-0.8688284779373454,-0.970416456509935,1789623831.305171,Fiber Bend + Polarization Drift,2,0.7,1
0.009690609958008928,128458.59027950407,264765.63001736614,526.4980108539792,0.92487751565168,-39.58170579495133,69.58077325685552,14.555145584292955,502.88058940225926,501.8805894022592,0.037561242174160014,-0.027870632216151086,13255986.035568157,0.00888931792994457,0.000932433638827601,8.694324908172811e-07,0.0014074924923470795,259010.52816584412,7655.2416265358515,501.30482131405245,11.51677379530813,0.9246074726334834,0.0020453776879372733,-40.04919715120683,65.09800844470587,3.0280546817043e-05,9.731944125917568e-07,296.5608831636309,0.059175662397850735,-5.514088161441243e-05,0.002920692804802381,-0.2835098947718921,-0.8466750271960521,-0.9705971162673583,1789623832.305171,Fiber Bend + Polarization Drift,2,0.7,1
0.008382799065416072,128310.60818518007,259457.1111669025,490.2588072143923,0.9243800517236602,-40.28384547059641,64.36603898384641,14.677230745401765,529.2247836221753,528.2247836221753,0.03780997413816989,-0.029427175072753817,15306415.814561995,0.00886434935936512,0.0009372926050164809,8.785174274185809e-07,0.0014074924923470795,258839.99818262897,7595.677746109197,501.2629404403022,11.554899735565074,0.9246067259509991,0.002045457164750337,-40.05042827444724,65.12282708237913,2.6781942067127053e-05,-4.195869840696749e-06,347.7815136031596,-0.1427774672349592,-5.9327690028370126e-05,-0.001283994065664286,-0.2597043289087219,-0.839346843293091,-0.9683411167220366,1789623833.305171,Fiber Bend + Polarization Drift,2,0.7,1
0.009634889170425842,124324.00058538234,253387.79825969893,507.6832415206389,0.9252468701121812,-39.88694607737793,66.48817204530691,14.70216450468007,499.10609123267255,498.10609123267255,0.037376564943909396,-0.027741675773483555,12903521.606350504,0.008923294050085025,0.0009375603972297356,8.790194984535797e-07,0.0013060528826944837,259257.775218635,6971.422640218087,501.08373750045087,11.418392102541102,0.9246166370112934,0.002047933121604686,-40.04767727047989,65.01285306205976,2.6863842676779908e-05,-1.0923144447593566e-06,138.48725608375486,0.025490596195880618,-4.9494990463848556e-05,0.0011721433476745346,-0.23025554240833598,-0.8223740303176954,-0.9618421345456227,1789623834.305171,Fiber Bend + Polarization Drift,2,0.7,1
0.00759784227522745,131200.71233476038,254787.62246781652,499.73987653777425,0.9248530729022602,-40.007507529633415,63.603883861769745,14.651176197232957,509.84048788141416,508.84048788141416,0.03757346354886992,-0.029975621273642474,17268154.244598705,0.008880467308187043,0.0009720399607074646,9.448616852121692e-07,0.0014105262530400547,258539.1913939303,6449.7799969170055,500.8171492823229,11.368746279916447,0.9246936140584028,0.002019001791399993,-40.05532251709052,65.0355688567364,1.2081070942475886e-05,-7.11156069670231e-06,232.1687362826619,0.06629417067643374,-6.419240818414393e-05,0.003855950016610958,-0.22543600940695316,-0.8180426046049477,-0.9616054100134027,1789623835.305171,Fiber Bend + Polarization Drift,2,0.7,1
0.008041544285379173,130713.1537964924,254284.42330683983,512.3888288018982,0.9271186461286092,-39.64689072774918,60.72689490587131,14.62746200686134,496.2723795158155,495.27237951581554,0.036440676935695415,-0.028399132650316242,16254732.817196574,0.00893959103818262,0.0008687779733474472,7.547751669736977e-07,0.0014105262530400547,258678.970319385,6316.820112845706,501.0772718912851,11.554620065000064,0.9246225964439493,0.0018975766671862175,-40.03991067167808,64.75239398938717,-1.8832996610416014e-05,-1.0729430320117223e-06,115.40154170569674,0.22379581688923045,1.9722754855391664e-07,0.007857446150833268,-0.29171204923052213,-0.7845119815997404,-0.9520821300122476,1789623836.305171,Fiber Bend + Polarization Drift,2,0.7,1
0.008980123282006591,135186.29152401618,271466.45660784695,516.7346863560834,0.9252786487826876,-39.5540921488104,65.40310332277663,14.39696865908655,525.3497854424631,524.3497854424631,0.03736067560865619,-0.0283805523266496,15053946.062732566,0.00891068811062691,0.0008548171185735064,7.30712306206312e-07,0.0014074924923470795,258894.52947302852,6648.836463207864,501.62717941279493,11.952704692752215,0.9246426023086416,0.0019017468013158268,-40.02551156302457,64.82331414675241,-1.0827798494104406e-05,-2.4326077666445398e-06,307.42495114985735,0.3874230608348121,7.812152505106353e-06,0.01360033288876032,-0.2926461717336513,-0.7974936527271227,-0.9569715140833561,1789623837.305171,Fiber Bend + Polarization Drift,2,0.7,1
0.008994845996363845,130987.84790201885,260217.93726808712,507.1907300001964,0.9240427734968792,-39.79399717519195,61.82128394775122,14.53266691495299,513.0573606264182,512.0573606264182,0.03797861325156038,-0.02898376725519653,14562544.812325917,0.008869167145167592,0.0008239538324342969,6.788999179831654e-07,0.0013749498347413805,259030.37158261827,6639.788797902865,501.34602610650427,11.733861319481418,0.9246909648201159,0.0018702433518963352,-40.016955345838085,64.46414450889657,1.1708637502816165e-06,-5.977776663978567e-06,298.9145736573922,0.5647027448575024,-1.5813644820499465e-05,0.015913478358149213,-0.298987251946008,-0.7886188613920899,-0.9567677084886165,1789623838.305171,Fiber Bend + Polarization Drift,2,0.7,1
0.007367354424617079,129228.28093500229,249529.52991175116,511.482841494512,0.9253141813795736,-39.89250882167724,68.07443501234903,14.737890307936086,487.8551334833556,486.8551334833556,0.037342909310213224,-0.029975554885596147,17540662.968948852,0.008794114812347905,0.0008705600754978111,7.578748450507545e-07,0.0014009349269966352,259105.6343943469,6519.923189986081,501.4277811276689,11.79691449521324,0.9247006828451609,0.0018728234362316836,-40.018376486478836,64.51650336334203,-8.94706690153714e-06,-1.2853547798670387e-05,97.39037705470915,0.7392027470280418,-6.258217245972846e-06,0.018661965906046026,-0.3206552418936063,-0.7713800996963409,-0.9538930083104942,1789623839.305171,Fiber Bend + Polarization Drift,2,0.7,1
0.008286805096765531,126632.47184856274,250957.19607789285,499.1218803073765,0.926472252004712,-40.02535945367667,63.20782220807279,14.74312545293989,502.7974247960132,501.7974247960132,0.036763873997644025,-0.028477068900878495,15281217.594702374,0.008741809616830064,0.0008601238529083351,7.398130423418793e-07,0.0014009349269966352,258946.26624660526,6666.801937728424,501.97357864228144,11.353625572175861,0.924832717803488,0.0018767050268694244,-40.00238073746062,64.44714844173973,-5.626724090968816e-06,-1.7203142003654662e-05,-19.46832286475945,0.5584091218308112,-5.19831914407879e-06,0.014528740820764713,-0.2822271812893945,-0.7667879323959779,-0.9567936377532893,1789623840.305171,Fiber Bend + Polarization Drift,2,0.7,1
0.007929113099274411,128285.81049659297,252086.91180436575,495.4482834388433,0.9234810781095628,-40.13193622985715,64.81094855811553,14.718919428072583,508.8057022917966,507.8057022917966,0.03825946094521859,-0.030330347845944183,16179086.978634764,0.008740308088899314,0.0008615073976137689,7.421949961432484e-07,0.0014009349269966352,259031.16812400884,6564.608700341657,501.93972091344943,11.37175764749745,0.9247284781359748,0.0018765119469635967,-40.00336579888974,64.50503086100615,-2.08801212920438e-05,-1.606769323449948e-05,-172.60445456641025,0.4413871078188624,-5.1314733028158425e-06,0.012283554401188643,-0.27768616372082316,-0.7144947488434992,-0.9571004575064138,1789623841.305171,Fiber Bend + Polarization Drift,2,0.7,1
0.009662832811753359,122119.26145624621,248596.92036592343,500.78342551942694,0.9242798568568138,-40.05988646199724,66.14660183870728,14.777360330087324,496.41603075834945,495.41603075834945,0.0378600715715931,-0.028197238759839743,12638039.36540295,0.008823293813302517,0.0008463187160474638,7.162553691322277e-07,0.0014074924923470795,258483.23213855046,6835.393704544167,501.98768946365504,11.364247218318754,0.9245677578230407,0.0017302877500918294,-40.005281173228035,64.56746023549796,-2.3885692337959213e-05,-5.8871491554458684e-06,-236.279068934234,0.40715852038239975,2.6421272639153197e-05,0.011675462156771805,-0.2916814043382081,-0.6786484217685784,-0.961959070057606,1789623842.305171,Fiber Bend + Polarization Drift,2,0.7,1
0.008939264361664496,128240.10373574616,257401.10692198534,497.11554248251525,0.9248142908085206,-40.11246312508433,65.40235023354357,14.62970198184732,517.789296300344,516.789296300344,0.03759285459573969,-0.028653590234075193,14345711.0727921,0.00885296259011766,0.0008368097952968849,7.002506335048143e-07,0.0013442174291227234,258046.55785294887,6535.279977439675,501.70667700551667,11.39435012608774,0.9244977085578933,0.0016827885788008982,-40.00871037225492,64.50233995131643,-2.907268368863e-05,-4.622250174325494e-07,-147.92059785238382,0.3837165006642891,4.8674607877552915e-05,0.01047157053164055,-0.298011925144298,-0.6679358412844447,-0.9582704717784604,1789623843.305171,Fiber Bend + Polarization Drift,2,0.7,1
0.009377336134141016,126165.63815986282,255171.79485254956,533.7333300154567,0.9228967491300091,-39.41866413470793,70.06160962874401,14.661523399630621,478.08855190879666,477.0885519087967,0.03855162543499546,-0.029174289300854445,13454315.421254745,0.008899114834141653,0.000832629506258391,6.93271894692092e-07,0.0013030191220015086,257977.05924046563,6556.209802732908,503.0519662813854,12.997944312021264,0.9243704206894776,0.0016787154581234254,-39.985573608852036,64.80121741486865,-3.0526638078794654e-05,6.8761232828289146e-06,-185.82984858542346,0.6632913549652083,4.970889367600339e-05,0.016034422710669235,-0.23590753890755517,-0.6642570538005975,-0.9583565403985967,1789623844.305171,Fiber Bend + Polarization Drift,2,0.7,1
0.007841156685615351,127855.2646445349,252419.1267968289,505.8744268773632,0.9254818295095595,-39.831487854708534,64.65401680969963,14.74152315284826,498.97585919681546,497.97585919681546,0.03725908524522026,-0.029417928559604907,16305663.790533116,0.008836293923687465,0.0008506394925996376,7.235875463701688e-07,0.0013442174291227234,258125.17034432123,6384.915393524762,503.60536920632063,12.810458520543373,0.9244717538992587,0.0016662388577452962,-39.96957136838048,64.79489288257169,-3.5166759475368596e-05,3.980064183591433e-06,-329.7409407730995,0.5792187121155663,4.5748837770765734e-05,0.014997050172463586,-0.23462087426785205,-0.6631853219803366,-0.9562774859806626,1789623845.305171,Fiber Bend + Polarization Drift,2,0.7,1
0.009077822170887295,128822.87106590964,256759.13600671975,515.0311847773601,0.923424145801087,-39.572683057729414,64.21840144135774,14.597690746202316,498.53124159406525,497.53124159406525,0.0382879270994565,-0.0292101049285692,14190944.550450264,0.008838654857688522,0.0008512244631288139,7.245830866289374e-07,0.0013442174291227234,258067.57626551558,6390.481322662738,504.8656738146894,12.31301357064576,0.9244213291166561,0.0016780624619044833,-39.933141939221805,64.87535026607638,-3.111221899102076e-05,7.410056766611003e-06,-341.61231217940434,0.48386978254338336,3.820872384117614e-05,0.013522160395315126,-0.2127173823492594,-0.6661508550895442,-0.9540062104184839,1789623846.305171,Fiber Bend + Polarization Drift,2,0.7,1
0.008503588745024588,127583.2728279449,257214.3334183236,501.1082362248643,0.923604943195846,-40.074012885890866,66.4742473620879,14.691151855061557,513.2909715395353,512.2909715395355,0.03819752840207702,-0.02969393965705243,15003462.262047103,0.008743353539823785,0.000743173398333572,5.523066999906701e-07,0.0013116747715170244,258094.28376455526,6385.46239650101,505.5571884573068,11.575001163797847,0.9245561322450965,0.001457162277991945,-39.91711982150224,65.0216846139852,-1.373046861452782e-05,3.6851337898181514e-07,-364.69770323148344,0.23873270670006658,-1.1191787515277914e-05,0.006807574298711326,-0.03807535435161011,-0.5400937224309184,-0.9492252721076305,1789623847.305171,Fiber Bend + Polarization Drift,2,0.7,1
0.00895819774513295,127268.83281256862,257186.41951595302,506.4406512883544,0.9245134293950097,-39.81534882344097,64.7436460492833,14.661099301925976,507.8313102664376,506.8313102664376,0.037743285302495155,-0.028785087557362206,14206968.458774496,0.008767096337983548,0.0007401702325274476,5.478519731197358e-07,0.0013116747715170244,258363.87468863983,6196.367094404007,505.13768886595716,11.343013257641035,0.9245118342333236,0.0014408626052096077,-39.92524912910672,64.95998805900362,-1.5534548821599512e-05,4.076272497612189e-06,-449.5543621103542,0.36059727436533184,-9.384932275479352e-07,0.01079703577793213,-0.012017005746547849,-0.5326532059637654,-0.9453394548511027,1789623848.305171,Fiber Bend + Polarization Drift,2,0.7,1
0.010255732996625787,128969.32293545533,268478.97612065286,510.6137223499149,0.9235305298744254,-39.78007500601397,66.15557397904347,14.487197178865902,525.7966332848939,524.7966332848939,0.038234735062787295,-0.02797900206616151,12575339.371441048,0.008842695300368497,0.0007901490148618376,6.243354656871325e-07,0.0013442174291227234,258523.14864296967,6399.807541632533,504.99021796288406,11.246483859774187,0.9243958627546272,0.001397858255171,-39.9267801197299,64.92336439906539,-5.806661367024613e-06,1.2411496408651991e-05,-294.85166930794907,0.5027733363635682,9.18313877544716e-06,0.01397159349320422,0.04091920316171813,-0.5314004667848008,-0.9474994389325133,1789623849.305171,Fiber Bend + Polarization Drift,2,0.7,1
0.00957586324880973,127879.49662692976,259651.06819699774,503.98991204014703,0.9243365172124387,-39.898326515996466,65.18021810327262,14.584913433950907,515.191002823712,514.191002823712,0.03783174139378065,-0.02825587814497092,13354357.022885121,0.008840488929285356,0.0007880187908031191,6.2097361465881e-07,0.0013116747715170244,258420.774729347,6360.354284078131,505.10054778978645,11.22257468726494,0.9244395188714943,0.0013781414439966312,-39.92413296755114,65.09259281173964,8.844315027630501e-06,1.2051573904937578e-05,-247.5674302479004,0.4559542272776628,-2.8721508680485696e-06,0.013856990135694672,0.05011847397793596,-0.5085609904709606,-0.9485312453461973,1789623850.305171,Fiber Bend + Polarization Drift,2,0.7,1
0.008841613924807723,126557.48722077026,253393.186979572,497.84086237580203,0.922970489316945,-40.06243444464962,61.750383823069775,14.695856679399608,508.98430829949564,507.98430829949564,0.038514755341527485,-0.029673141416719763,14313844.542078042,0.008861033350122194,0.0007810543742315015,6.100459355061623e-07,0.0013116747715170244,257943.14502379842,6270.994626524359,505.05656238454503,11.248756393851998,0.9244102985176945,0.0014010443998435514,-39.92244734057731,64.92148409309635,3.729844347697023e-06,1.3429094788915913e-05,-224.84438366412056,0.32734124370367085,-2.381763077479837e-05,0.010775939601880717,0.03379988933155567,-0.5180546291432832,-0.9486704965156602,1789623851.305171,Fiber Bend + Polarization Drift,2,0.7,1
0.007351941594346822,135845.87138305066,263711.30946657265,506.4620898068345,0.9252763186206716,-39.81473811832497,63.43764926893565,14.522232916622304,520.6930879409998,519.6930879409998,0.037361840689664194,-0.03000989909531737,18477550.404849183,0.008769748762432819,0.0008178660026183023,6.689047982388408e-07,0.0015343189634305573,258082.31988013387,6358.248962147217,505.8693255388072,10.5661752608233,0.9244709522717695,0.001404396427674461,-39.89881793958618,64.92388220804754,-2.4700040333314615e-06,4.548466011470549e-06,-148.71185846385723,0.15117982864372773,-2.232683654398779e-05,0.0069399205512607025,0.0831377569683146,-0.5167417486384972,-0.9501647689860699,1789623852.305171,Fiber Bend + Polarization Drift,2,0.7,1
0.007932486868362116,127913.78212872076,252714.80727662146,490.3221887449692,0.9268800243831758,-40.28198044934164,64.3511740885492,14.731199716553759,515.4056109993132,514.4056109993134,0.036559987808412076,-0.02862750094004996,16125306.508718135,0.008703109042436001,0.0008154952086284652,6.650324352959839e-07,0.001375480196652382,257908.93679610177,6442.592459768183,505.92180993771717,10.485250376995651,0.9246858488091815,0.0013442612356666466,-39.88748148378027,64.76105156674211,-1.911264304717507e-06,-1.6784988028089872e-06,-208.58748367723166,-0.16092467096528598,-2.9722661062230656e-05,-0.0032627032032078993,0.2725088270797138,-0.5123533841715929,-0.9520112409262836,1789623853.305171,Fiber Bend + Polarization Drift,2,0.7,1
0.008165233109556783,132760.95132632137,264929.3332190259,512.31724803413,0.9270825631538808,-39.71589501427408,65.93081992935116,14.54878553779579,517.1196836249726,516.1196836249726,0.03645871842305959,-0.028293485313502807,16259297.137632824,0.008709644129318727,0.0008104886871599836,6.568919120143138e-07,0.0013357918487618432,257627.39972503282,5957.613005836909,506.7304560017663,10.162782457472051,0.9246530816053269,0.001273599263437522,-39.866927938751886,64.89685423197989,-1.388880396538396e-05,-2.8380111993202013e-07,-3.1955923922168754,-0.240096992815767,2.4559800376398387e-05,-0.005101349662107069,0.21296880754101793,-0.5064788181942824,-0.9396318106172797,1789623854.305171,Fiber Bend + Polarization Drift,2,0.7,1
0.011305466300180311,123279.26567324818,263410.4949658794,493.3793669956051,0.9199401325850123,-40.34521698574941,67.1310544374804,14.589129037932775,533.8903743987045,532.8903743987045,0.04002993370749386,-0.028724467407313548,10904394.599918624,0.008827467554207468,0.000952705559653694,9.076478833950583e-07,0.0015343189634305573,257946.2526378946,6044.643874709869,505.7201583107048,10.184353638370826,0.9244969847880623,0.0015684024172602248,-39.901855221183794,65.07378793190104,6.5749969443843646e-06,1.1453428677096072e-05,28.30454940861165,-0.24427428170735824,-2.70496303135231e-05,-0.005567395342543374,0.0012853636417726544,-0.6726651458415429,-0.9426722140426556,1789623855.305171,Fiber Bend + Polarization Drift,2,0.7,1
0.00917743870258472,123668.73777289037,249896.3267670186,497.52488454042276,0.9263061652223119,-40.071594086175516,64.20398685098526,14.766059481442802,502.27905082145713,501.27905082145713,0.03684691738884405,-0.027669478686259328,13475299.784683987,0.008794876082119119,0.0009258609119041058,8.572184281919023e-07,0.0013357918487618432,257274.99831036772,5969.059645241112,505.5633703439544,10.278703980791882,0.9246561230143004,0.001541835374371731,-39.90638385574427,65.11700359787305,2.145307935834186e-05,6.950480827848496e-06,41.3118645427312,-0.3626787086790328,-3.204225544520276e-05,-0.007699445644574806,0.001806122527984222,-0.6119215256097262,-0.9411634852537916,1789623856.305171,Fiber Bend + Polarization Drift,2,0.7,1
0.009718660540652293,120927.06168793919,248400.33520876255,499.51088277579373,0.9225737910006182,-40.102976410484175,66.23561473679536,14.814977217289515,497.2871338225827,496.2871338225827,0.0387131044996909,-0.028994443959038607,12442770.398463044,0.008795998105424852,0.0009269620872678869,8.592587112320375e-07,0.0013357918487618432,256620.38651802353,6008.9233413028305,504.48388522082706,9.403265639810689,0.924563974028258,0.0015938157241814934,-39.92723468036558,64.98319725707064,3.8937659272930786e-05,4.1414618896937405e-06,34.2982145209762,-0.2092014195925765,-4.9049855351552815e-05,-0.00626736554193695,-0.08565477133855205,-0.6486415067765775,-0.9445566844846365,1789623857.305171,Fiber Bend + Polarization Drift,2,0.7,1
0.007545781044830684,127406.27969890201,248318.69292339802,506.2457902522006,0.9258374012270358,-39.82090088857109,63.92829541004631,14.783446951194335,490.51013895777993,489.51013895777993,0.03708129938648208,-0.0295355183416514,16884438.992062062,0.008762517384601438,0.0009559446232092338,9.13830122642644e-07,0.0014448492657789004,256174.84978828338,6192.212943393174,505.12336454233923,8.946649064997436,0.9246222680083931,0.001612563782052212,-39.90871689708456,64.96568751411864,2.3265203698127564e-05,-2.098359589431332e-06,-13.965556786777428,-0.33518846090578297,-3.913436579342852e-05,-0.008851930750757667,-0.13713385221698574,-0.6636805103908764,-0.9584281977290173,1789623858.305171,Fiber Bend + Polarization Drift,2,0.7,1
0.009547585296707477,128945.75924589022,261660.7261823773,503.431464725278,0.9242812653686887,-39.90132706389031,64.18526687565225,14.551366089109614,519.7544144865186,518.7544144865185,0.037859367315655645,-0.02831178201894817,13505588.611013267,0.008759025229652703,0.0009529060243555506,9.080298912531012e-07,0.0014448492657789004,256505.7669051905,6255.164453601161,504.9532934705249,8.936777244433765,0.9245836438186533,0.0016087001969424376,-39.90929213654506,64.87357130733244,3.9235702283504285e-05,-5.455133303397545e-06,8.802786949783801,-0.3252072278956617,-3.603606142974144e-05,-0.008566008708821198,-0.1401023634811806,-0.6886874367369674,-0.959104670668799,1789623859.305171,Fiber Bend + Polarization Drift,2,0.7,1
0.009597626398332483,119283.65130046608,243746.1728566373,485.0404463733002,0.9235585575771079,-40.438230396510896,64.0051874087005,14.885178077004552,502.52752049680345,501.5275204968034,0.03822072121144604,-0.028623094813113557,12428453.281031104,0.008839016594576903,0.0009358565677758518,8.758275154491975e-07,0.0015060410113283042,256064.10892074334,6732.475723344078,504.3653162639459,9.710506725052154,0.9245318632056473,0.0016199887291644518,-39.92652105122016,64.88962344920968,3.536480660398818e-05,-1.330388329440516e-06,-126.15952556444691,-0.5611522935052425,-4.280410513101642e-05,-0.014430669654773976,-0.2210354493496516,-0.7080417484188686,-0.9658166476323103,1789623860.305171,Fiber Bend + Polarization Drift,2,0.7,1
0.006850765541648425,129484.32009790187,251225.21333861162,505.03983669630094,0.9264440175016808,-39.949766303237716,66.31375160753052,14.775995653179613,497.43642992994745,496.4364299299475,0.03677799124915959,-0.029927225707511166,18900708.14870501,0.008791385444827675,0.0010031181364346504,1.0062459956441259e-06,0.0016150984283453615,255941.7405220142,6791.256181534266,504.0713565797221,9.57343499147582,0.9245048780605701,0.0015818441171675268,-39.9386360742397,65.11309771727605,9.036996869594125e-06,-8.077446444031897e-06,-188.62311015392834,-0.47469082567321264,7.143791389118394e-07,-0.01184893797714931,-0.16929637687522348,-0.7211408749089405,-0.9711749570710437,1789623861.305171,Fiber Bend + Polarization Drift,2,0.7,1
0.008929297340918805,125859.26183354761,253699.28377068994,513.8972146458021,0.924762860600046,-39.667231283222804,65.87177562836312,14.712135565293897,493.67709444689115,492.6770944468911,0.03761856969997701,-0.02868927235905821,14095091.363661205,0.008789352407184162,0.0010027850074657502,1.0055777711980847e-06,0.0016150984283453615,255231.05360852793,6014.69506655662,503.9578577113108,9.438499783931649,0.9244842465332646,0.0015749661918623128,-39.94316163961619,65.13184460949951,1.2197408128378341e-05,-9.299691868427863e-06,-54.07555007705539,-0.2573572996073212,1.083346364755557e-05,-0.005498223728854135,-0.18013340451980064,-0.7273549154269668,-0.9630137073808405,1789623862.305171,Fiber Bend + Polarization Drift,2,0.7,1
0.008745079853941398,133380.8605140569,267630.51647646114,499.47240120728094,0.9248524776626752,-40.01523132067711,64.12858753674837,14.476364956893494,535.8264357141018,534.8264357141018,0.0375737611686624,-0.028828681314721,15252103.210234528,0.008779361761487265,0.001001931762121409,1.0038672559477114e-06,0.0016150984283453615,255527.55677686285,6422.129665928502,503.6491245595942,9.453923856518037,0.9245166346998964,0.0015738797098520522,-39.9520110054356,65.2241367530594,1.384367429793425e-05,-1.1522994951524856e-05,110.24986683792025,-0.2664327906018176,9.817789862878863e-06,-0.00467183767902004,-0.1867470571504179,-0.7263840071746855,-0.9736654684189087,1789623863.305171,Fiber Bend + Polarization Drift,2,0.7,1
0.008681743990802623,120060.12359093734,239425.74267932636,501.30404199443205,0.9249490118888686,-40.213058646696204,68.50491469225905,14.939245691617293,477.60584919039144,476.6058491903914,0.03752549405556571,-0.02884375006476309,13829032.936023934,0.008831937344134688,0.0009600696039601106,9.217336444481236e-07,0.0013823521871506941,255123.40528756593,7071.9229816209745,503.24197257959094,9.326102894503189,0.9245020279202683,0.001568093988306839,-39.96483299843637,65.24135594025579,-1.1774861847796962e-06,-7.055121657723466e-06,-98.36253194430321,-0.20974253723875144,2.178443071170262e-05,-0.006486486376149614,-0.1681262724863822,-0.7315438633073001,-0.9804491197572146,1789623864.305171,Fiber Bend + Polarization Drift,2,0.7,1
0.007603418758173719,128684.48682784072,254290.96325391237,521.3976764366759,0.9266739047254333,-39.6176933245622,68.10494863587087,14.734973372775068,487.71019654667793,486.71019654667793,0.03666304763728334,-0.029059628879109622,16924556.034679025,0.008804601890591015,0.000984616660119499,9.69469967384877e-07,0.0016150984283453615,255256.7559746067,7023.370891151186,504.133004424763,9.934205269589226,0.924510094029097,0.001578690701375064,-39.94852635327178,65.43724099736771,-1.7968980221187884e-05,-8.771278212379386e-06,-147.70870435168138,-0.08335234743395911,6.153476514228099e-05,-0.003887384708175771,-0.23242433587129624,-0.7493992339265774,-0.9784566130898775,1789623865.305171,Fiber Bend + Polarization Drift,2,0.7,1
0.009122902517618579,139539.4987416407,285256.67039075616,504.13646041957026,0.9232735112434649,-39.903763748023806,65.31390591083411,14.246386464755664,565.8322553249765,564.8322553249765,0.03836324437826755,-0.02924034186064897,15295515.705901215,0.00885235346732478,0.0009698366568253241,9.405831409221215e-07,0.0013823521871506941,256583.5463180623,9119.498022133132,504.48053150399204,9.775003048652309,0.9245017913544531,0.0015846153871285366,-39.939399453998455,65.45735929147645,-2.3785708500253325e-05,-2.1404645800618643e-06,97.51514086421254,-0.17016765580262683,3.9829995618027794e-05,-0.005308290194817354,-0.2655840704371435,-0.7914101624581573,-0.984734719418689,1789623866.305171,Fiber Bend + Polarization Drift,2,0.7,1
0.007448790347700747,133298.3094384741,261505.32273086742,504.9022155445912,0.9258084554584329,-40.033536278490764,67.43090202640066,14.595739849386652,517.9326108696233,516.9326108696233,0.037095772270783534,-0.029646981923082787,17895296.177804213,0.008763791768762677,0.0009926048926893578,9.852644729908513e-07,0.0014448492657789004,257099.88241266005,9017.546715788963,504.6452831049986,9.745968936021049,0.924562935298518,0.0016042418737846893,-39.93834544665819,65.50873129898419,-2.863688231403556e-05,-8.164658121603862e-06,63.08066361487151,-0.2032462475812089,4.967216544760306e-05,-0.007382115577811201,-0.22112823517353344,-0.8019469397536818,-0.9845299645631973,1789623867.305171,Fiber Bend + Polarization Drift,2,0.7,1
0.00929665303643744,125027.56693570873,252414.80553514804,503.7233537274224,0.9244738923500282,-40.10108051041714,67.9060068237025,14.707930749898427,501.0980802604124,500.0980802604124,0.037763053824985904,-0.028466400788548465,13448664.422096191,0.008778087315753596,0.0009975901614973019,9.951861303162127e-07,0.0014448492657789004,256900.43035718653,9063.704320791301,504.9095955547949,9.627053953738102,0.9245493193601781,0.001603495106945456,-39.9378901420715,65.60887756259054,-2.1963436991096476e-05,-4.3389859821368065e-06,22.846045223398406,-0.28705377113751496,5.13637856384958e-05,-0.010625462181385988,-0.22971388022629077,-0.8004786549538122,-0.9845985543294122,1789623868.305171,Fiber Bend + Polarization Drift,2,0.7,1
0.009666639500902945,125711.78403158467,258286.9542878929,490.7165805611425,0.9246735248886737,-40.27038076203437,63.3251411422726,14.650977404601253,526.3464992206652,525.3464992206652,0.03766323755566314,-0.027996598054760197,13004703.86009969,0.008789659450424071,0.001006115922541324,1.0122692495911794e-06,0.0016150984283453615,257025.03673460026,9060.49557041666,503.18892557662235,8.033979269854514,0.9246203903905248,0.0015676488805055192,-39.97195880716456,65.3394188231317,-7.76892863661287e-06,-1.784559172056473e-06,18.358372614317947,-0.12982887262615017,3.598459590753359e-05,-0.008502346292022884,-0.35009041121440065,-0.7844519925819545,-0.9851457566136562,1789623869.305171,Fiber Bend + Polarization Drift,2,0.7,1
0.012143964721191428,117283.02946015383,253974.8695990621,504.73454847808665,0.9187367966582043,-39.8640325411565,64.61461681626912,14.730650602793908,503.1850313493818,502.1850313493818,0.040631601670897854,-0.02848763694970643,9657721.522814779,0.008961771771847114,0.0011818269131270728,1.3967148525914657e-06,0.0014106301392529472,257087.26644668964,9033.95107206517,503.14333044065125,8.021834285792613,0.9243505890764706,0.0019338340615297647,-39.97326059462248,65.33784282339448,1.3708861599306292e-05,1.4557697344049523e-05,-55.85611570682518,-0.08870657129753244,-9.71110889276893e-06,-0.006101394312003559,-0.22312043119240993,-0.852154185727968,-0.9846601135439867,1789623870.305171,Fiber Bend + Polarization Drift,2,0.7,1
0.009585514784548211,128101.90367263397,261922.37031209,497.0317084220465,0.9245539697169751,-40.08590202608801,64.58568889534843,14.576454319027892,526.9731606130907,525.9731606130907,0.03772301514151244,-0.02813750035696423,13364113.096892139,0.008982079476393552,0.0011879924055980169,1.4113259557585629e-06,0.001420281674991428,257293.7958189044,9082.975282528461,502.42335138643875,7.724809977527771,0.924395782033106,0.0019248362101489038,-39.993789353356824,65.3525343215541,2.0626993399256672e-05,1.4861057445223934e-05,-14.505692118212442,-0.02624300040987302,-1.7098181888099974e-05,-0.003135386002754687,-0.2546984298037765,-0.8479960555005467,-0.9892080110978061,1789623871.305171,Fiber Bend + Polarization Drift,2,0.7,1
0.004846353352917103,137420.26003367378,254880.35526043872,499.7985620929509,0.9303440073676088,-40.005813440516874,63.49134645673448,14.701084850362948,509.9661635541819,508.96616355418195,0.0348279963161956,-0.029981642963278494,28355394.25761396,0.008835790060709251,0.0014369886743302084,2.06493645015329e-06,0.0016530279161860954,257200.436692589,9095.298747089193,502.3709644211622,7.737980643078784,0.9246653445999765,0.0022411088329179025,-39.99106137554187,65.23321828533996,-2.2333847361907862e-05,8.092710971105407e-07,-37.57822897139632,-0.06362297627319746,2.9900125134709403e-05,-0.004048612901880195,-0.20834248606268788,-0.9001282481290697,-0.9902006966754331,1789623872.305171,Fiber Bend + Polarization Drift,2,0.7,1
0.007802484429891893,123795.0369926332,240764.86832990622,496.6529422176084,0.9240954532496986,-40.096900367481574,64.1515040143962,14.885178690959997,484.774875700656,483.774875700656,0.037952273375150725,-0.030149788945258833,15866104.970150955,0.00878956152809961,0.0014508303995798286,2.104908848344965e-06,0.0017830303546563179,256543.57464514714,9648.735667762896,501.97945605833235,7.769710593286582,0.9246486255541642,0.002243737326728471,-40.00232343730349,65.20953260394447,-3.0647976340600354e-05,-1.0977454012844533e-06,-189.43133947021298,-0.0757078510186948,2.312043754401305e-05,-0.003268462691083967,-0.19854544206728014,-0.8832691414419929,-0.990351097193681,1789623873.305171,Fiber Bend + Polarization Drift,2,0.7,1
0.006862190472978442,134373.69071640036,260042.11642681801,503.21810619002196,0.9264485289130675,-40.05256834218676,67.02202271026133,14.613876914324397,516.7582668987324,515.7582668987324,0.03677573554346625,-0.029913545070487806,19581748.89571045,0.008653819827153717,0.0014659764852579414,2.1490870553292274e-06,0.0019724444906360113,256206.10025739376,9368.866018501602,501.68363141193663,7.573654235057582,0.9247653455157098,0.002258387523881819,-40.0132231707504,65.2441905531932,-3.377737908722628e-05,-1.1100549578287432e-05,-37.78309288434794,0.0220685054204193,2.8553973290349732e-05,-0.0015097775001882497,-0.23739430138803674,-0.8857942515657213,-0.9898149188526455,1789623874.305171,Fiber Bend + Polarization Drift,2,0.7,1
0.007702833307521068,131901.00314723374,260744.04570643947,515.4512551848035,0.926416425167014,-39.56092092566952,63.02260327821968,14.618683558410368,505.85587499045965,504.85587499045965,0.03679178741649303,-0.02908895410897196,17123699.537733115,0.008578898629502169,0.0014648011199599215,2.1456423210358404e-06,0.0019441665385337582,256249.81935777143,9387.371565280713,502.142085137723,8.032384453829655,0.9248485418338928,0.0022792716803216807,-39.99972694713732,65.15788596019108,-3.333528197496751e-05,-1.509715509717151e-05,38.55531373365234,0.1722170696059095,3.9506425500446425e-05,0.0038142866942515057,-0.2820056276813971,-0.8905898317149983,-0.9907351076688835,1789623875.305171,Fiber Bend + Polarization Drift,2,0.7,1
0.007658476733582349,133882.5201758458,261772.26722501495,510.9854005007704,0.9256514146233441,-39.725986639995284,65.54870374213499,14.557858536487434,512.28913187828,511.2891318782801,0.03717429268832795,-0.0295158159547456,17481612.183891896,0.008531573141853155,0.0014746283955148394,2.1745289048586694e-06,0.0019441665385337582,256584.98256758918,9428.886138007783,502.66786666272156,8.162775396677294,0.9249557788461488,0.002251284201140303,-39.98626903495115,65.30981875695369,-3.9204331138094924e-05,-1.6165336845237503e-05,60.96543180313667,0.21083544533790893,2.8137033772057672e-05,0.005714045323516583,-0.2991507568437733,-0.8970829188212752,-0.9905110610956759,1789623876.305171,Fiber Bend + Polarization Drift,2,0.7,1
0.008210114242994735,1140326.4617896355,2254530.694469844,497.3275590752653,0.9842286712954694,-40.17084301439033,126.30075536841882,5.210630765083954,4533.291295302307,4532.291295302307,0.007885664352265287,0.00032444989072944776,138892886.02318987,0.007350050138888623,0.0015041322897060604,2.2624139449363957e-06,0.0017893276239979248,2358987.2584847882,76931.93606680089,503.3741207543677,10.73044553083748,0.985466875843847,0.002119961836090142,-39.970443195687196,67.48064064729935,-8.035762903362021e-05,-9.893617484274409e-06,-2244.6533696734737,-0.3289337278792272,8.447707967144335e-05,-0.009359043271880552,-0.03533702145658415,-0.8866918112860324,-0.9712278005761966,1789623677.6952338,Power Instability + Timing Misalignment,6,0.6,1
0.00625734412965888,1255428.3924203403,2384841.6638761405,499.2170238374405,0.9860889829468356,-40.02260962395769,124.21476151381538,4.967780759326831,4777.1641390432915,4776.1641390432915,0.006955508526582221,-0.0006981643969233417,200632787.07491836,0.0072600297918845235,0.0014994833304981573,2.2484502584418458e-06,0.0015159882982252997,2355837.7456801846,74146.88140272675,503.35801592054946,10.736368869073797,0.9855861677794455,0.0020670433459506997,-39.97090842420502,69.89831062053919,-7.886611938316713e-05,-1.08992670297533e-05,-960.0750648427797,-0.40485169090403184,6.661769390621156e-05,-0.010245936686087316,-0.025385749973129198,-0.8822540955869634,-0.9707974565628088,1789623678.6952338,Power Instability + Timing Misalignment,6,0.6,1
0.008242644135347064,1226605.1327249978,2389000.447271864,516.0985798558236,0.9832352118241976,-39.665003892338824,126.70110045401016,4.891701841756424,4628.961482395962,4627.961482395963,0.008382394087901202,-0.00013974995255413777,148812093.86013976,0.007278631672856647,0.0015086452297312315,2.2760104291908004e-06,0.0019485054301760455,2356843.289815653,74418.84202092829,504.55368189347246,10.41952441094974,0.9855812741843392,0.0020724514030624037,-39.941365525184125,72.40460556627163,-6.462015994422596e-05,-2.1702795287079345e-06,-573.7168373314593,-0.45875733922566686,2.2630401235736837e-05,-0.011748881982345399,0.02515246427563407,-0.8893760956742952,-0.9663412641498712,1789623679.6952338,Power Instability + Timing Misalignment,6,0.6,1
0.009674876027530954,1204210.2452592275,2470345.43531944,537.9360007841453,0.9833194204080368,-39.15488543155368,127.93180477319899,4.845175185995645,4592.266425222398,4591.266425222398,0.008340289795981615,0.0013345862315493392,124467770.11224857,0.007463520398392304,0.0015077492156260937,2.2733076972211004e-06,0.0018218575163502539,2357820.427436297,75730.79779294139,504.762332978558,11.016582315346364,0.9853794357097169,0.002036886112262177,-39.93564101568269,74.80317953924117,-6.47607191228653e-05,2.194364946348561e-05,1364.7323248880587,0.1310475604774456,2.959283188548195e-05,0.0019446078274969053,0.33614886642449493,-0.8831664480677244,-0.9658235192217505,1789623680.6952338,Power Instability + Timing Misalignment,6,0.6,1
0.006431913786492167,1279245.99863184,2436546.4909515483,509.9220729270652,0.9883090870346007,-39.78122130593659,125.89906153211687,4.870652991346818,4778.272250434726,4777.272250434727,0.005845456482699629,0.0005864573037925374,198890414.43907702,0.007410273326016424,0.0015196878766523109,2.309451242444009e-06,0.0018218575163502539,2357591.6522116642,75483.58628163149,505.59481001070026,10.580044785990554,0.9854542820790501,0.00210755809182678,-39.91418238807259,77.24377100469475,-7.12875397192827e-05,2.3371384443697685e-05,2935.888890954942,0.02215407068239931,6.722068810765058e-05,-0.0004504392722192836,0.34395145183858905,-0.8873065957106819,-0.9656358966767509,1789623681.6952338,Power Instability + Timing Misalignment,6,0.6,1
0.010253889193184783,1170952.7795342172,2421537.25450279,506.5775633593727,0.9817982807479819,-39.81144914297634,122.98721675394742,4.9154755168324575,4780.190497274196,4779.190497274196,0.009100859626009039,0.0011530295671757437,114195965.79144697,0.007434388908124584,0.001559320862584328,2.431481552490733e-06,0.0018218575163502539,2365657.7711808933,70977.02665894951,505.3905268826052,10.509557855119699,0.9853984611347257,0.0021837922475525045,-39.91784635647598,79.5337503473986,-2.2631514723853926e-05,3.0238544765410463e-05,2149.0822696308196,0.09212395556525835,1.0868206283585885e-05,0.0024411921574015428,0.3242552010594214,-0.8967940475989278,-0.9630806854483901,1789623682.6952338,Power Instability + Timing Misalignment,6,0.6,1
0.008019026530343932,1245025.9065843269,2437169.8975415914,517.3705025564317,0.9856206010268759,-39.5383034329197,125.43022034583782,4.846904387098059,4710.685834424354,4709.685834424354,0.007189699486562062,0.00082932704378187,155258983.3532984,0.007469532829029849,0.0015621978090518136,2.440461994606287e-06,0.0018218575163502539,2365004.3629122977,70236.63276741782,505.4982231181905,10.617421646375261,0.985352587665309,0.0021665304452668935,-39.916075410470064,82.01651157025987,-2.0174463753644556e-05,3.570201434454237e-05,3687.6675360239883,0.29558404424250756,2.6608494640652812e-05,0.009297358032006455,0.35108056793982184,-0.8955073154730476,-0.9648618641329172,1789623683.6952338,Power Instability + Timing Misalignment,6,0.6,1
0.0076087749479442236,1232194.4410492566,2416470.3729825784,512.3840352114167,0.9848015444240061,-39.647025697935426,122.55758185306416,4.92816888006742,4716.131274436584,4715.131274436584,0.007599227787996932,9.547159947291897e-06,161943867.37410036,0.007384144202692587,0.0014923508142791451,2.2271109528796278e-06,0.0017893276239979248,2371050.973714013,67859.96898360953,505.60672271301917,10.673227339809326,0.9854022229706935,0.0021389475260248877,-39.913012324706685,84.35711494293554,3.850425886716832e-06,2.824050638282266e-05,3165.745798485137,0.40087860886661253,3.6026828848448108e-06,0.013705619524518549,0.3253205047565622,-0.8980810866479394,-0.9670815906996744,1789623684.6952338,Power Instability + Timing Misalignment,6,0.6,1
0.00658409251790193,1206560.5894789242,2324164.224530141,500.43921781740954,0.9855006900454102,-39.987332415673585,124.59077075045461,5.110622809200952,4644.248775438971,4643.248775438971,0.007249654977294906,-0.0006655624593929757,183253893.5621463,0.007286701149319122,0.0014615594568834535,2.1361560460054557e-06,0.0015982399113471223,2373100.024906402,65602.32321569668,505.4294896025208,10.720671005944636,0.9854724384207946,0.002112046139120884,-39.918099216762215,86.75462890932278,1.282557990718601e-05,1.8020114472637424e-05,1751.8147468518873,0.3458117923448596,-1.2057582049717587e-05,0.013548110019807665,0.32803521850190426,-0.8923594714248716,-0.964589201899474,1789623685.6952338,Power Instability + Timing Misalignment,6,0.6,1
0.0067836321190967094,1281086.9600701944,2429847.2176552024,519.1272367976795,0.9864549580584813,-39.67970526944452,128.09160631899482,4.832969596570931,4680.6390522757165,4679.639052275717,0.006772520970759366,1.1111148337343557e-05,188849710.24059314,0.007253885036848385,0.001463275181767978,2.1411742575781093e-06,0.0015982399113471223,2378854.0510459575,63999.103391851146,505.5782537728777,10.882685999984698,0.9855284832965873,0.00211877383059719,-39.910821479934185,89.11046748547163,1.1355203597515861e-05,1.368132179407835e-05,1404.6003802092,0.5720389650471519,-7.174192580820057e-06,0.01631317479968003,0.31010489883970194,-0.8925529763249418,-0.9605659816642407,1789623686.6952338,Power Instability + Timing Misalignment,6,0.6,1
0.008325889269059009,1198441.8110150837,2350095.5638236986,503.871583398557,0.9839927408364091,-40.102700990515494,127.98851459451156,4.9849786947976105,4664.0764060806305,4663.076406080631,0.008003629581795457,0.0003222596872635517,143941598.58320233,0.007336456255097997,0.0014631949597572426,2.1409394902589985e-06,0.0017782004565025681,2376520.4793457524,63941.54158233959,506.08329779669606,10.491766348525212,0.9853816656258034,0.0020927755893223434,-39.901524639674484,91.58536592397313,1.1327865039163119e-05,2.056341685990187e-05,1434.945474063131,0.4129573749710163,-3.2837344279621143e-09,0.010298974146652574,0.25621207201508367,-0.8935674289954092,-0.9586737529898766,1789623687.6952338,Power Instability + Timing Misalignment,6,0.6,1
0.006482138911701321,1253394.8682524867,2349616.675104519,491.8583398277266,0.987284162922565,-40.334346823371895,126.35613814304762,4.9546453419425776,4777.019082216787,4776.019082216787,0.0063579185387174775,0.00012422037298384387,193361309.48843196,0.007253685793442449,0.0014505996310822903,2.1042392896960767e-06,0.0015871127438517657,2375351.8651074697,64155.233123579026,505.54652310897336,10.856198789424196,0.9854737892153724,0.0021235780602269477,-39.920957886371546,94.07573640039175,1.559130077234521e-05,1.126582801339903e-05,1209.7181828408743,0.27359416288302923,1.355230534944975e-05,0.006833782288274943,0.272744883078194,-0.9005623999446105,-0.9509149964266371,1789623688.6952338,Power Instability + Timing Misalignment,6,0.6,1
0.009129778796535728,1167409.4152734424,2388186.1501645525,491.8365116654691,0.9837724659536602,-40.26577797080113,125.39250356388372,5.027628576831165,4855.650390975686,4854.650390975686,0.008113767023169904,0.0010160117733658235,127868313.27352783,0.007200832658437756,0.001353992132648101,1.833294695272953e-06,0.0015871127438517657,2376516.694686638,64113.30532895297,505.40073884947617,11.013713296578436,0.9856304779550622,0.0018270446061135575,-39.926349799282,96.62098718473374,6.488329612146591e-05,2.2715832354669e-06,1165.3239622233414,0.04638616153609611,-5.833763460589332e-05,0.0015506050460881555,0.288607866082786,-0.8791909714660617,-0.9503617264296648,1789623689.6952338,Power Instability + Timing Misalignment,6,0.6,1
0.007395742564531435,1200492.759548544,2356644.0722656483,515.2460019222832,0.985202910153336,-39.5666668974539,124.76444648560673,5.060070626619393,4573.8231125976035,4572.823112597604,0.007398544923331973,-2.802358800538425e-06,162322139.94384786,0.0072164307285347866,0.0013539015242879054,1.8330493374691137e-06,0.0015871127438517657,2379127.5857511917,61883.03369795395,505.84485217147164,11.176696866493062,0.9855777708416741,0.0018195973969802914,-39.9089187087581,98.94390766531279,6.473204602208679e-05,-2.482967583349154e-06,130.43538029679277,0.12468981320659478,-5.33833139843452e-05,0.00410981129642269,0.28557071553656327,-0.8810489577597607,-0.9509375755328091,1789623690.6952338,Power Instability + Timing Misalignment,6,0.6,1
0.006261229594702499,1184115.845869365,2244278.193036216,510.4076829166435,0.9844045096666935,-39.878007883406,127.4439794562156,5.221003617112097,4397.030585847856,4396.030585847856,0.007797745166653269,-0.0015365155719507702,189118739.05266494,0.007183810511220114,0.001366638588500891,1.8677010315797074e-06,0.0015982399113471223,2368139.363771379,60446.2852657939,505.7369137756721,11.11893094924673,0.9855418744539598,0.0018334841276181173,-39.90910150226959,101.30367402674462,5.4517847777057235e-05,-1.1395543835933216e-05,284.23332303884723,0.2394211572559295,-6.697193195926304e-05,0.004749948623375661,0.2804519456790892,-0.8494188788176635,-0.9475872954105078,1789623691.6952338,Power Instability + Timing Misalignment,6,0.6,1
0.007869455254988824,1260750.0008790896,2485085.8045634166,520.4673997735862,0.982907723841955,-39.4809022272312,125.82932257911826,4.805770506475079,4774.719426508709,4773.719426508709,0.008546138079022492,-0.0006766828240336673,160208039.82332066,0.007282703073057186,0.0013225120617855824,1.7490381535683518e-06,0.0015871127438517657,2373351.463609749,64548.51547387008,506.14956945891004,11.461259112605642,0.9853598508907734,0.0018598849401319797,-39.89695398413597,103.6953990803936,4.298018315949519e-05,-6.550756747160694e-06,1230.1783786779274,0.4195358133294149,-7.212278370125118e-05,0.009947670533013772,0.3277618939980053,-0.8316712903014004,-0.9519988946491923,1789623692.6952338,Power Instability + Timing Misalignment,6,0.6,1
0.008611472565755033,1175611.0007667376,2357800.1719725654,503.47235342031485,0.9825909776606991,-39.9886102584054,126.23001222945095,5.043070099721096,4683.077741915648,4682.077741915648,0.00870451116965043,-9.303860389539738e-05,136516837.48511866,0.007334632304898273,0.0013479352130417665,1.8169293385579525e-06,0.0017782004565025681,2371696.8686903166,64395.599485638224,505.6391932420662,11.283645434099467,0.9853380382727045,0.001888807610913629,-39.91240711603326,106.10948273970307,5.555113467418203e-05,-6.293406706170491e-06,1344.763807820989,0.4956449437212394,-0.0001199171913008191,0.01204833284831081,0.3166112755684728,-0.8597823854831397,-0.9564686290239788,1789623693.6952338,Power Instability + Timing Misalignment,6,0.6,1
0.007555835552743386,1189271.0603575117,2350314.055631522,509.4808159978792,0.9868908050176761,-39.864410549654544,126.88598814856668,5.0865401762668325,4613.155160765279,4612.15516076528,0.00655459749116194,0.0010012380615814463,157397689.77975032,0.007412129555994594,0.0013019459296477933,1.6950632037264567e-06,0.0017279753312934134,2372647.0024468806,63895.919745163534,506.3109500164382,10.988595917690681,0.9852623438200635,0.0017842509994922108,-39.89848074112484,108.68924566878184,4.04307305125076e-05,-3.442554676897324e-06,696.0224252416065,0.4015831108169327,-7.113267919878609e-05,0.009489750013104042,0.27879574163787135,-0.832065772480838,-0.9563081663629506,1789623694.6952338,Power Instability + Timing Misalignment,6,0.6,1
0.008727671375038153,1219047.347749284,2452083.7204782143,508.41991239816673,0.9823085165453428,-39.75907559911289,123.80056640040155,4.875612235154788,4822.949811135399,4821.949811135399,0.008845741727328604,-0.00011807035229045165,139676128.41563424,0.00746536139742851,0.0013271948908298646,1.761446278244896e-06,0.0017605052236457424,2377255.5537630785,65289.03098431683,506.33776648123836,10.99289101559927,0.9851250187479611,0.0018720331607696337,-39.89635455489722,111.02232664083074,5.242165128948219e-05,-2.7850039007699256e-06,1071.5137891023273,0.43543596349631297,-9.360578184094218e-05,0.011639071571813991,0.29150346926060905,-0.8374626492727935,-0.9561106819355011,1789623695.6952338,Power Instability + Timing Misalignment,6,0.6,1
0.009072168054638483,1159933.0659075144,2362237.980873487,490.5265977837238,0.9815404519577529,-40.371004066320864,126.32183843572915,5.06054567460564,4815.718437178431,4814.718437178431,0.009229774021123571,-0.00015760596648508804,127856214.62495457,0.007526315041294902,0.0013640852999431453,1.8607287055209806e-06,0.0018437503573576876,2374272.897433268,64194.54709101407,506.49867858257517,10.7276290860636,0.9849743331834891,0.0019986078836317454,-39.895403903441405,113.55935695671482,6.80833683461525e-05,-2.717261480617598e-06,1528.3783929089514,0.0911470016714626,-0.00012486836745768782,0.002273533488172303,0.2121833019473572,-0.8445708291163214,-0.9533068353400397,1789623696.6952338,Power Instability + Timing Misalignment,6,0.6,1
0.00618864556969039,1210213.9820133909,2308199.7920491463,503.0462383788508,0.9859601998971986,-39.91237080912252,124.09768054853572,5.132991657042431,4588.444592067122,4587.444592067122,0.007019900051400685,-0.0008312544817102949,195553933.14824077,0.00747750427435111,0.00138901738144738,1.9293692859629362e-06,0.0018939754825668424,2372480.0750420312,65378.016538537704,506.5637650304762,10.70151714856563,0.984971942570716,0.0019973911060763494,-39.88303124800543,115.77632853825345,5.456164716662912e-05,-1.335815758691545e-05,705.9473487158206,0.008482308855315942,-0.00010531173900075443,-0.0011459170185329107,0.213982088583855,-0.8472019699522979,-0.9551134725507204,1789623697.6952338,Power Instability + Timing Misalignment,6,0.6,1
0.008155197743902115,1202906.5799028738,2379964.068001966,496.70177629356954,0.9813842450144478,-40.1363152225899,125.56687206410892,4.983965876197245,4791.535246282907,4790.535246282907,0.009307877492776118,-0.001152679748874003,147501828.61014292,0.007521649946511158,0.001392312430381386,1.938533903794522e-06,0.0018939754825668424,2373799.2383114393,65182.70689945746,506.3495378270902,10.84226250159407,0.9848403828161687,0.002117441204847925,-39.88830227099528,118.16355604722445,5.655779584875201e-05,-1.4460964287170816e-05,520.0794729010051,-0.12761451985407085,-0.00014141598413837126,-0.004699006936156253,0.18907276854765562,-0.8300225032333102,-0.9548923897314127,1789623698.6952338,Power Instability + Timing Misalignment,6,0.6,1
0.008385617692690498,1183433.232402413,2333983.8627176844,488.9564170845322,0.9838785110617664,-40.3222221796789,124.88958087466851,5.034293174435878,4773.398571255848,4772.398571255848,0.00806074446911681,0.0003248732235736889,141126542.5842127,0.007616153260582515,0.0013673429521124996,1.8696267486917253e-06,0.001903478780989177,2376158.9462026292,62578.80002170675,505.65386745052524,11.365365140334134,0.9847120122535454,0.0020741396427197945,-39.908471822628236,120.57396481048507,4.9546731680514994e-05,-1.0456031890385799e-05,-835.5277997762818,-0.28818001691586476,-0.00012782087722103147,-0.00800123265644928,0.16308222452648224,-0.8227656255218723,-0.9518700835961457,1789623699.6952338,Power Instability + Timing Misalignment,6,0.6,1
0.009220267950775126,1155526.1347652883,2332436.1668759347,494.6271336416659,0.984308007492625,-40.155867114139525,123.69599809465282,5.063972740269364,4715.544312548116,4714.544312548116,0.007845996253687482,0.0013742716970876444,125324572.0118303,0.007728132513853649,0.0013794414437690347,1.9028586967875987e-06,0.002027380047853103,2378176.163924819,60281.93038305697,505.6793058372248,11.339916015400457,0.984593107148278,0.002007618661306895,-39.90772937553578,123.00715892382608,5.2400277789512794e-05,-4.561756669504735e-06,-2180.6549096832405,-0.506592186838007,-0.00010586392322954125,-0.012944446189394688,0.09209134734406745,-0.8027764231598589,-0.9479312435174861,1789623700.6952338,Power Instability + Timing Misalignment,6,0.6,1
0.008306478021437809,1224000.343684601,2466206.636777025,506.9534990533705,0.985677298702324,-40.103761622149065,129.24510286091618,4.895260221459987,4864.759078262898,4863.759078262898,0.007161350648837994,0.0011451273725998148,147354912.69893622,0.007910155861947408,0.0011189095082023847,1.2519584875457022e-06,0.0018278404466583239,2379263.4645374697,61600.36133544154,506.09088223113554,11.190990912595133,0.9844584389814538,0.0018074836422603945,-39.9080167776432,125.72853696573091,1.801646975807621e-05,9.623265003921733e-06,-759.5863541496373,-0.5849825696206294,-5.134704394571233e-05,-0.01664244655895072,0.009863269116952596,-0.7250792325141021,-0.9402543612694582,1789623701.6952338,Power Instability + Timing Misalignment,6,0.6,1
0.007531110229388308,1168358.9349239583,2259854.0971745276,502.5387379764314,0.9851837459383429,-39.93286621301237,125.08227082118133,5.165626940309027,4496.875417553408,4495.875417553408,0.0074081270308285485,0.0001229831985597599,155137675.5003166,0.007882995701403151,0.0011195395641391938,1.253368835672976e-06,0.0018278404466583239,2379476.4006456565,61176.56821268897,506.29932938718224,11.073739351809015,0.9844966419671688,0.0018123103290024376,-39.89849770558808,125.6797975838414,1.7517170806465487e-05,5.282493909571231e-06,-3109.1543689453547,-0.7054048250689092,-4.694957966504287e-05,-0.01950008832982977,0.02158008460420852,-0.7262910545917216,-0.9357317635938383,1789623702.6952338,Power Instability + Timing Misalignment,6,0.6,1
0.009032302844038458,1142936.665963133,2288363.9263331,501.8999994905954,0.9845332984720623,-39.94528150254207,123.66763563542314,5.128026949875725,4559.402129220323,4558.402129220324,0.00773335076396886,0.0012989520800695976,126538789.24326584,0.007993994049978333,0.0010900342918011684,1.188174757302475e-06,0.0013319288105067177,2375617.291143935,63707.045522206296,506.4066484133084,11.01744017111048,0.9844344145881778,0.0017830390455808426,-39.89540458073146,125.65791254870574,1.1869644097964086e-05,1.4587319138843527e-05,-3896.5399610641184,-0.8168370796117432,-3.068780213089744e-05,-0.0211730579469474,-0.01097938592956324,-0.7005005838550288,-0.9396031520587927,1789623703.6952338,Power Instability + Timing Misalignment,6,0.6,1
0.009443062608077738,1185837.3920999458,2386755.294219203,491.6270696931736,0.9836732571622481,-40.24363740126921,123.06505049600727,4.932157781365533,4854.808535479518,4853.808535479518,0.008163371418875964,0.0012796911892017735,125577626.80568936,0.00804201078888756,0.0011257833108248383,1.2673880629317344e-06,0.001636560279507023,2375527.4850218287,63689.696449357514,505.4277880068024,11.1984783212231,0.9844519364016999,0.0017732941545138942,-39.91854992108867,125.5124705503856,2.7732162411030498e-05,1.73134868349527e-05,-3659.8960637054365,-0.8563446456801435,-4.970589831774486e-05,-0.02208350786798502,-0.07471009734812752,-0.6985302521103499,-0.945518975160726,1789623704.6952338,Power Instability + Timing Misalignment,6,0.6,1
0.007703183496150468,1222129.0780902095,2415557.3166922093,507.5459198932608,0.9841567018231728,-39.78389739771215,123.03402865921856,4.955333079165842,4759.288218098989,4758.288218098988,0.007921649088413585,-0.00021846559226311717,158652468.64506698,0.007963143087632341,0.0010766197799129441,1.159110150499796e-06,0.0013319288105067177,2373335.9602767397,61286.641302160744,504.212184771167,9.046343397908,0.9844854276583054,0.0017594411991829525,-39.94371039973501,125.31655950582639,4.093317824912204e-05,6.3762528653588945e-06,-2342.2104222335024,-0.5117105312624826,-6.375630051770315e-05,-0.01320391660300575,-0.2881357862963973,-0.6936229899958151,-0.9402684258284723,1789623705.6952338,Power Instability + Timing Misalignment,6,0.6,1
0.0072836623135912465,1167572.0034612454,2287250.655898253,489.29792273833067,0.9849048738162844,-40.31214936909931,124.38709604837916,5.190553941159433,4674.55623579551,4673.55623579551,0.0075475630918577785,-0.000263900778266532,160300128.31355003,0.007997213028716303,0.00104049537605853,1.0826306275991816e-06,0.0013319288105067177,2367364.1268746075,62104.70147731753,503.3872187636176,9.420671713233151,0.9843492591295725,0.0015809218915890822,-39.96494752226152,125.25608088647688,1.93487550158025e-05,6.755863923474908e-06,-2504.738694363751,-0.5922817607758366,-2.1647896065711483e-05,-0.014980000766845894,-0.21318014808656915,-0.6604851994323488,-0.9406899970293197,1789623706.6952338,Power Instability + Timing Misalignment,6,0.6,1
0.008601425124791867,1199935.0638877598,2379572.2491484405,488.9658555078091,0.9817976388258859,-40.32194369606446,123.85936941080865,4.955213004214514,4866.5407253788035,4865.5407253788035,0.009101180587057056,-0.000499755462265189,139504215.46182966,0.007931114465980587,0.0009429533421299321,8.891610054340087e-07,0.0012157300012235984,2365685.5266604335,61178.0080307053,502.6827504495551,9.8063589932067,0.9843492334526889,0.0015809633283160084,-39.98536730438504,125.29096699275135,4.749285908580017e-05,-2.859534123531627e-06,-1850.3170586311624,-0.6934985910257495,-7.071109806949753e-05,-0.016740366270636704,-0.323370958272161,-0.6156939918006235,-0.9376730842372502,1789623707.6952338,Power Instability + Timing Misalignment,6,0.6,1
0.006701560724841621,1169368.725177316,2250047.7045638696,506.1904428088998,0.9846591034292943,-39.913784544267806,126.26978776948927,5.235858570322261,4445.061609773067,4444.061609773067,0.007670448285352849,-0.0009688875605112276,174491998.6836278,0.007878415833760494,0.0009729063749650674,9.465468144476683e-07,0.0013278102521637868,2358200.638941325,63381.45428432392,502.2355480596538,9.371640223328166,0.9843107735487857,0.0015611379301714737,-40.00038654883897,125.32454968969739,3.7022252888150856e-05,-1.203404506141263e-05,-2202.899399941715,-0.5142423712553404,-5.513708408203866e-05,-0.01160896361643955,-0.35648654997692136,-0.6186286570070672,-0.9430816283274063,1789623708.6952338,Power Instability + Timing Misalignment,6,0.6,1
0.008143340164974755,1292207.0299578726,2561655.8669768698,500.9711050526785,0.9846220936746557,-39.97200700647281,124.44544671682762,4.674727215051161,5113.380474723197,5112.380474723197,0.007688953162672152,0.0004543870023026031,158682678.57896596,0.007899798442441715,0.0009726195280027414,9.459887462522755e-07,0.0013278102521637868,2364008.0587010966,74185.10186904068,501.7790308533043,9.141308084828172,0.9843035955188115,0.0015592763320393366,-40.01338580118046,125.40006428424793,3.6771299395042847e-05,-1.353299843922664e-05,257.84619926046616,-0.4244292813405602,-4.735565109103232e-05,-0.007813390100947315,-0.353229289076736,-0.6137831052232288,-0.9578322188702054,1789623709.6952338,Power Instability + Timing Misalignment,6,0.6,1
0.009280153287223017,1148720.5055541606,2337315.528917329,515.839286974095,0.9804632600831494,-39.621148276169194,125.98786343566417,5.08429633677551,4531.092508730741,4530.092508730741,0.009768369958425283,-0.0004882166712022653,123782492.59478584,0.00800764087321456,0.0009702219607301025,9.413306530829647e-07,0.0013319288105067177,2364534.110876584,73946.94726235287,502.3950336195717,9.540434068853415,0.9841020983203211,0.001709779867927493,-39.99873843560028,125.45594799165632,3.6355977178395445e-05,-6.646158585494819e-06,-386.9847250684827,-0.30804043212297827,-7.083395600038909e-05,-0.003932202168851475,-0.25047039622067996,-0.6378832901464668,-0.9576296368377258,1789623710.6952338,Power Instability + Timing Misalignment,6,0.6,1
0.0036656433106057856,1346212.6552228446,2400744.3991229124,513.6513204012793,0.9898067632702475,-39.886562915418104,128.8513555273367,4.902042732390763,4673.879543904182,4672.879543904182,0.0050966183648762375,-0.001430975054270452,367251404.7746694,0.007882921320874923,0.0012727786541613987,1.6199655024889014e-06,0.0013319288105067177,2363369.9981352924,73134.19975127258,502.17599696371565,9.21093914442349,0.9842361705287918,0.001996412274412403,-40.00701274143923,125.48633795998998,-1.5964087863787126e-05,-1.9681472305006123e-05,600.3951572991944,-0.03681421466459885,5.353087072840213e-06,0.00029359583284940637,-0.21213134827177982,-0.75444199956824,-0.9585485846804128,1789623711.6952338,Power Instability + Timing Misalignment,6,0.6,1
0.005833342760796678,1254917.2028219448,2345281.3425228074,506.51255001553517,0.9871750251847614,-39.81330079324193,122.8378821083439,5.007709001398593,4630.253174281418,4629.253174281419,0.006412487407619294,-0.0005791446468226156,215128315.6641659,0.007783219460544428,0.0013304913033793568,1.7702071083681e-06,0.0014440090614469062,2363177.4292832566,73175.225621239,502.2816356283948,9.244861683947835,0.9843634619027258,0.002076671187862369,-39.99543673354829,125.2803126605433,-3.0453595090360837e-05,-2.707210214591615e-05,300.6786085295484,0.02017137016214751,3.0046679281040288e-05,0.001124823633138748,-0.24065016916897888,-0.7748707296387439,-0.9602335704127812,1789623712.6952338,Power Instability + Timing Misalignment,6,0.6,1
0.008611298967491245,1159900.6523495293,2331862.2459471277,501.38979436265873,0.9855341513262382,-39.959954640370654,123.03403564813945,5.101379069142128,4650.797188465459,4649.797188465459,0.007232924336880886,0.001378374630610359,134695201.8189477,0.007868385862776026,0.0013125052362977154,1.7226699953089215e-06,0.0013319288105067177,2362467.2521169614,73389.23053998369,502.6628938097921,9.00045116503868,0.9842934614388729,0.0020053089359795473,-39.980461046228235,125.14742856074696,-3.5820589745436696e-05,-1.564181280780064e-05,-123.99216405286776,-0.09229396875902209,7.006005338877648e-05,-0.0019367502511499716,-0.3104658634777938,-0.7386918422962835,-0.9695550387772119,1789623713.6952338,Power Instability + Timing Misalignment,6,0.6,1
0.008518073737154092,1142120.9522969183,2263539.9743691315,534.0807048043329,0.9831054730327632,-39.21297195197065,127.29026087196239,5.176584482216133,4238.198373405771,4237.198373405771,0.008447263483618406,7.081025353568651e-05,134082069.20247951,0.007843917660400762,0.001294337896537239,1.6753105904124442e-06,0.0012157300012235984,2357481.4050851446,75671.17199606962,504.3526615353467,10.627677926154476,0.984266781722037,0.0020164690247376823,-39.938348805475016,125.2233388530701,-1.7209541567426782e-05,-1.5444048239572025e-05,-779.978055095381,0.08945277282427788,5.388405171102284e-05,0.002294595219344936,-0.17421732239688584,-0.7469215597660652,-0.9735123222892348,1789623714.6952338,Power Instability + Timing Misalignment,6,0.6,1
0.006190340269151572,1304260.339803567,2463445.882980354,507.96191454316414,0.9861000721747752,-39.83238503039521,125.83778795951471,4.808363005059124,4849.66650540298,4848.666505402981,0.006949963912612378,-0.0007596236434608064,210692834.81929252,0.007795701568585567,0.001332037570714217,1.7743240897942327e-06,0.0013278102521637868,2361753.4775137324,78466.4670187068,504.06129804018184,10.422913177960735,0.9843026682028945,0.002040647981888791,-39.948977530792675,125.2662725120264,-3.695508382995871e-05,-1.748595926532097e-05,189.78225881928864,0.231702358304266,8.016801712621373e-05,0.006989541454138963,-0.17783573170772848,-0.7549818960099817,-0.9753227229465475,1789623715.6952338,Power Instability + Timing Misalignment,6,0.6,1
0.007675543132444871,1266419.8903128398,2499298.437747735,510.1567439601736,0.9860302841272872,-39.70987516448219,123.20874640836826,4.8035094332562736,4899.079483584848,4898.079483584848,0.006984857936356392,0.0006906851960884787,164994172.8500782,0.007852274110095262,0.001295189943516816,1.6775169897870932e-06,0.001080362336366725,2371954.287302193,79105.35298553089,504.05126048192307,10.4169157028972,0.9843676991813183,0.002068571140128061,-39.94225222203572,125.09686319011254,-5.3408958363934274e-05,-7.654600559365262e-06,284.6752008195304,0.35143186171495955,9.713365568167443e-05,0.009906336693948537,-0.17220022969870222,-0.7681188463669565,-0.9749558443783692,1789623716.6952338,Power Instability + Timing Misalignment,6,0.6,1
0.008849740183755528,1175532.9713061359,2367259.721773716,491.09418346588615,0.9853646118726709,-40.259283595759186,123.7476184234257,5.022300709300712,4820.378252226149,4819.378252226149,0.007317694063664559,0.0015320461200909689,132832483.99358994,0.00789148550724593,0.001309872204138679,1.715765191175121e-06,0.0011965611456498442,2367241.2439906048,75659.60641990892,502.8763318296151,10.152217691002354,0.984465974702547,0.0020551936065984614,-39.973387476776836,125.01359502388483,-4.402976777351927e-05,8.411250656970121e-07,1372.6559223996676,0.395989466791249,9.17361732851432e-05,0.011593393192238635,-0.2116989087583042,-0.7507363342948965,-0.9725262437731695,1789623717.6952338,Power Instability + Timing Misalignment,6,0.6,1
0.008487375227735324,1198631.7310318225,2394338.6290963735,515.2363972606063,0.9839365303983172,-39.56693583164981,123.91208116587887,4.970019896590094,4647.06810665264,4646.06810665264,0.008031734800841406,0.000455640426893918,141225255.02523965,0.00788652161372514,0.0013073670787957026,1.709208678718809e-06,0.0011965611456498442,2368702.7822755575,75815.86461292887,503.3468935832268,10.437563638628086,0.9845197968120516,0.0020227485844032597,-39.95652049970661,124.92087778134197,-3.132937669160306e-05,4.002060206931118e-06,1528.374910887898,0.5160425943689342,6.809902467377611e-05,0.015193026715587102,-0.17393863283242003,-0.7484913076843113,-0.9727921920585139,1789623718.6952338,Power Instability + Timing Misalignment,6,0.6,1
0.011646077324508718,1114003.2061560433,2336482.7973850514,509.7808592388312,0.9794556599420404,-39.720508894355014,123.2999388329483,5.008814866788682,4583.308209872223,4582.308209872223,0.010272170028979788,0.00137390729552893,95654800.7638303,0.008050131284595755,0.001497810665330812,2.2434367891787294e-06,0.0013186299543672198,2368149.531945699,75998.27976624659,503.35889531286483,10.44477989541368,0.9842223910090263,0.002191806040030666,-39.95076443349463,124.7774358087172,6.735387504317863e-08,2.1320000523732383e-05,1047.0723993044091,0.6367722707210378,4.5063227929917906e-05,0.01829269488089179,-0.06286697218472166,-0.8105313438700961,-0.9716464363196884,1789623719.6952338,Power Instability + Timing Misalignment,6,0.6,1
0.008329243202967677,1193636.1631641237,2349926.4355993522,496.0910579346963,0.9839343879377296,-40.11745098711376,125.0585041663959,5.002086962533143,4736.885291548005,4735.885291548005,0.008032806031135209,0.0002964371718324685,143306676.73851037,0.008034194157712936,0.0014926273857591762,2.2279365127182727e-06,0.0013186299543672198,2364063.240550544,74098.08418235944,502.8657411343261,10.485157541426782,0.9842874258647217,0.002157912277390593,-39.96509944901467,124.82775331935699,9.419172487515676e-06,1.9321895203529632e-05,1718.2010875863664,0.6202947119294242,2.3265993404192245e-05,0.01867093811437876,-0.08118439513703718,-0.8106938736522029,-0.969125514480193,1789623720.6952338,Power Instability + Timing Misalignment,6,0.6,1
0.007724790533391397,1262513.8819062414,2480453.114341042,510.38049407969663,0.9858217897201598,-39.703549022113755,122.88042328230036,4.812528294343718,4860.00766705186,4859.00766705186,0.0070891051399201155,0.0006356853934712811,163436649.37565148,0.007980299056863052,0.0014784334487911296,2.1857654625044337e-06,0.0010801887381029366,2368791.8458892466,77523.52686101165,503.6598969861649,10.270176594375519,0.9844586793752178,0.0021022830218284253,-39.93840124724638,124.69009671321983,1.6942878001495403e-05,1.2841110073636986e-05,2774.3165565742343,0.566270228688361,9.959613000086827e-06,0.017026203574248278,-0.046129142311058254,-0.8065801156947188,-0.9739832462386049,1789623721.6952338,Power Instability + Timing Misalignment,6,0.6,1
0.005384288251248439,1242203.3407397312,2324360.7720611864,507.9312870912198,0.9859198172226317,-39.85465025016518,126.13585353732462,5.092503206307217,4576.132305950573,4575.132305950573,0.0070400913886841665,-0.0016558031374357277,230708922.4748889,0.007948124764125373,0.001525090250700613,2.325900272782059e-06,0.0010801887381029366,2369438.2850897284,77081.69864921371,503.85529893465974,10.303061351846468,0.9844570640682352,0.0021011439008073755,-39.93609242488808,124.77162363277141,-2.4936833537443034e-05,1.0118664182844325e-05,1758.263028991139,0.5995618589695719,3.846224450371288e-05,0.018059594082390305,-0.06134447698495786,-0.7961121709560383,-0.9741263784772737,1789623722.6952338,Power Instability + Timing Misalignment,6,0.6,1
0.005783900113780242,1291301.843977976,2424184.9619080783,493.44224721791164,0.9852850784946084,-40.214509618641976,125.33355792846294,4.888227763682041,4912.803829781363,4911.803829781363,0.007357460752695777,-0.001573560638915535,223257977.93454748,0.007853272858920499,0.0015819427782285238,2.50254295358938e-06,0.0013276366538999985,2371207.1208459726,77806.91323645425,503.7249177716334,10.412800985681205,0.9846130974074417,0.002010023613561451,-39.939220200730176,124.76229106734556,-4.2843562050553766e-05,4.2286441431461075e-06,2368.8747979752125,0.43190615517330344,1.537726405543667e-05,0.013487361239951689,0.0015372808296661418,-0.81217818709481,-0.9744045726699819,1789623723.6952338,Power Instability + Timing Misalignment,6,0.6,1
0.009102065349051327,1124762.506253453,2261920.291061232,492.4677316456641,0.9825731147549989,-40.21898898074536,123.52340428451964,5.191310229730596,4593.032488651882,4592.032488651882,0.008713442622500567,0.00038862272655076045,123572229.28208075,0.007881930765174934,0.0015977375705832023,2.5527653444531135e-06,0.0015660778701642817,2368324.5779797146,80423.43130430243,503.8653703540787,10.234809354193176,0.984560881555171,0.0020450782177625576,-39.93509087277283,124.70764400373959,-2.5992798419338444e-05,1.0322952016516087e-05,987.8407109870318,0.1803086609856518,-1.0799208500788484e-05,0.007074860404170347,-0.012588297947928628,-0.8163062976577646,-0.976908842388902,1789623724.6952338,Power Instability + Timing Misalignment,6,0.6,1
0.009588110791156335,1147745.9139713843,2366015.4712730227,509.0357766666365,0.9821409671680166,-39.847125193651884,126.46810806963188,5.0608144872599885,4648.033752689465,4647.033752689465,0.008929516415991712,0.0006585943751646235,119705115.94734764,0.00789664447879018,0.00161162806051293,2.5973450054326684e-06,0.0015660778701642817,2369667.750155598,80092.56112869,504.44171607507747,10.103201051244163,0.9844741999421867,0.0020991695569256064,-39.92274119595332,124.81852840273876,3.1399275226456753e-06,1.2848570283530087e-05,607.641768810541,0.13565312136205793,-3.566562039228859e-05,0.005679088874696741,0.029554709383161026,-0.8328560718468075,-0.9739623479298073,1789623725.6952338,Power Instability + Timing Misalignment,6,0.6,1
0.007464067134129418,1177131.8113479721,2308782.806156294,499.3605435012055,0.9843951058488015,-40.20527143786956,127.60655929527384,5.139160420540935,4623.478639238385,4622.478639238386,0.007802447075599239,-0.00033837994146982114,157706487.6554421,0.007862948043297844,0.0016115135558614345,2.5969759407251646e-06,0.0015660778701642817,2363370.796930769,78426.1150336098,504.1379978529909,10.137198684215024,0.9844229122280457,0.002084762521022484,-39.926801588582144,124.75298666011305,3.2452413060995306e-06,9.284413770804613e-06,1011.0157673389297,0.11386781969386155,-2.436473211446987e-05,0.0012609131488971314,0.04737192744931537,-0.8446488143326206,-0.9769363835678534,1789623726.6952338,Power Instability + Timing Misalignment,6,0.6,1
0.005167557605968181,1339084.2273229924,2468433.092765464,506.33723648946227,0.9870470804434452,-40.04573890698997,128.17802600855168,4.786509224280444,4875.077151899011,4874.077151899011,0.006476459778277377,-0.0013089021723091962,259132907.54155123,0.007768405938361039,0.001695357856653161,2.8742382621156e-06,0.002148179458913907,2371713.956754406,78063.70705089255,504.28993779351214,10.140555810941539,0.9844974456082499,0.002143122763589364,-39.93131649634125,124.87681686760787,-2.495366394680812e-05,1.1986269479591749e-06,945.6545774813974,0.11817588526492526,7.46669620757406e-06,0.00010238396544575761,0.07237157889612765,-0.8541632159613696,-0.9773818984347934,1789623727.6952338,Power Instability + Timing Misalignment,6,0.6,1
0.006924386158083568,1181760.5779819963,2261180.9936847156,486.9686673807713,0.9879557489226025,-40.38099145718535,124.78529685800044,5.1702256562267666,4643.380868520334,4642.380868520334,0.0060221255386987416,0.0009022606193848266,170666475.12175533,0.007684089270922846,0.0016827734017866058,2.8317263217604653e-06,0.0019097382426496237,2370626.639448471,79395.04035991858,503.6926845091192,10.688626890947393,0.9846343436262714,0.0022477938446230864,-39.948744894526975,124.92152331651097,-2.010564670797984e-05,-4.771132676272913e-06,-908.1500012211154,-0.06561214772800339,3.974802467049245e-05,-0.004188111888969612,0.09993995197037583,-0.848772984354274,-0.9776402146645943,1789623728.6952338,Power Instability + Timing Misalignment,6,0.6,1
0.008200542730370363,1237954.9826259944,2470657.241990508,511.11637989295247,0.98486744308009,-39.694035378161146,125.15633379961763,4.85551345356149,4833.844774272269,4832.844774272269,0.007566278459955,0.0006342642704153627,150960128.2902021,0.007634388475814549,0.0016480793766454965,2.7161656317242084e-06,0.001899864399950246,2373982.717359323,81744.41077173273,504.47225691711037,10.489056171323993,0.9846821110629853,0.0022395359712397795,-39.926760813602655,125.00517464865537,2.2513493661615826e-06,-8.710615423846453e-06,176.4959545665485,-0.11774187695976694,3.228884729627611e-05,-0.00478587218993809,0.16256982623597083,-0.849567515946149,-0.9786923881901589,1789623729.6952338,Power Instability + Timing Misalignment,6,0.6,1
0.008748239080192854,1149503.787479103,2305304.245252737,506.44471751658665,0.9847074169010505,-39.993636847328524,127.48855767802452,5.128294776837491,4551.936599431971,4550.936599431971,0.007646291549474771,0.001101947530718083,131398305.06938574,0.007676190699176244,0.001662484713435965,2.763855422408262e-06,0.0019097382426496237,2369572.594501744,82354.30114843449,504.4282088220433,10.478362801484401,0.9847041396661003,0.0022369665906687344,-39.93515039158731,125.18335580940762,1.3220997456089721e-05,-5.41920963152085e-06,-41.71317924230682,-0.06879791858771123,2.7268347249525494e-05,-0.003974555265425672,0.15529566728375518,-0.8427290825257637,-0.9801940777344768,1789623730.6952338,Power Instability + Timing Misalignment,6,0.6,1
0.0088425271314636,1157681.0690711383,2331203.248416358,511.10157105453567,0.9843078588997177,-39.77862499297817,126.32752541380086,5.089254444270014,4561.134968938715,4560.134968938715,0.007846070550141138,0.0009964565813224621,130921969.68803883,0.007738545291891139,0.0016757737952263292,2.808217812767255e-06,0.0020466783553512325,2371330.6982024685,81036.73361363885,505.3003547546916,10.082647307733213,0.9846802590694377,0.0022378827079946166,-39.91380941654246,125.26097298402448,2.0061896052123014e-05,-1.0024805531838962e-06,-1219.111144526935,-0.15850051266337054,2.5617712446298367e-05,-0.0062996952072305245,0.15974223942754426,-0.8393962561013028,-0.9804849486970747,1789623731.6952338,Power Instability + Timing Misalignment,6,0.6,1
0.009013609916535076,1149333.9303526354,2317144.469607319,496.4414525588363,0.9824903850732973,-40.20026343569498,126.35228344637883,5.105490028200721,4667.508036776401,4666.508036776402,0.008754807463351333,0.00025880245318374295,127510946.3350785,0.007755032683560867,0.0016861776615537429,2.8431951063228483e-06,0.0021409664066219785,2368833.5870208233,81703.40016675681,505.59937863673275,9.697264188877291,0.984707968919334,0.0022060809425262537,-39.90894220612768,125.36068954544731,4.0460521685535864e-05,-2.333284147299911e-06,-1636.876206714743,-0.40361998694008927,-2.342271149205121e-05,-0.01302522894847364,0.16136616044818466,-0.8496439566787921,-0.9815290142425702,1789623732.6952338,Power Instability + Timing Misalignment,6,0.6,1
0.0071887935446271,1253662.0893627224,2426596.029267022,508.5770095452321,0.9848830458084048,-39.87342656378351,126.65383003878361,4.890640823500375,4771.344326863843,4770.344326863844,0.0075584770957976,-0.00036968355117049986,174391166.13659167,0.007774521996352286,0.0016766777319437013,2.8112482167958746e-06,0.0019181409733800316,2375895.5200089496,78705.9797970087,505.694841306186,9.714344897443578,0.9847169266144984,0.002206318981451608,-39.90732788690831,125.37605123621907,2.4698979277416332e-05,-3.598060735711195e-06,-2291.543256703988,-0.37022352144765364,-2.229527203179499e-05,-0.0127458156313132,0.15982508475559068,-0.8560415525563593,-0.9802099088359455,1789623733.6952338,Power Instability + Timing Misalignment,6,0.6,1
0.007035558448835069,1266129.5849604984,2442945.565889049,496.76723504121964,0.983697435328407,-40.093580731051084,124.10702888723041,4.861388045129777,4917.6865814959465,4916.6865814959465,0.008151282335796484,-0.0011157238869614148,179961490.50117564,0.007730210727706699,0.0016809777927114385,2.8256863395890204e-06,0.0019181409733800316,2371147.1079654368,70509.82856841602,505.52668650572764,9.830348901577882,0.9846799402806483,0.002215330726293364,-39.912190835891444,125.3625145230352,2.1565958986558998e-05,-1.0114363902626677e-05,184.98371340689965,-0.49986955719780135,-3.26542902249123e-05,-0.015111863849814455,0.17224617287721572,-0.842350577703644,-0.9761680328524115,1789623734.6952338,Power Instability + Timing Misalignment,6,0.6,1
0.007698363922672107,1229357.7380254243,2388381.7950957315,506.8232486154022,0.9845557118525834,-39.84016750471873,125.49570890093968,4.930201895132016,4712.455084924747,4711.455084924747,0.007722144073708304,-2.3780151036196726e-05,159690779.80386168,0.007666939153124663,0.0016509484361077321,2.7256307386865665e-06,0.0018238529221092856,2373189.758612573,70239.31841258713,505.16604497137996,9.608275131667478,0.9848436383514259,0.0020421299667400237,-39.92095160503342,125.3428283416462,3.677141407371056e-05,-1.9045790097039346e-05,5.757342590081076,-0.38477528688636164,-7.5967816151273e-05,-0.011536607503305304,0.13526437869148772,-0.8497549683455354,-0.9752216504610509,1789623735.6952338,Power Instability + Timing Misalignment,6,0.6,1
0.011509951160374177,1091738.1173836251,2285554.6315372614,490.1209210864582,0.9815807411780193,-40.287903645781945,124.64355586829272,5.108196370287156,4663.2464218643,4662.2464218643,0.00920962941099035,0.002300321749383827,94851672.450375,0.007980711467115398,0.0016054633562930264,2.5775125883996693e-06,0.001806968682628531,2368582.1679091468,72035.81227645441,504.2248289987871,9.879640562409705,0.9845145974677366,0.0018715187570779292,-39.937005234247984,125.17451635528445,3.223241263851731e-05,7.936857307271951e-06,-527.635886847859,-0.4388005992174127,-5.645561779450132e-05,-0.01457997021406146,0.02588103338494162,-0.8216852200970146,-0.9757987454343711,1789623736.6952338,Power Instability + Timing Misalignment,6,0.6,1
0.005318760580959345,1315251.3128278346,2463379.90812245,499.0436373808353,0.9867843127734655,-40.027621216487276,123.05212418104306,4.850640412934226,4936.201413269538,4935.201413269538,0.006607843613267272,-0.001289083032307927,247285301.3042754,0.007960128179921904,0.0016358730155685013,2.676080523065182e-06,0.001806968682628531,2373306.1105331327,74192.92378555007,503.92607249339903,9.918794551665941,0.9844989689712849,0.0018507532211116144,-39.9455780511778,125.18308603819241,-1.3813128758418075e-05,5.0583134296349145e-06,114.41192279616263,-0.46374977321563915,-8.90012241752763e-06,-0.014179381024671351,0.07205502558001864,-0.8199109606306292,-0.9781501750570015,1789623737.6952338,Power Instability + Timing Misalignment,6,0.6,1
0.005057378232022942,1230504.148064072,2288484.8691264857,508.5317121972776,0.987805950114349,-39.93649633655557,127.51928312990678,5.163294430710367,4500.181235971181,4499.181235971181,0.006097024942825491,-0.0010396467108025487,243308704.94767654,0.007817971350503173,0.0017250940013612435,2.975949313532546e-06,0.0019181409733800316,2371571.015460307,75635.05370008248,504.2117492067838,9.944447827134825,0.9845898409228093,0.0019523346651596797,-39.94463971902519,125.36249593746312,-3.4096035786407414e-05,-6.362193541023939e-06,-1082.99202835601,-0.44659895725647053,3.1977680914136316e-05,-0.014239315704702486,0.0671295709360796,-0.8552293366426899,-0.9798567506156562,1789623738.6952338,Power Instability + Timing Misalignment,6,0.6,1
0.00633999808283936,1261210.030342125,2402065.126657564,501.91054756840526,0.9891194183273136,-39.94497830470076,124.8789097787828,4.940445154770204,4785.843091552459,4784.843091552459,0.005440290836343176,0.0008997072464961842,198929087.02226198,0.0077308483243305835,0.0017424492408585272,3.036129356968458e-06,0.00250252904862424,2377112.0215518447,72528.10488939172,502.92494291734664,7.858868428708825,0.9848303987345912,0.0021180867595994865,-39.97391997313439,125.26604189373592,-4.0737842082948794e-05,-1.1164714047102266e-05,-1881.8183359084644,-0.1691512625583199,5.8945485747561225e-05,-0.006925763440393109,0.019840337874317625,-0.8360665248547463,-0.978409025431566,1789623739.6952338,Power Instability + Timing Misalignment,6,0.6,1
0.006446370599350035,1251736.2803825487,2409802.6147200605,504.4594831182333,0.9868904611847418,-39.87189694439281,124.48700061891772,4.963600067147596,4776.9993336714815,4775.9993336714815,0.006554769407629113,-0.00010839880827907822,194176903.28085652,0.007741089537538521,0.0017340972270424974,3.0070931928364788e-06,0.002396156532113565,2374966.2908214326,70712.9932090311,502.78484566034945,7.798816253579259,0.9848620142949901,0.002142560021022466,-39.9755004496943,125.21201040011204,-6.799964009609783e-05,-4.922206385511769e-06,-716.7204000705979,-0.10461655983042235,9.065818122771212e-05,-0.004568662978463503,0.02932946223694341,-0.8380148140214932,-0.9764627320003907,1789623740.6952338,Power Instability + Timing Misalignment,6,0.6,1
0.0046880876412152255,1359551.5779362586,2474062.690584496,490.1423971900604,0.9874566902267958,-40.28727149995762,121.8960732799698,4.7644950345445976,5047.640654569083,5046.640654569083,0.006271654886602085,-0.0015835672453868594,290001314.3917765,0.007621591317889337,0.0018345229184304217,3.3654743382464714e-06,0.00250252904862424,2373956.860934903,69092.49602780717,501.9842717895449,8.02496611741854,0.9849190705389703,0.002191348347549543,-39.99859630311332,125.15950347497608,-9.683666011309555e-05,-8.504821800447971e-06,1441.3370670053253,-0.14759710117330996,0.00012629173430581513,-0.004790296744157668,0.11772318062374756,-0.8508657416263059,-0.9749715492179564,1789623741.6952338,Power Instability + Timing Misalignment,6,0.6,1
0.006730883303412907,1226212.414340671,2350590.13705107,518.0958018459601,0.9862489099962777,-39.7532076888449,128.72338126078895,5.027461221654471,4536.979702742208,4535.979702742208,0.006875545001861161,-0.00014466169844825402,182177042.60582227,0.0075368370426756315,0.0018247442276364205,3.3296914962924366e-06,0.002408240997353494,2373290.0775459968,69234.20030410973,503.06433652474783,8.298978035635095,0.9849544424639146,0.002205346921307594,-39.97835326683674,125.35853398847061,-9.277709158806219e-05,-7.533556038431156e-06,1158.672839542695,-0.10777616850452704,0.000143022588787196,-0.005132044000446373,0.13392121206540583,-0.8664634241090574,-0.975406678496825,1789623742.6952338,Power Instability + Timing Misalignment,6,0.6,1
0.007757798942064298,1211637.8847697342,2378154.7523086285,489.6539190333009,0.9857636418061398,-40.301656634113726,120.00496540654409,4.98783789274896,4856.807348757056,4855.807348757056,0.007118179096930077,0.0006396198451342205,156183202.7123051,0.007507653991248791,0.001815117599107796,3.2946518985908493e-06,0.002408240997353494,2372642.722474487,69109.91509680844,502.04103739565556,8.312226219121573,0.9850275269202275,0.0022006726357305137,-40.0077420989353,125.20224935809725,-8.123206143541605e-05,-1.9469352572815807e-06,1414.0630451630586,-0.10984403029776121,0.0001403130005209932,-0.0040022084234414244,0.0886128714897322,-0.8608954853390184,-0.9756707031134176,1789623743.6952338,Power Instability + Timing Misalignment,6,0.6,1
0.009198011277119755,1170822.1811305145,2335646.7482767436,513.9280262031845,0.9828651744706668,-39.629463054296195,125.3586144200353,5.008979092582344,4544.696201007205,4543.696201007205,0.008567412764666604,0.0006305985124531507,127290796.44019997,0.007409731349353231,0.0016475112920827334,2.7142934575401176e-06,0.002408240997353494,2372609.2805101546,69127.60464024305,502.20692407422985,8.504199712940215,0.9851639075013726,0.0019415362593781255,-40.00410026533295,125.28459638158073,-2.4244530079392493e-05,-6.312572565315767e-06,710.9624939818365,0.07728023866502956,6.463415428163866e-05,0.0023619301882609168,0.033606792962678794,-0.8282516268183115,-0.9755034115544318,1789623744.6952338,Power Instability + Timing Misalignment,6,0.6,1
0.005041575268345042,1337480.1439327253,2504044.9522746205,508.7925217717463,0.9876322612539198,-39.748506288289754,123.45496735013296,4.8031812324610925,4921.544333149576,4920.544333149576,0.006183869373040107,-0.0011422941046950654,265290127.1415054,0.007278224631968326,0.0016992662792587592,2.8875058878259077e-06,0.002964338966412612,2378774.0211771657,73559.87133052511,502.7149826277117,8.503054768709886,0.9853118224340203,0.001982656373351969,-39.989342477379985,125.22045490893021,-3.690931382947747e-05,-1.6064243621399886e-05,1697.386399622724,0.07691170986215498,7.512376251487536e-05,0.003587751989313059,-0.01693378238079344,-0.8365756954213943,-0.9765949510258717,1789623745.6952338,Power Instability + Timing Misalignment,6,0.6,1
0.006844947493151887,1263911.0401883044,2441493.114187718,500.6242332579056,0.9874676082094387,-40.056118240564224,126.03014549488947,4.885992513255108,4876.897585039474,4875.897585039474,0.006266195895280657,0.0005787515978712297,184648756.10116804,0.007243030910358747,0.0016987641415963138,2.885799608773461e-06,0.002964338966412612,2377215.6211710325,71780.4146354827,502.3247321948402,8.365051803999592,0.9853776551735913,0.0020253607511394865,-40.003445246118005,125.34644379743376,-3.6443136096629283e-05,-1.5921006582416977e-05,3293.122805205048,0.13426759942994623,0.00010012299638013439,0.005829294881813239,-0.029995239539640305,-0.8320120663478799,-0.9753448952213609,1789623746.6952338,Power Instability + Timing Misalignment,6,0.6,1
0.0071685758483647204,1238177.226953407,2408416.53352018,498.52481539011126,0.9856300049777181,-40.060906267081194,125.25355470763601,4.9463043633650186,4831.086556113598,4830.086556113599,0.007184997511140934,-1.6421662776213222e-05,172722902.448728,0.007314402414243398,0.0016561191045770555,2.742730488545108e-06,0.002408240997353494,2380577.8516293927,71192.11898705135,501.9484733267958,8.31581369106382,0.9853660626837949,0.0020230524995376543,-40.01169548679465,125.31115184424624,-5.571784018306182e-05,-4.572988029325482e-06,3052.5827357910202,0.1552569932731686,0.00010787399967786198,0.006786835417065979,0.0032047554938961407,-0.8423562603332104,-0.9746905061296164,1789623747.6952338,Power Instability + Timing Misalignment,6,0.6,1
0.004382282954029366,1289476.6271394016,2379266.0426679687,514.3059649302551,0.9881962910890086,-39.95064004760163,130.01973602744323,5.022183593928175,4626.168477339399,4625.168477339399,0.005901854455495681,-0.0015195715014663146,294247687.94396764,0.007258337727853362,0.001729098819898622,2.9897827289748068e-06,0.002408240997353494,2378781.0948597877,70633.52675615957,502.7830220352896,8.465834539028037,0.9854825111875708,0.002097457159830714,-40.001140703953034,125.49859896820544,-9.808858128197676e-05,-2.559604034882566e-06,3476.544832780122,0.18426388544702796,0.00013318934306489553,0.005322282768066716,-0.050572612279001304,-0.869276869869939,-0.9728865184416282,1789623748.6952338,Power Instability + Timing Misalignment,6,0.6,1
0.006761438830558441,1226121.827733117,2349027.652703537,510.0004190889909,0.9870796058342791,-40.11925032400118,130.69338099198984,5.025044237822827,4605.932789034927,4604.932789034926,0.006460197082860442,0.0003012417476979997,181340371.25228995,0.007164712667113647,0.0016896508976397685,2.854920155894876e-06,0.0018605446475310032,2382265.3893254804,66828.94274427425,503.4843295330226,8.30698178715727,0.9856627708307419,0.0020323085264585677,-39.99715115768327,125.78539803650425,-8.423806412195021e-05,-2.7974531206557387e-06,2033.2896364291685,0.14773310820032473,0.00011883779086263753,0.0020535573535452353,0.0026708320233368252,-0.8599330930843913,-0.9694452395033655,1789623749.6952338,Power Instability + Timing Misalignment,6,0.6,1
0.007335321666760795,1257046.292995459,2460478.82543287,504.4665033313068,0.9841595348343034,-40.02944168202661,127.19881617143864,4.865916989386237,4877.38791215035,4876.38791215035,0.007920232582848297,-0.000584910916087502,171368939.23706526,0.007074601102137825,0.0016164931241048825,2.6130500202783634e-06,0.001417800859224938,2386043.923491874,68454.08342758966,503.3015585996094,8.232762914220894,0.9857435135373936,0.0019282176378528665,-40.00444381721825,125.81462636057651,-5.842923057708812e-05,-4.611744678752584e-06,2592.7606353574233,0.21231379921293284,6.974372965287297e-05,0.0032557506153051683,-0.045151038042267715,-0.8388040608393434,-0.9732160683438713,1789623750.6952338,Power Instability + Timing Misalignment,6,0.6,1
0.007280976340784092,1188506.7404900067,2282889.368842987,512.0456625894165,0.9864087660238844,-39.93019276173325,128.82961105180564,5.113776206981835,4458.370679869464,4457.370679869464,0.0067956169880578066,0.0004853593527262851,163234528.5662631,0.007067277470404011,0.0016151262064181338,2.608632662658632e-06,0.001417800859224938,2385008.185999342,69797.93737262362,503.8089633631379,8.36409204820631,0.9858240599443968,0.0019122002610320083,-39.9934406701728,125.8635484308378,-5.2629568054283564e-05,4.58174064525037e-08,867.9535729349706,0.25361845428865065,6.240044494994627e-05,0.0019328687671152304,-0.0339441873554871,-0.8377753434407202,-0.9731586724319863,1789623751.6952338,Power Instability + Timing Misalignment,6,0.6,1
0.008438789814696153,1169047.3939453324,2341588.551714841,493.39409360447735,0.9841206115384421,-40.19187649574687,123.28841722022995,5.082590753650247,4745.878765204561,4744.878765204562,0.007939694230778949,0.0004990955839172043,138532588.15730146,0.0071981267587531315,0.0015882051341957395,2.5223955482857065e-06,0.0017541721310203283,2379934.404357317,68139.78855426752,503.29123764773846,8.589126251140152,0.9857070011881968,0.001923290248276124,-39.99928617372308,125.66796407930491,-5.896665275132982e-05,1.8079382503256947e-05,1301.4060164315677,0.1827639262411823,5.890651080854121e-05,-0.0004218289140477575,-0.0785679125347182,-0.842218060155791,-0.9726485769972806,1789623752.6952338,Power Instability + Timing Misalignment,6,0.6,1
0.008061586199079223,1153183.726569654,2280258.9844844406,505.8675113253078,0.9859043262624908,-39.83168507955963,123.31719331757948,5.175206913496394,4507.620935193991,4506.620935193991,0.007047836868754598,0.0010137493303246248,143046752.59831226,0.007243614760392957,0.0015959797998526969,2.5471515215378542e-06,0.0017541721310203283,2380697.5239893063,66901.12931682025,504.04719140552,7.9252797497493574,0.9856249442817924,0.0018685809791666387,-39.97731391861805,125.60923993768807,-5.373366392424614e-05,2.791881824988631e-05,-806.2088891209952,0.04331921136445859,8.321545037685314e-05,-0.002691794725623211,-0.08183046781970602,-0.8508605237266466,-0.9719747354524184,1789623753.6952338,Power Instability + Timing Misalignment,6,0.6,1
0.007803772969813944,1179541.7030172448,2306277.084838149,509.24650276179216,0.9835044490039115,-40.020830485306995,128.9929256376755,5.100127672276384,4528.802990949445,4527.802990949445,0.00824777549804423,-0.00044400252823028567,151150181.78769073,0.0072277439699707,0.0015883394733946182,2.522822282743493e-06,0.001615215599729188,2374122.3177032117,65805.42380522308,503.97239632027356,7.866819008681635,0.9855704245187452,0.0019093271477821697,-39.99038572290388,125.76270361121038,-3.899369306058606e-05,3.086499101028818e-05,-593.5696089658052,0.16200473952745076,5.606663579477879e-05,-0.0002607007058751739,-0.12952740267116913,-0.8430995350725817,-0.9722811624068329,1789623754.6952338,Power Instability + Timing Misalignment,6,0.6,1
0.00706845446290259,1224876.36622226,2351283.161634562,514.5125150082705,0.9852923105950064,-39.88654997589512,129.1929522693673,5.002052148679174,4569.924137990631,4568.924137990631,0.007353844702496781,-0.00028539023959419166,173287721.19149747,0.007160552585279089,0.0015578338522579415,2.426846311240818e-06,0.0013574023704639093,2375961.4743584846,64485.65191689976,504.29510821994086,8.122928507597539,0.9855938202665034,0.0019021791199831742,-39.986102248046556,125.8308793948641,-2.5259106638993232e-05,2.7477069769532587e-05,-1492.5733125657778,0.28402135476440044,4.486935416793766e-05,0.0006652718684208736,-0.1318308281327129,-0.8439981415072217,-0.9698452275108076,1789623755.6952338,Power Instability + Timing Misalignment,6,0.6,1
0.006852345281116702,1223931.0142748563,2385479.448303569,504.9142178831601,0.9864231217285436,-39.97363434219763,126.5969262404027,5.0246722393062795,4724.5242138449385,4723.5242138449385,0.006788439135728186,6.390614538851619e-05,178614906.8768754,0.007080945311265214,0.001520245745890432,2.311147127897956e-06,0.0013114283427142631,2378132.522353973,63852.78048206013,504.0476140930859,8.005181360529436,0.9856784307796562,0.001890102705327684,-39.99390262201533,125.84165542792817,-1.1284351677108644e-05,2.1550930169935896e-05,-1852.297350955492,0.35780084154006464,3.966483091891558e-05,0.0028551327807869926,-0.19541612663660096,-0.841496048395795,-0.9655058200993446,1789623756.6952338,Power Instability + Timing Misalignment,6,0.6,1
0.007653097747792366,1173647.1385054665,2336686.633882155,514.5474533625452,0.9841993372004073,-39.586239612591264,124.24423645475812,5.135222136602042,4541.246135049371,4540.246135049372,0.007900331399796345,-0.00024723365200397893,153355827.55937228,0.007026524824515505,0.001473727307165855,2.1718721758863224e-06,0.001251993323322072,2378914.208924967,63217.840085932046,504.77185412523426,8.102723137734435,0.9857467888647409,0.0018024368794785264,-39.96934166909118,125.75733354826336,1.3323701481994463e-05,1.6194392812240198e-05,-2844.7553104695785,0.3786608194541171,-5.868797645434815e-06,0.004554567807904916,-0.090208680280205,-0.8288391302064056,-0.9563222359485923,1789623757.6952338,Power Instability + Timing Misalignment,6,0.6,1
0.007164149031229215,1179786.7319540286,2282944.858983199,488.6330471586539,0.9852510617279702,-40.331766558429216,124.17556384135236,5.156086045643769,4672.104910337658,4671.104910337657,0.007374469136014916,-0.0002103201047857009,164679255.9466902,0.007025539043979591,0.0014736266744033017,2.1715755755129345e-06,0.001251993323322072,2373168.162113613,65122.504993717426,503.97409562977106,8.651992772249724,0.9857615095015234,0.0017968165572554951,-39.987675268877005,125.6582029003661,1.621676597585234e-05,1.4672072593415116e-05,-3253.808029588414,0.2677387708856624,-1.9082171009753377e-05,0.002168258344015104,-0.09383188167402907,-0.8303962912900537,-0.9589639736399375,1789623758.6952338,Power Instability + Timing Misalignment,6,0.6,1
0.008324823141172168,1237733.4744893776,2427479.7063974915,506.8886818741283,0.9849203925036312,-39.80259143992846,122.9844045849355,4.845293885100748,4788.979894801219,4787.979894801219,0.007539803748184415,0.0007850193929877531,148679852.23228416,0.007077109631673074,0.0014954723672029643,2.236437601067638e-06,0.0013114283427142631,2372549.527733951,64527.45352759112,504.3789535030874,8.541387941710317,0.9858104277885323,0.001756143435515531,-39.976035697232106,125.61329792827429,2.8310351690800148e-05,1.7503669584734716e-05,-2054.696659982879,0.22257403802498388,-4.7487069644536795e-05,0.002817669835645512,-0.06095806583358087,-0.8545079216096723,-0.954307474274614,1789623759.6952338,Power Instability + Timing Misalignment,6,0.6,1
0.007640134949305912,1202230.5491267003,2349165.6162246685,507.93364952100796,0.9830434496510817,-39.80745848678537,125.47992865810629,5.032076233581831,4624.945833850506,4623.945833850506,0.008478275174459149,-0.0008381402251532366,157357240.036175,0.007074780472738426,0.0014945480255430833,2.233673800654729e-06,0.0013114283427142631,2370980.880579109,64600.13521630894,504.4233695393117,8.556856116230419,0.9857499373004722,0.0018230893846124955,-39.97472733651477,125.61266671856097,3.972005137893976e-05,1.3992137172220933e-05,-2112.2254772199935,0.27982956777509044,-8.557556565741642e-05,0.005732449087979844,-0.059268395391324745,-0.8351172559131179,-0.9564309645310235,1789623760.6952338,Power Instability + Timing Misalignment,6,0.6,1
0.0068927529581870395,1219388.1576865087,2367337.35256221,509.9697456568105,0.9877268124530597,-39.8296358275308,126.59322414923,5.037188514898131,4642.113326768475,4641.113326768475,0.006136593773470145,0.0007561591847168947,176908727.91808823,0.006890092544650941,0.0011891425353493567,1.4140599693770962e-06,0.0012067271484423317,2374252.189420107,62218.174670060966,505.21732252212576,8.1016983100187,0.9859957801514738,0.0016505301449400436,-39.95639662378472,125.69065344979849,8.239150427482291e-05,-9.751216056220302e-06,-3000.1205339483,0.18800240125423806,-0.00010901944855036944,0.003939992232083152,0.17774081286484275,-0.7666853378344552,-0.9562821431857009,1789623761.6952338,Power Instability + Timing Misalignment,6,0.6,1
0.009156550290434351,1185228.8527294083,2386118.3236137424,517.2195878472384,0.9809162732263693,-39.511511817752435,123.32009418978075,4.959657717838914,4613.35645377469,4612.356453774691,0.009541863386815341,-0.00038531309638098997,129440544.21538983,0.007043604133029941,0.0012236028867825385,1.4972040245425617e-06,0.001026915638651391,2371161.726039758,59577.11382195041,505.9443605407819,8.327456431252754,0.9857610585695901,0.0019173783702241334,-39.93575224783533,125.70137225014795,8.759933306052306e-05,-3.1312962773480974e-06,-1999.3098005220738,0.23705569130391188,-0.00014802187856218792,0.007334375283817187,0.2856348103290175,-0.8011946056526953,-0.9526202915527305,1789623762.6952338,Power Instability + Timing Misalignment,6,0.6,1
0.0074199103620212,1184256.1696986298,2294047.2085019024,495.63303829866527,0.9847967797671325,-40.12655735897569,119.9390117260578,5.116929924805366,4628.519552240834,4627.519552240834,0.007601610116433732,-0.00018169975441253202,159605185.49661234,0.007138105418229872,0.0011559126496253885,1.3361340535639858e-06,0.0009963601115058566,2371384.219614775,59277.57108556533,505.4284135848374,8.547835308691923,0.9856406917557013,0.001879303523084903,-39.94335468873213,125.39816139399402,7.121067001037237e-05,-1.672718145514016e-06,-3537.904685388855,0.16774777178779318,-0.0001364739982142056,0.005565656447626828,0.28859056545096196,-0.7919518673918773,-0.9505458487551269,1789623763.6952338,Power Instability + Timing Misalignment,6,0.6,1
0.007888129710459072,1174292.9073603451,2306444.1353120017,488.32449334207587,0.9842768140129452,-40.34087952511142,124.87496518030176,5.11195695056024,4723.17929319248,4722.17929319248,0.0078615929935274,2.653671693167263e-05,148868356.69085413,0.00720003068333466,0.0011529621675973926,1.329321759910878e-06,0.000958825476662057,2367559.3799609523,60251.44724500914,504.88497141578426,9.163891494766963,0.9854469875831267,0.0017563044675944534,-39.95919073754856,125.39800361005479,7.015289781550605e-05,-2.518758610069645e-06,-3830.5425469865627,-0.02531322907894168,-0.00011427637320044738,0.0018799602598240685,0.22933902375748,-0.8090224481761744,-0.9520006265312225,1789623764.6952338,Power Instability + Timing Misalignment,6,0.6,1
0.007135847761208801,1162844.08498224,2227668.9591926876,501.203702762988,0.9852920112537064,-40.15863124930735,127.69803499080439,5.221323969623423,4444.637872609892,4443.637872609892,0.007353994373146822,-0.00021814661193802088,162958084.85483387,0.00722760976980901,0.0011428061038129586,1.3060057909121544e-06,0.0009514276886972419,2360274.0337398574,65487.053553731224,504.75474020157446,9.192103954091031,0.9853830495858853,0.0017315118770501762,-39.97066010974514,125.52644498493024,6.202383923295955e-05,-6.239462189768412e-06,-4699.406391102542,-0.06354905346487699,-0.00010127218791740611,0.0009119088520696841,0.24205757507012599,-0.8048158297201257,-0.9586396786303412,1789623765.6952338,Power Instability + Timing Misalignment,6,0.6,1
0.005815017926785307,1256349.3930833377,2386420.8302445184,494.7134317496301,0.9871159795163219,-40.15335024872292,123.22007261958814,5.004407205443659,4823.844830338595,4822.844830338595,0.006442010241839047,-0.0006269923150537399,216052539.9752087,0.007272686981231813,0.0010610483301230357,1.1258235588568822e-06,0.0009514276886972419,2356768.359326259,61528.0122520878,504.9375815839571,8.94167973131124,0.9853694211574662,0.0017164119761150988,-39.96530325969576,125.57940495851498,2.3589308626802893e-05,-6.0200769247517815e-06,-3320.1647779977507,-0.30236148467488677,-6.453950522734581e-05,-0.003940575563696155,0.17417047387883228,-0.812222092953895,-0.9559964037076341,1789623766.6952338,Power Instability + Timing Misalignment,6,0.6,1
0.008235119596596696,1252198.9396335874,2466592.217536313,511.6843951738704,0.9835712521865484,-39.66673858702896,124.92954036219265,4.802885004770204,4820.53437783297,4819.53437783297,0.008214373906725803,2.0745689870893883e-05,152055950.7297356,0.007332856432959166,0.0010712199627007106,1.1475122084885117e-06,0.000995376752272033,2361408.442545668,65154.35745578679,504.6811253170736,8.647722007943164,0.9852623148450771,0.0017415495257996107,-39.96184449562312,125.42765132257112,2.7055265221212733e-05,-2.653201098341774e-06,-2368.1883095799,-0.1085010027633507,-7.234309964770412e-05,0.000936361738659681,0.23504891924849447,-0.8163323246442813,-0.959551694781875,1789623767.6952338,Power Instability + Timing Misalignment,6,0.6,1
0.008661585485146906,1123588.5433058462,2236098.9425217966,506.71219077260344,0.9829814046842023,-39.80761556424358,123.76631347390625,5.234763188746892,4412.956670950291,4411.956670950291,0.008509297657898873,0.00015228782724803318,129720886.00090626,0.007369007894682469,0.0010998195627588676,1.209603070627107e-06,0.0011688332408921831,2355726.210154195,69495.92654787732,505.36345618664564,8.090108308216713,0.9851510253601997,0.0017940619551655103,-39.94208285282831,125.57810524526562,4.356988156322783e-05,-2.572149085676622e-06,-3357.428289093727,-0.24002476908849427,-8.838438536822877e-05,-0.0010381079719737586,0.2940956224759142,-0.8355505850791134,-0.964475601139764,1789623768.6952338,Power Instability + Timing Misalignment,6,0.6,1
0.009967195015604599,1167715.4738317318,2377658.6649878407,499.23199552309643,0.9823142918921087,-40.022176961373376,122.96191293240398,4.952698066367702,4762.632776564179,4761.63277656418,0.008842854053945637,0.0011243409616589622,117155877.05503517,0.007399775244221865,0.0011596850255667576,1.3448693585237713e-06,0.0011688332408921831,2357406.686822639,69498.01231937823,504.7756149594422,7.979599810911273,0.9851289900570573,0.0018251165561629418,-39.957791409111394,125.48223718576035,8.584318111918956e-05,-5.851297085852028e-06,-3355.7694786345874,-0.2109771673558688,-0.00013742812627670297,0.001348759780623697,0.1638862559870853,-0.8388919511624456,-0.9668044287516058,1789623769.6952338,Power Instability + Timing Misalignment,6,0.6,1
0.007045021403604887,1199508.4836457858,2333560.733167549,498.0880549189274,0.984053252875119,-40.09106155033673,125.49675304251183,5.094848473879167,4685.036531436951,4684.03653143695,0.007973373562440489,-0.0009283521588356021,170263284.5135156,0.007479913089632258,0.0010587903525745943,1.1210370107050335e-06,0.0010165647954743359,2350587.318058356,62818.02186028597,504.34743628532937,8.039539347723876,0.9849858297219052,0.0017624384567983496,-39.97149361959327,125.5639086134555,5.898653052395694e-05,-5.105114516883849e-06,-2109.50331939252,-0.23253942268373282,-0.00012232529598750754,0.0022114250698370285,0.2868253412683271,-0.8106412665871802,-0.9611653775924923,1789623770.6952338,Power Instability + Timing Misalignment,6,0.6,1
0.005397353821803249,1278596.6542837413,2420667.674105844,497.9997090503018,0.9886201897603554,-40.13776599877432,126.11119665435943,4.966079576306739,4860.781301905014,4859.781301905014,0.005689905119822314,-0.00029255129801906456,236893243.70744398,0.007422009342778312,0.0011291762655217211,1.2750390386175804e-06,0.0010165647954743359,2349754.3004550813,61735.77288303097,504.2424553170253,8.104346237086006,0.9850319329839418,0.0018401189473366407,-39.97475952992168,125.5671506598343,3.3413250548423934e-05,-1.5163436970037042e-05,-553.5497638143954,-0.32836585820437947,-6.395957229571006e-05,-0.00016964310154363076,0.31565383030527217,-0.8421076298276068,-0.9549777219726119,1789623771.6952338,Power Instability + Timing Misalignment,6,0.6,1
0.0070993727009903956,1209628.4126444927,2366163.9842571076,510.56756382657994,0.9882939189436714,-39.92034788214491,128.10258195224097,5.053593592080199,4634.379760679043,4633.379760679043,0.005853040528164322,0.001246332172826074,170385252.83730263,0.00741924121688334,0.0011298787593179854,1.27662601075795e-06,0.0010165647954743359,2348064.198484558,60675.94263104907,504.72416525448403,8.108082826394632,0.9851384895425801,0.0019457640997376355,-39.96913719452423,125.68111174961851,2.7900731218553406e-05,-1.8392916852014028e-05,184.54657116299245,-0.3271566404622454,-2.7868212729675707e-05,-0.0005288491090455074,0.30954695955203676,-0.8121468316182298,-0.9506415820919226,1789623772.6952338,Power Instability + Timing Misalignment,6,0.6,1
0.0068643314718809575,1249819.6109796294,2413515.5849742903,516.9148704755999,0.9859532530353167,-39.639431802323784,126.66235430561208,4.932874873802741,4669.077488046876,4668.077488046877,0.007023373482341666,-0.00015904201046070855,182074484.0337897,0.007518523157597402,0.0009540238363884116,9.101614803972627e-07,0.0010165647954743359,2349434.180176811,61742.25717325655,504.82852147629774,8.246345448082183,0.9850487680204323,0.0018521596989356838,-39.956688864713115,125.54681648074525,-7.591095210008298e-06,-9.78160064816945e-06,1100.7316575177035,-0.11880905704808063,1.0230696513717945e-05,0.0026995567497230264,0.31929970419157205,-0.805434853699784,-0.954210717618622,1789623773.6952338,Power Instability + Timing Misalignment,6,0.6,1
0.008568309229117794,1198858.5813129183,2417198.9938740516,497.7941832367264,0.9838534237867885,-40.06378722472307,124.81767341177108,4.962034215963419,4855.820086440325,4854.820086440325,0.008073288106605736,0.0004950211225120578,139917753.81294852,0.007590797973539776,0.0009623371530218325,9.260927960861658e-07,0.0011666651336941069,2352161.0338236317,63153.35920179368,504.34027204220723,8.28692713382449,0.9849197207385326,0.0018182475557046859,-39.95447034074199,125.31178817753649,-5.4716055125173795e-06,-2.167478299991975e-06,1722.1877399902637,-0.13202243390180876,1.9505127880088914e-05,8.534191059662424e-05,0.2722873709774346,-0.8015773598990604,-0.9539256525026266,1789623774.6952338,Power Instability + Timing Misalignment,6,0.6,1
0.006924777951257767,1245375.3170953856,2398695.0719693545,508.13859020070197,0.984904588260393,-39.767060622080045,123.52892958772574,4.942915920981614,4720.552853547159,4719.552853547159,0.007547705869803523,-0.0006229279185457556,179843357.55765057,0.007574376224919656,0.0009700287126310372,9.409557033286274e-07,0.0011900981929918097,2349689.683685091,59996.21751448437,504.487155516983,8.320338816775823,0.9849495228755762,0.001811637342784126,-39.94397509834413,125.16499271418797,-1.417424570906421e-05,-2.8050457405070476e-06,3234.9106235816303,-0.09569872262470745,1.1763584424197944e-05,0.0010655643623222488,0.24056719538028395,-0.802035688333951,-0.9498579907954843,1789623775.6952338,Power Instability + Timing Misalignment,6,0.6,1
0.0067117478752253545,1208372.563939103,2310159.534185395,506.58720377336107,0.9869076644159556,-39.82055822325004,125.13012704015321,5.092699082996635,4560.240600192742,4559.240600192743,0.006546167792022217,0.00016558008320313733,180038432.0751218,0.007551607086297306,0.0009832390537211416,9.667590367624458e-07,0.0013103416453389295,2350780.490298787,59011.61142720474,504.2688171643408,8.189721199791578,0.9849694788112592,0.0018302537341723804,-39.9395897168048,125.0170133537219,-2.5070967778367236e-05,-3.109058482403973e-06,2202.0137874710904,-0.0007285910722680455,4.443116858770276e-05,0.002342620421607206,0.2173048807812854,-0.8109880906890662,-0.9521670159063605,1789623776.6952338,Power Instability + Timing Misalignment,6,0.6,1
0.007170621207278813,1249491.4914362617,2398076.3322236007,505.06443383336546,0.987074947877546,-39.924540541206305,125.97184626200715,4.906699462597795,4748.060191097898,4747.060191097898,0.006462526061226992,0.0007080951460518214,174251498.62440336,0.007500880342000613,0.0009687662855576645,9.385081160331944e-07,0.0011368082478214556,2353040.0015191375,59693.89490909726,504.7356307734964,7.883435426249523,0.9850876522648232,0.001866644245702406,-39.92889627862318,125.12435051539298,-1.9715933223780242e-05,-5.846574791159528e-06,2546.6714040145193,-0.10213167280298273,5.537759493294953e-05,-4.1331900750460725e-05,0.2719114361942659,-0.8048273246590937,-0.9511087450995739,1789623777.6952338,Power Instability + Timing Misalignment,6,0.6,1
0.007982873614428497,1276778.2021092437,2525329.5303338384,511.4770604439383,0.9835018455493635,-39.67258557802201,122.77624957732966,4.740977650955202,4937.327058503796,4936.327058503797,0.008249077225318258,-0.00026620361088976023,159939673.82892728,0.007497731838614583,0.0009670652828117457,9.352152612197617e-07,0.0010580956631707304,2362842.8233531136,66653.80698394611,504.9600127382416,7.991547764385878,0.984991553036298,0.0018838892587156061,-39.92253229856167,125.10271276578297,-9.65970598442905e-06,-4.731665011635301e-06,3409.226115034018,-0.028584285711557456,4.890611907461078e-05,0.003296725018511205,0.2791762065648976,-0.8258644531120122,-0.959833127126481,1789623778.6952338,Power Instability + Timing Misalignment,6,0.6,1
0.007201492735208821,1247763.271709221,2421901.1824830216,493.9126429618623,0.987587243545785,-40.207988057972436,125.43391013856194,4.909942021220369,4903.501088693593,4902.501088693593,0.006206378227107512,0.0009951145081013094,173264532.45016566,0.007473640629230378,0.0009666430220853005,9.343987321462028e-07,0.0010580956631707304,2367467.7872589086,66579.78653238677,504.34665834624434,8.224077294775448,0.9851548648179731,0.0019244254295207575,-39.93001860146829,124.96035214581843,-9.333809473104018e-06,-6.14175695902068e-06,3388.722814160449,-0.08769510648878308,5.7995298838314184e-05,-0.0003212330896567677,0.2916887748474337,-0.8134547744630212,-0.9604387484384569,1789623779.6952338,Power Instability + Timing Misalignment,6,0.6,1
0.006586470005654419,1241340.1243989011,2404820.600892983,511.59266550503315,0.9870260564231731,-39.79762020665783,126.7864788655344,4.987216664279712,4700.654960561244,4699.654960561243,0.006486971788413454,9.949821724096562e-05,188468196.67184743,0.007454361250940452,0.0009792562857378383,9.589428731570666e-07,0.0010901206562414579,2369609.2848292454,66885.07745413546,504.22986436611484,8.09865455736574,0.9852242146510999,0.0019590565335643874,-39.9264614106988,124.86409320966511,-2.1574938430929225e-05,-6.51132259553377e-06,3571.671760693057,0.08084968005875964,7.664229450280036e-05,0.001335592195094517,0.2684146012869406,-0.821537626977821,-0.9601146715526465,1789623780.6952338,Power Instability + Timing Misalignment,6,0.6,1
0.007573461830859797,1231716.2201734928,2399863.867623634,501.162451484346,0.9843353607423283,-40.09706928303682,126.81832289499415,4.9329785070608745,4788.594717173449,4787.59471717345,0.007832319628835849,-0.0002588577979760519,162635825.95142743,0.0074832059129301765,0.0009716899337959289,9.441813274403368e-07,0.0010580956631707304,2370184.661602048,67080.70985961202,504.07979371016233,8.119317195417407,0.9851407042116511,0.0019506501049230114,-39.93139880833237,124.8729490758488,-2.6495708160680456e-05,-1.4021452732604557e-06,4009.6464673845003,0.05937863478211494,8.042655996550142e-05,-0.0007109790183985609,0.25959192642397005,-0.8172343771553379,-0.9627830586274481,1789623781.6952338,Power Instability + Timing Misalignment,6,0.6,1
0.0065186096902301585,1302139.2575860873,2495101.392327429,517.7041166843734,0.9861227146581346,-39.617962489346986,126.66992404808103,4.786001501393676,4819.550998178767,4818.550998178767,0.006938642670932693,-0.0004200329807025347,199757205.82529792,0.007437826390627686,0.0009890325231698435,9.781853318877069e-07,0.0010901206562414579,2376521.251939859,70985.57690348086,504.20606024303544,8.303576313780507,0.9852176393099602,0.0019499342884236116,-39.932667723402595,124.96997657958171,-3.3700754944674096e-05,-2.8785984858025842e-06,4827.743704573705,0.289818212606354,8.007760166675549e-05,0.005633871268108264,0.1922566981669427,-0.8177183315920773,-0.9726489659101647,1789623782.6952338,Power Instability + Timing Misalignment,6,0.6,1
0.007488320198786032,1164544.0481782453,2272138.6334633296,497.33596739638256,0.9854496408863034,-40.09827471769758,125.29413094712596,5.183603760848477,4568.619167759505,4567.619167759505,0.00727517955684831,0.0002131406419377214,155514723.8985634,0.00745079323732996,0.0009874832686577058,9.75123205878907e-07,0.0010901206562414579,2376089.0029190644,71584.44578226136,504.55417705254456,7.811233696000032,0.9852255824762937,0.0019504586491937478,-39.92332804977333,125.01471926381265,-3.5971431847966395e-05,1.7400430696170365e-06,2928.4479121468376,0.07067184010112756,8.255337885925192e-05,0.00011420297050374455,0.18068593689495513,-0.8184012869406273,-0.9731185119351189,1789623783.6952338,Power Instability + Timing Misalignment,6,0.6,1
0.007897635844421163,1151611.4799046146,2239010.2531643324,510.60022778031885,0.9845299787692929,-39.83832902415562,126.96411657994511,5.195662162491165,4385.055335556267,4384.055335556267,0.0077350106153535325,0.00016262522906763076,145817242.34830418,0.00743370574545992,0.0009758385241465743,9.522608252085641e-07,0.0010048828862341238,2368550.224789738,75587.5841093153,504.7026388887922,7.889076219833168,0.9852099659269201,0.001954398631168048,-39.92475755314242,125.17390774361303,-2.3106431821010128e-05,2.9430807473414974e-06,2177.0126415028203,0.14982658734257345,7.30805218372364e-05,0.0021061754592697213,0.1703260146081665,-0.8275622032292506,-0.977744616985076,1789623784.6952338,Power Instability + Timing Misalignment,6,0.6,1
0.007478467791646701,1201815.6555392065,2316531.7914807955,511.8977567184763,0.9868961177849294,-39.70156816004188,125.56702105039285,5.047938513642882,4525.379846028115,4524.379846028114,0.0065519411075353196,0.0009265266841113817,160703460.79201016,0.0074272390591535505,0.0009749844266242989,9.505946321599127e-07,0.0010048828862341238,2367244.8717999826,76190.4528090153,504.8612031766909,7.991595122629914,0.985364072652274,0.0019292220554679685,-39.920521940072675,125.17739143930449,-2.0628951663902995e-05,4.43110059623891e-06,1502.9964022311228,0.24855316593873814,6.697983776816877e-05,0.005339375905306636,0.1652959394942515,-0.8274508297761685,-0.9754695563365279,1789623785.6952338,Power Instability + Timing Misalignment,6,0.6,1
0.007074630987453724,1210207.6802964122,2363248.827962156,488.196353277035,0.9851457437160634,-40.344665763532745,122.47549163806272,5.053706582898207,4840.775257944403,4839.775257944403,0.0074271281419682755,-0.00035249715451455155,171063011.26413745,0.007434514180324219,0.0009716419027480876,9.440879871759241e-07,0.0009728578931633963,2367081.3308159807,76194.46663725548,503.9902674814999,8.554055427407482,0.9852608299027942,0.0018681123628707913,-39.94112313751275,125.0126821388578,-2.9228656412335747e-05,7.54259095457574e-06,1467.0346513503787,0.14580920705080225,8.859189174946692e-05,0.002333063275709353,0.19152282027226383,-0.8275183591153508,-0.9746976308878257,1789623786.6952338,Power Instability + Timing Misalignment,6,0.6,1
0.007034673162645486,1201269.869105653,2344927.643217167,493.94648553439237,0.9859414666956366,-40.268356843896896,126.28816328306257,5.089407320433237,4747.331364611754,4746.331364611754,0.007029266652181676,5.406510463809577e-06,170764133.7886832,0.007349639095212663,0.000908109457113533,8.246627860990357e-07,0.0009633517592013054,2365433.703600118,76210.3485221734,503.05934338898606,8.32704930498221,0.9854618376415648,0.0016471075977085156,-39.971396938558534,125.13140490258907,-1.569913547442272e-05,1.5125243682786503e-06,1452.9090014927926,0.18539057735027112,5.142912614991856e-05,0.003608557645151217,0.07949843977618842,-0.8000142770537607,-0.972952848157942,1789623787.6952338,Power Instability + Timing Misalignment,6,0.6,1
0.010131255187603567,1132603.006169208,2317216.594435956,489.7824458731008,0.9804033666950099,-40.37462647540567,126.06690254172965,5.070475993707355,4731.1140159488905,4730.11401594889,0.009798316652495032,0.00033293853510853524,111792960.0228649,0.00745809288823596,0.0010593387382033484,1.1221985622582624e-06,0.0009728578931633963,2366360.47903748,75473.92017451781,502.8253196919635,8.60987938655057,0.9852861011186799,0.0019203940133694615,-39.98131970321573,125.37652053521595,1.068003343111713e-05,1.2233620411268747e-05,293.9630428414559,-0.011428450622646769,-1.91503056260367e-06,-0.0016651653606862356,-0.11031848400277704,-0.8545858606447302,-0.9720785872543933,1789623788.6952338,Power Instability + Timing Misalignment,6,0.6,1
0.007217105983809192,1192148.4567489568,2309242.743560497,505.36728485434634,0.986437658292628,-39.92692830078169,126.12563962852481,5.106197001226769,4569.434573166033,4568.434573166033,0.006781170853686014,0.000435935130123178,165183725.91775912,0.007431251939169964,0.001056600135574947,1.1164038464969968e-06,0.0009728578931633963,2366472.4233674197,75386.99352938833,503.5070313524543,8.093997599776404,0.9853725348898672,0.0019216501524227448,-39.964761654242544,125.42654751314487,1.275590715094734e-05,8.508120956483467e-06,-832.4410295854709,-0.13297242031491194,-1.3781430911999988e-06,-0.004758689095636572,-0.09041395682607348,-0.85201467086418,-0.9720046070965168,1789623789.6952338,Power Instability + Timing Misalignment,6,0.6,1
0.006985154311271056,1242443.4165121987,2394873.3149428163,511.0538872230744,0.9832897896380869,-39.850006119025494,127.30723831714865,4.947749689522575,4686.146363069257,4685.146363069257,0.008355105180956557,-0.0013699508696855007,177869143.7793186,0.007425224201172453,0.0010586959391071806,1.120837091482035e-06,0.0009728578931633963,2373160.597597425,70000.53912566665,503.90103873085775,8.211184066173663,0.9852924460252425,0.001964581082873088,-39.952416649031264,125.41091564619866,5.6840411138073415e-06,7.034912055045104e-06,-1958.3135952522048,-0.08634242125000495,-2.1408720238473844e-05,-0.005638103182742651,-0.10962300245028775,-0.8145674608421676,-0.9688454040738005,1789623790.6952338,Power Instability + Timing Misalignment,6,0.6,1
0.008737662195656899,1197383.9748761016,2384290.2920612567,508.77142717842383,0.9848803452535512,-40.0569782301804,129.31390297291136,4.9524143801673155,4686.368307442503,4685.3683074425035,0.007559827373224415,0.001177834822432484,137037109.93442476,0.007542129971927317,0.0010355478269871803,1.072359301977871e-06,0.0009977193031574412,2373075.3760700943,69985.63901498217,504.4633585480096,8.042367975625709,0.9852030206547316,0.0019301202139787575,-39.94856176828957,125.65466886033157,1.6967906267153734e-06,1.7973593686407648e-05,-1722.9756275766647,-0.13326105923859463,-6.977392450983824e-06,-0.008612623005651176,-0.19754849531862545,-0.7944754344870044,-0.9690336544823732,1789623791.6952338,Power Instability + Timing Misalignment,6,0.6,1
0.008302166205281666,1207000.4644487624,2406850.035584391,497.64910960215354,0.9830960566134147,-40.06799232643302,122.44389960447457,4.956237672975675,4836.439951652987,4835.439951652987,0.008451971693292648,-0.0001498054880109817,145383799.19217873,0.007544811836274716,0.0010374241793143129,1.0762489278259756e-06,0.0009977193031574412,2370685.6887920173,67735.45735099119,503.9019471251408,8.008503269613211,0.9851840128318063,0.0019483500477539615,-39.96461191786573,125.55524323002287,1.5642405950526233e-05,1.739506866793212e-05,-476.04112509019814,-0.12395145248019433,-4.274397597574189e-05,-0.0068968271143692965,-0.2557600954012594,-0.7949055627295224,-0.9677948566353505,1789623792.6952338,Power Instability + Timing Misalignment,6,0.6,1
0.0073857896779409744,1206321.4901244992,2358550.8839878347,498.4981118344055,0.9837775285200697,-40.231160119341176,127.61991179926679,5.039949163581041,4731.31357570982,4730.31357570982,0.00811123573996514,-0.0007254460620241647,163330062.55612737,0.007493780003986479,0.001012308681420995,1.0247688664803133e-06,0.0009124815331501071,2375583.766450659,62011.6720177669,503.5733839676129,8.054832681724214,0.985215857785241,0.0019183645185976467,-39.98155370006963,125.70938716303726,2.5342245593090527e-05,1.0484521995463898e-05,-1933.922170600246,-0.14573057253543284,-7.77529895601199e-05,-0.007787308514844201,-0.28612382604305,-0.7712505983854464,-0.9611717505549602,1789623793.6952338,Power Instability + Timing Misalignment,6,0.6,1
0.008726014958690194,1194917.7846688975,2389355.5226013362,508.18991031021596,0.9838848266998791,-39.76560362726942,121.82954406620632,4.962375416787086,4701.69807413688,4700.69807413688,0.008057586650060455,0.0006684283086297385,136937398.15090334,0.0074441328017099025,0.0009156030080456562,8.38328868342254e-07,0.0009124815331501071,2376051.6407551984,62069.660886906815,503.93170055909764,8.052982380749995,0.9852786791775517,0.0018466938738196327,-39.97129076670548,125.66409240838937,6.14508722142291e-05,1.4947866157309675e-06,-1786.0492822990982,-0.14653036766426186,-0.00011905508927939862,-0.006200155840495048,-0.23456716748462758,-0.7529795079644782,-0.9639100116638806,1789623794.6952338,Power Instability + Timing Misalignment,6,0.6,1
0.00799760651964238,1213615.21158672,2396707.6434259256,484.7620986590204,0.9825682874035444,-40.44651189422645,124.56577563784852,4.95950718786296,4944.090410648543,4943.090410648543,0.008715856298227798,-0.0007182497785854173,151747301.9716639,0.007482236206351403,0.0009180189152902933,8.427587288307666e-07,0.0009977193031574412,2378577.5171655337,61571.994280872204,503.39866230870143,8.826064420446237,0.9852192805586888,0.0019080178787203876,-39.98550878046106,125.62685331220284,6.256874639870948e-05,-8.150109364400454e-07,-2020.2875642919605,-0.3819169954512935,-0.00015632835329456405,-0.011784520238539669,-0.27079695985456737,-0.7709948681106294,-0.9643819908549407,1789623795.6952338,Power Instability + Timing Misalignment,6,0.6,1
0.008650363764944644,1186209.3006480488,2357160.8968420536,498.35132610694626,0.9844499335840718,-40.04764927434924,124.61498633093248,5.000743145677135,4729.917978258187,4728.917978258187,0.007775033207964077,0.0008753305569805664,137128256.43877876,0.007612356604077057,0.0008405586882284402,7.065389083563162e-07,0.0009629333569968947,2376037.2460749825,61091.25236155397,503.4127269909672,8.81772598783078,0.9850524703116373,0.0017814979713067882,-39.98190411148406,125.56700489926575,5.2502638478704036e-05,6.198004067129948e-06,-1797.0778747979055,-0.4824973237437986,-0.00012942092565897836,-0.013880696980640017,-0.3794429025593752,-0.721955251005599,-0.9670845002236699,1789623796.6952338,Power Instability + Timing Misalignment,6,0.6,1
0.006252146184560346,1253998.1850559686,2347383.0463620853,513.5376943922795,0.9880112938695169,-39.91096516378517,129.15127783320753,4.973200504386149,4571.004372210648,4570.004372210648,0.005994353065241542,0.00025779311931880405,200570835.68402684,0.007578467543419855,0.0008768530298433831,7.688712359455209e-07,0.0010124522083713242,2375286.008559181,61323.07911209627,503.5315322135952,8.932586854034975,0.9850411653086713,0.0017616790636151803,-39.98152880274967,125.6089527345044,3.4817010959990845e-05,-1.2946418629714234e-06,-2160.3107980187756,-0.31748771783709606,-6.969422188129101e-05,-0.012610313631566453,-0.37614185575898634,-0.7612639822354753,-0.963041415726292,1789623797.6952338,Power Instability + Timing Misalignment,6,0.6,1
0.007319382321261295,1226682.2394866857,2366522.763400022,490.73019677106214,0.9853702074998164,-40.36469109420195,126.31728742132815,4.973303586022366,4822.451886946064,4821.4518869460635,0.007314896250091796,4.48607116949884e-06,167593682.86083746,0.00759666957739507,0.0008665017685217981,7.508253148514037e-07,0.0009629333569968947,2373406.29569621,60840.763222159156,502.4841452654137,8.836543799967158,0.9850178434872514,0.0017532894243461258,-40.0105391744248,125.59515005913306,2.528409434775359e-05,-2.439426276368441e-06,-1858.90652764454,-0.3018205085327389,-5.753603208119026e-05,-0.012726226317636334,-0.30940385952050814,-0.7588598164535062,-0.9609411845872778,1789623798.6952338,Power Instability + Timing Misalignment,6,0.6,1
0.008324090091084568,1149663.1692835432,2299051.0193795967,513.9159354656547,0.9829797036544599,-39.63786759787868,125.47065264302007,5.165211606960004,4473.593560192771,4472.593560192771,0.008510148172770071,-0.0001860580816855032,138112773.4927903,0.00758690081187374,0.0008568151292484572,7.341321657090504e-07,0.0009629333569968947,2368680.376716432,61836.077069526225,503.1290153545708,9.056282473008471,0.9849828946819582,0.0017845806275144768,-39.99350238935102,125.62126922838301,4.171514176057621e-05,-6.61994642859005e-06,-2107.3359426348716,-0.24319591158661774,-8.799382754235427e-05,-0.00981866149865493,-0.2371973286591438,-0.7633929430469578,-0.9632130363098661,1789623799.6952338,Power Instability + Timing Misalignment,6,0.6,1
0.00954156328204685,1127598.4171509151,2299862.4299606266,509.46262718681993,0.9841801681995263,-39.89413899812474,127.29520483613548,5.141636853410776,4514.290758990781,4513.290758990781,0.007909915900236875,0.001631647381809976,118177533.78763144,0.007691572225105304,0.0009265354869357549,8.584680085512764e-07,0.0012275352178279424,2364727.071036083,62940.232889054925,503.18197683401553,9.089235350716809,0.9849539178795235,0.0017914848247803249,-39.99858552439281,125.77192023831938,5.3136951340629796e-05,-1.0889931260817613e-06,-2442.4315755438556,-0.13463605390454483,-9.618667467276217e-05,-0.006637043291548695,-0.15881659561323838,-0.7404618602143536,-0.9640244356184555,1789623800.6952338,Power Instability + Timing Misalignment,6,0.6,1
0.005940894042205475,1330994.4154481664,2509719.319819308,514.7801542603022,0.9864376135496643,-39.74664210321804,127.32751818344529,4.742825217233735,4875.322599461071,4874.322599461071,0.0067811932251678475,-0.0008402991829623728,224039413.25875813,0.007660738071784508,0.0009704174345501102,9.417099972788174e-07,0.0012275352178279424,2372709.46246144,67967.34354402471,503.5096948534932,9.35006342890555,0.9849351158448718,0.00177325504466507,-39.99562887959153,125.85981588405107,2.717860153813957e-05,-7.948116774408403e-06,-1649.7169552825087,0.006476314808480022,-6.295355696867984e-05,-0.0025311387000462233,-0.19449982006911054,-0.7304630890858983,-0.9694914472904799,1789623801.6952338,Power Instability + Timing Misalignment,6,0.6,1
0.007947268321278341,1212477.8528489557,2403771.933230878,506.1430333277873,0.9861084646189294,-39.84063717234865,125.2331389817409,4.96804634286546,4749.194940858056,4748.194940858056,0.006945767690535287,0.001001500630743054,152565360.0498951,0.007691803956344489,0.0009666541831572485,9.344203098154075e-07,0.0012275352178279424,2372937.286501731,68061.4710757049,503.55283883327,9.35962152282626,0.9848964565145272,0.0017363333661219492,-39.99227274483722,125.83026759284043,2.4922327503794916e-05,-7.463535128126821e-06,-1109.3177582507003,0.046331444369918,-3.0724324881406316e-05,-0.00038956263395200735,-0.18119018033408588,-0.7151782603971296,-0.9707344479756023,1789623802.6952338,Power Instability + Timing Misalignment,6,0.6,1
0.007027863012590263,1216136.951557073,2332707.1596058607,499.60064135084167,0.9834988696067112,-40.011527659137,124.42938146410408,5.036699089154402,4669.143645009316,4668.143645009316,0.00825056519664441,-0.0012227021840541478,173045056.42446223,0.007653603532270961,0.0009732445112372607,9.472048786534544e-07,0.0012674930426361808,2365232.3916726117,60899.927141632594,503.0777820695462,9.246074799286344,0.9848963374768211,0.0017364290716778957,-40.00583042808182,125.89639286831141,2.1704338449980584e-05,-1.3406893297249277e-05,43.24966257003673,0.08909183756187711,-5.757123675903684e-05,0.002629571363740651,-0.20272727091565027,-0.6787281344046799,-0.9626088735110993,1789623803.6952338,Power Instability + Timing Misalignment,6,0.6,1
0.008580361660061108,1222472.1466956285,2465664.502832933,499.7363399519676,0.9825839780328696,-40.007609627406644,123.14013524229307,4.8764603392700225,4933.93076651164,4932.93076651164,0.008708010983565218,-0.00012764932350410943,142473265.71161363,0.007708758289265052,0.0009850593330447534,9.703418896185745e-07,0.0012894169284390824,2366982.9244866082,63093.161632077725,503.31072994915036,9.084175961630375,0.9846962068563044,0.0017027550865411007,-39.997815290859194,125.80464187246065,2.5737920889729785e-05,-1.0369827855294072e-05,1537.0032121540241,-0.03340363460030272,-5.200703247510404e-05,0.0005915716864515621,-0.22142507783241033,-0.6993609597659194,-0.9612572161861286,1789623804.6952338,Power Instability + Timing Misalignment,6,0.6,1
0.00803811476574689,1210235.9740694333,2395024.3323577256,509.14623689976855,0.9853160548641735,-39.75391221086508,125.21404916117044,4.968019636554766,4704.000852370465,4703.000852370465,0.007341972567913246,0.0006961421978336439,150562166.54515257,0.00776682407966875,0.0009596499577899234,9.209280414862017e-07,0.001249459103630844,2366591.073745198,62887.03149068475,503.2128728049398,9.007285066763837,0.9846278067939445,0.0016410170072718906,-39.99606697102749,125.74174468428609,1.755525168268658e-05,-6.851064172444709e-06,2174.223741181933,0.10328193896423114,-2.2986862887626447e-05,0.0048449355745646345,-0.17224080347818535,-0.6707638740637918,-0.9647728628025288,1789623805.6952338,Power Instability + Timing Misalignment,6,0.6,1
0.007264856892250699,1243345.9640997997,2449675.4425772177,503.8798457222895,0.9849685098594994,-39.88848342604307,122.32956260164981,4.919681604466455,4861.626166185942,4860.626166185942,0.007515745070250324,-0.0002508881779996249,171145279.60296866,0.007754479882124387,0.000964032647887189,9.293589461923848e-07,0.001249459103630844,2368583.536743341,64673.380630526284,503.3215685744575,8.998277308177219,0.9846531327586312,0.001641193946216954,-39.98772353674773,125.56219427255233,1.0988085926122715e-05,-9.422645462180836e-06,3273.8843153387875,0.0889343988415207,-2.2766372029435424e-05,0.004827991331250504,-0.18396693088562777,-0.6731982398061939,-0.961311438441927,1789623806.6952338,Power Instability + Timing Misalignment,6,0.6,1
0.010047620739134523,1134536.1974518462,2349426.7143478515,502.6776815338011,0.9807353245605055,-39.92294458878338,122.23477800668408,5.0704649303274865,4673.823407435031,4672.823407435031,0.009632337719747253,0.00041528301938727023,112915905.85549633,0.007895640324080562,0.0010289205363749828,1.0586774701741823e-06,0.0013632556762519163,2362756.549624158,59355.71603309708,502.72051116843465,8.505880349793626,0.9844376371547261,0.0017817579012073701,-39.99992282072519,125.38478843089644,1.9796838071889384e-05,2.7288501858547205e-06,4362.230664452067,0.2268163072576966,-4.4234936401717705e-05,0.009123561324928892,-0.0688974737878118,-0.7207849414830046,-0.9520408642719864,1789623807.6952338,Power Instability + Timing Misalignment,6,0.6,1
0.006957383924249258,1270312.935871722,2466217.928330624,493.369521794386,0.9868935360508378,-40.192594998699725,122.99679178365392,4.854056187590565,4998.7237139436265,4997.7237139436265,0.006553231974581075,0.0004041519496681828,182584855.12696442,0.00787440287309909,0.0010424984682694599,1.08680305634417e-06,0.0015057306726073841,2370519.7214188497,59687.01865287153,502.56185334435474,8.640760142804604,0.9844953929613075,0.0018361963399181698,-40.00369563196527,125.29289486435756,7.062808512808974e-06,-6.206449130650195e-07,4411.07961398039,0.08665404454595743,-1.1445063121837428e-05,0.006361529943132332,-0.04376311872699368,-0.7292018512381818,-0.9519590714257089,1789623808.6952338,Power Instability + Timing Misalignment,6,0.6,1
0.00791400062458033,1251536.825800783,2459352.1549109374,496.5658418764387,0.9857465529752086,-40.31679576875642,128.03613421258433,4.833589780195364,4952.721165067375,4951.721165067375,0.007126723512395683,0.0007872771121846464,158142118.65407208,0.007875057464305456,0.0010425179884746157,1.086843756293159e-06,0.0015057306726073841,2379333.3974887137,55755.87636998763,502.0004779081995,8.555761863398665,0.984544055929544,0.0018525164297090928,-40.022834301749306,125.33577556966313,7.660655932010367e-06,-1.2686778614750382e-06,3915.976625208331,0.11168999074021875,4.4996431710374854e-07,0.005125040912387506,-0.04538478257661077,-0.721771295145614,-0.9482277222300145,1789623809.6952338,Power Instability + Timing Misalignment,6,0.6,1
0.006127601941870765,1187578.731727365,2243122.868572101,509.40730306158355,0.9890207975977993,-39.731084520887514,123.97719145935874,5.220355460340133,4403.397546699333,4402.397546699333,0.005489601201100369,0.0006380007407703961,193808074.1851837,0.00782102283031442,0.0010953431937067626,1.1997767119997306e-06,0.0015456884974156225,2376397.040572366,60699.804090853104,501.90085976192387,8.453835492147785,0.9846290431220589,0.0020012384013804838,-40.02401495618313,125.27218238602178,-1.2435599463205116e-05,-6.258741844609336e-06,2030.6326058988702,0.27903347256653,6.529435211638751e-05,0.011030777229724452,-0.10442136490248213,-0.759545177117127,-0.9612975863640678,1789623810.6952338,Power Instability + Timing Misalignment,6,0.6,1
0.008145845193544913,1199098.1180971474,2386019.293702966,510.59428837750676,0.9849279694862829,-39.69750695363118,122.02586138916075,4.998545617220484,4673.023862614907,4672.023862614907,0.0075360152568585415,0.0006098299366863718,147203646.7188647,0.007863871398558068,0.0010862214615730195,1.1798770635818265e-06,0.0015456884974156225,2377307.859201999,60666.50737029868,502.7967771659428,8.13481128591614,0.9846203321528677,0.0019994435117979717,-39.998128603787066,125.2541971760657,-1.6901157615838285e-05,-7.015489186992206e-07,1987.9712779253803,0.22223544109225227,7.322067834157675e-05,0.01083818917978474,-0.13170579637806706,-0.7575480420188291,-0.962599362672645,1789623811.6952338,Power Instability + Timing Misalignment,6,0.6,1
0.005726352896901007,1275429.1675443933,2415192.3239080724,509.0858541600068,0.9865402145286981,-39.740191165312446,121.0067050914555,4.947065057465892,4744.174885576318,4743.174885576318,0.006729892735650944,-0.001003539838749937,222729753.21423715,0.007811538587928288,0.0011542941417735958,1.3323949657328423e-06,0.0015524986474708454,2380118.4464296354,60728.87193995955,503.40235191096724,8.016073040124324,0.9846442820661901,0.0020186190410277833,-39.97700197664369,125.0429388484014,-4.492407999026005e-05,-2.771132670074103e-06,2013.8718692100506,0.19178554318349383,0.00010415401493077711,0.01051686774922144,-0.23869759833954377,-0.7572060047248269,-0.9644732494915115,1789623812.6952338,Power Instability + Timing Misalignment,6,0.6,1
0.006830389929179107,1230022.003862697,2363042.4984672144,491.66404004196187,0.9854813427055015,-40.24255253558999,120.80604546019937,5.005102726477709,4806.213808651812,4805.213808651812,0.0072593286472492635,-0.0004289387180701565,180080788.44929487,0.00767950397759131,0.0010668760616473947,1.1382245309162557e-06,0.0013389357798135118,2381951.4825908854,59481.37242965044,503.47761567772176,7.895771485559269,0.9848474011066098,0.0018281624056286066,-39.97171901905106,124.83250456514021,-3.07836708434997e-05,-1.1870720585059488e-05,1227.2292142355325,-0.05276716521676003,6.947157481261717e-05,0.004089386832866604,-0.0625837307110148,-0.7059363519570402,-0.9641995218846251,1789623813.6952338,Power Instability + Timing Misalignment,6,0.6,1
0.006764670165299106,1171473.1652545077,2277301.372485687,497.4242587236737,0.987884505718617,-40.2521465934125,127.47775717325537,5.22241086899191,4578.187196436595,4577.187196436595,0.006057747140691516,0.0007069230246075902,173175208.34405825,0.0076614065448509065,0.0010783419558854403,1.1628213738228366e-06,0.00136670616683531,2380673.827747893,61343.334248821186,503.15989463249485,7.9727756723886465,0.9849052750036494,0.0018991134388600733,-39.98472775075629,124.88658926692942,-4.385227058709506e-05,-1.0013663775890961e-05,-465.8591924240243,-0.0897476145648042,0.00011340895847594097,0.0019487317906855576,-0.01561197548928394,-0.7117320064525369,-0.9632390232201271,1789623814.6952338,Power Instability + Timing Misalignment,6,0.6,1
0.009222389516779277,1119764.4308072736,2248395.1085674176,498.8519322180485,0.9836678345281138,-40.03316432339132,123.92869217559034,5.199989620044102,4507.1392197888545,4506.139219788855,0.008166082735943103,0.0010563067808361734,121418036.91656774,0.0077508959530712355,0.001110849697235569,1.2339870498483555e-06,0.00162297773581185,2374814.699492877,66486.96592047949,502.67181643229384,7.847080249270238,0.9849203967992505,0.0018876604100109262,-39.99205407893093,124.75144742126707,-3.620571933586246e-05,2.5001916039938334e-06,-1544.8986513714847,-0.0505734955615905,8.583157735383309e-05,0.002848841283670281,-0.010144356087959633,-0.7534281207717594,-0.9676264968402596,1789623815.6952338,Power Instability + Timing Misalignment,6,0.6,1
0.006808626312312502,1185685.1927401512,2294205.97922761,500.593508103792,0.9869126704486034,-40.00153147265445,125.2586602900112,5.166203865375781,4582.971896535131,4581.97189653513,0.006543664775698288,0.0002649615366142142,174144554.0337551,0.007673734517737459,0.0011066163477380703,1.2245997410811457e-06,0.001493700161905461,2371211.3269795314,68292.39709493547,502.3446996693085,7.755915654003833,0.9850016898070525,0.0019275256877948044,-39.989836208629896,124.58923771395108,-3.503593051700951e-05,-1.5133939426090896e-06,-2194.223220443997,-0.008761772671076598,0.00010382128019855932,0.0021121161368046213,0.0022594803114224927,-0.7721899834939493,-0.9701450550718665,1789623816.6952338,Power Instability + Timing Misalignment,6,0.6,1
0.006677730014907065,1283265.503874188,2478188.2467168896,498.5023112548577,0.983960556026293,-40.043279013407385,124.91070025645293,4.835049413007146,4971.267315649262,4970.267315649262,0.008019721986853523,-0.001341991971946458,192170917.5138084,0.007608757070122476,0.001115464753245273,1.2442616157325381e-06,0.0015154637787720658,2374064.8554248307,71152.41829061792,502.37882773541673,7.737032907586414,0.9850362697835676,0.0019005947410120918,-39.98884767610887,124.68790974003021,-3.7945501360001844e-05,-4.265735167389562e-06,-850.3568752813178,-0.0911858740914035,7.51544825936302e-05,0.0008372367608272013,0.018894634512876082,-0.7336995975782966,-0.97215647690496,1789623817.6952338,Power Instability + Timing Misalignment,6,0.6,1
0.010084406063384574,1159069.1286591769,2383720.9497398916,512.2037542396376,0.9804993605188064,-39.652102675610045,123.6866655596781,4.974574993022323,4653.852944280946,4652.852944280946,0.009750319740596813,0.00033408632278776086,114936776.77931236,0.0077167017255402185,0.001214814597497832,1.4757745062938198e-06,0.001771735347748606,2375071.6580549134,71103.83429164742,502.92705343162595,7.925900314503721,0.9849051430635172,0.0020868710542775275,-39.96568537835962,124.5305798904467,-1.7323030728628247e-05,8.833677534258617e-06,-916.3634113584136,-0.03930140383178385,2.0687907514699545e-05,0.0015225277177239604,0.12084640607208785,-0.7896226657697515,-0.9720750688285801,1789623818.6952338,Power Instability + Timing Misalignment,6,0.6,1
0.00958288238315854,1198142.8650180383,2444160.8135756496,504.172750083574,0.9838727680419092,-39.880099504745104,123.63612020766055,4.8751318102502665,4847.863779171909,4846.863779171909,0.008063615979045424,0.0015192664041131163,125029486.65254593,0.007750976422518953,0.0012542553301505715,1.5731564332111192e-06,0.001771735347748606,2377263.8696938856,72344.45911105789,502.7663670225603,7.8580048090057755,0.9849046607171984,0.0020871082081810534,-39.970265213458646,124.60284293610485,9.99638459627139e-06,1.2499186717341961e-05,-135.7787149335401,0.024825903279789566,9.551282942446347e-07,0.004313368677375324,0.11313980482770099,-0.7784023105356874,-0.973225977378815,1789623819.6952338,Power Instability + Timing Misalignment,6,0.6,1
0.007776461887809637,1208178.876569596,2364252.829380973,506.16219495195696,0.9868380272896806,-39.91133002605294,126.22431789058278,4.9985844694567305,4670.9391830525365,4669.939183052537,0.00658098635515969,0.0011954755326499464,155363569.44840613,0.007742130637245643,0.0012532641818305415,1.5706711094593769e-06,0.001771735347748606,2375965.6771320878,72275.0616289414,503.62237087427775,6.964956260091731,0.9850754503126438,0.002063497571711147,-39.948857938731706,124.6691846262142,1.2697936016342743e-05,1.0548177482596321e-05,-61.44288819387698,-0.1238706763919482,-4.562144173228234e-06,9.491898421156992e-05,0.14499982838733175,-0.7776726273470586,-0.9726134144572472,1789623820.6952338,Power Instability + Timing Misalignment,6,0.6,1
0.005550224090318702,1241621.1191800672,2337308.096305919,506.04579680656815,0.9851613834920465,-39.82660141122023,121.17067294835076,5.07948966671312,4618.767927835069,4617.767927835069,0.007419308253976742,-0.0018690841636580403,223706484.45453516,0.007618125050260605,0.0013093801585881482,1.714476399704324e-06,0.0015594199257854616,2375171.5651106425,72585.71120618496,503.93014970226267,6.894885866382317,0.9851039083089627,0.002059576875051587,-39.94001602420655,124.53141209091095,1.5472837832378957e-06,-2.121213520768697e-06,-606.3298987203908,-0.15421103853642923,-1.0024082110615502e-05,0.00023552742044985237,0.11586068475287908,-0.7388195900862632,-0.9740192280185359,1789623821.6952338,Power Instability + Timing Misalignment,6,0.6,1
0.008993206238828096,1158369.4163848564,2320455.5234811455,526.804734034945,0.9821751541970072,-39.423904091982955,127.47315278466631,5.073385706961621,4404.773483541287,4403.773483541287,0.008912422901496408,8.078333733168783e-05,128804942.93387888,0.0077277674524313155,0.0013051639528791229,1.7034529438950571e-06,0.001771735347748606,2374094.4641954047,73187.36955527612,504.46083128796926,8.030908784311,0.9848704627220625,0.002047522516659374,-39.92053358133446,124.46428708896929,5.805522514736813e-07,8.36946127665687e-06,-1389.286239709008,0.1530144175884992,-7.984879846203356e-06,0.0052901461682659835,0.19807962125845663,-0.7368279973532008,-0.9809754601143328,1789623822.6952338,Power Instability + Timing Misalignment,6,0.6,1
0.008410520806619576,1237761.8753224495,2483123.7668109806,509.0536116011754,0.9832250073395449,-39.86828576477584,126.77089516175012,4.837620301559836,4877.921912783551,4876.921912783551,0.008387496330227562,2.302447639201434e-05,147168279.32323262,0.007771412991845647,0.0013090160273564538,1.713522959876072e-06,0.001771735347748606,2378758.5043318435,76209.18657919405,505.19376788117387,7.5670887481914075,0.9847846547156516,0.0020696126654960035,-39.90067736815741,124.48243139858617,2.7990395938189497e-06,1.242315630000806e-05,-458.5789158267499,0.05810296761825375,-1.8176250984210086e-05,0.0013308585770551947,0.19076333254927202,-0.7390098714742966,-0.9842622918069686,1789623823.6952338,Power Instability + Timing Misalignment,6,0.6,1
0.008675198358532945,1118137.1108249216,2198982.524025963,493.1811266509923,0.9843642543582227,-40.198105040030775,124.36741936738464,5.25462499299506,4458.772660175435,4457.772660175435,0.007817872820888638,0.0008573255376443066,128888938.85926187,0.007785457322543582,0.0013167310876454298,1.7337807571719166e-06,0.0018665720462204428,2374755.7645176975,82646.61511848969,504.36437552858735,7.700781397144548,0.984840036743802,0.0020388685443717496,-39.923086865843494,124.43830206756074,1.666844474024476e-05,1.2839638283670247e-05,-2915.1243527881047,0.03443872441523345,-4.010638028008564e-05,0.0012134700779345528,0.12989931371211214,-0.7368457701507742,-0.9842834069930146,1789623824.6952338,Power Instability + Timing Misalignment,6,0.6,1
0.008269168036077728,1145358.2270076915,2272085.3703916864,512.9660094401579,0.9838728792149021,-39.84238054020378,127.9568722061689,5.186331509567266,4429.309795538696,4428.309795538696,0.008063560392548963,0.000205607643528765,138509487.53376204,0.007734561512704816,0.0012716890697997548,1.617193090248166e-06,0.001771735347748606,2373644.6821349403,83824.31876990722,504.50451081872086,7.823185646920767,0.9848277451844172,0.0020437300571249117,-39.92101652752665,124.4647687623621,3.8694526306361874e-05,5.2476290699438055e-06,-4611.784413368149,0.1648209386428266,-5.5632673681920835e-05,0.002247930222565705,0.13277935026112808,-0.7507354885624417,-0.9847714054942305,1789623825.6952338,Power Instability + Timing Misalignment,6,0.6,1
0.0059569041151326715,1227231.273383728,2327481.5635755076,510.2747337547784,0.987970073323679,-39.974194378163574,128.7451265446919,5.093307401850633,4561.232233563852,4560.232233563851,0.006014963338160484,-5.8059223027812426e-05,206018302.4041164,0.007735201915621904,0.001270789358339488,1.6149055932688881e-06,0.001771735347748606,2366355.1718851877,79485.64975720957,504.32429399849985,7.634004227640183,0.9848890435753778,0.0021129072513757867,-39.93011861852448,124.52147309681195,4.348706393010182e-06,3.2301205257313943e-06,-3677.159130919233,0.32084096939147955,-1.052788412856959e-05,0.003500801998234172,0.19688110245528254,-0.7668838682120201,-0.9842817371671659,1789623826.6952338,Power Instability + Timing Misalignment,6,0.6,1
0.007391219525983092,1159192.565462049,2276964.0425152346,506.80811658032565,0.9857776613263619,-39.99644404221071,127.67328552087305,5.2122147738296185,4492.753703076007,4491.753703076007,0.007111169336819045,0.00028005018916404684,156833735.13491565,0.007712959963810095,0.001271748779361487,1.6173449578074326e-06,0.001771735347748606,2361282.8562565623,80968.33041817526,504.3508973286014,7.641451124312668,0.984875811443675,0.0021062545232339042,-39.93635089331896,124.61907895837724,3.294148391370116e-06,7.119196364560362e-07,-4128.140403954213,0.3619559557473607,9.868951700648089e-06,0.0037833817798118637,0.19721433554061843,-0.7772618308197953,-0.9831546501267211,1789623827.6952338,Power Instability + Timing Misalignment,6,0.6,1
0.009494945208688686,1159426.4953738423,2320668.2704505716,498.62567167906917,0.9815058382865689,-40.03970933175757,123.06023954461584,5.02515692325668,4654.129143884564,4653.129143884563,0.00924708085671555,0.0002478643519731351,122109866.8703078,0.007811643251654031,0.0013099050002666282,1.7158511097235152e-06,0.0018665720462204428,2360801.300690351,81172.39432583116,504.31189854173056,7.668036610191342,0.9847960901908693,0.0021928024646063644,-39.93747816022378,124.56431328159769,1.2892273447281861e-05,9.464584073616579e-06,-4788.801239439606,0.2616051592048502,-3.5007911196123314e-05,0.0020775362283519993,0.15655035114063537,-0.8188625148303353,-0.9793511486984291,1789623828.6952338,Power Instability + Timing Misalignment,6,0.6,1
0.005903292020560972,1224331.02567206,2283594.4449654124,509.30285387426545,0.986993225256546,-39.73404293499718,120.54528536344964,5.108399121274642,4483.76526381919,4482.76526381919,0.00650338737172701,-0.0006000953511660374,207398011.38208228,0.007704560466074027,0.0013514508662720822,1.8264194439475615e-06,0.0019105281932338385,2353518.4983756505,79589.58906368742,504.6945590986224,7.6688533890246005,0.9849724600798163,0.0021850937744057534,-39.92653549252741,124.46051928644398,2.9639077058782245e-06,-1.6475778738796918e-06,-4452.847886243986,0.261919930222928,-3.6847786016028355e-05,0.003254085173999783,0.10632464983231325,-0.8238544140307874,-0.9765043038902523,1789623829.6952338,Power Instability + Timing Misalignment,6,0.6,1
0.007606802562302019,1261770.135045854,2422327.076614858,509.3497536150348,0.9828035720703707,-39.7778488830797,125.62667553031174,4.8255484367014105,4755.724449502034,4754.724449502034,0.008598213964814638,-0.000991411402512619,165873916.7622104,0.007687307977936231,0.001349834701390286,1.8220537210774025e-06,0.0019105281932338385,2354610.6081459355,80335.4556280502,504.7026997672331,7.67368112847318,0.9848719607680643,0.002224404505514075,-39.92749295941599,124.47702434120961,5.397070052403721e-06,-3.718396909332388e-06,-3402.63343959977,0.349407734539734,-5.343234287503205e-05,0.006352809770140328,0.0965354833150336,-0.8095435027504566,-0.9683049099950055,1789623830.6952338,Power Instability + Timing Misalignment,6,0.6,1
0.008235082704033095,1189553.4049670552,2353400.8250402366,495.58450137645946,0.9843180502268728,-40.12797024715047,124.86692951526835,5.0252660726424505,4748.737739989429,4747.73773998943,0.0078409748865636,0.0003941078174694943,144449478.86005768,0.007726117010407526,0.0013510778176353089,1.8254112693061887e-06,0.0019105281932338385,2350759.623444456,77958.45676374069,504.37088599339984,7.87869658037096,0.984845942382759,0.0022269257406121287,-39.93707243226029,124.57851901775437,6.228941282596364e-06,-5.303749959221891e-07,-2463.1523239549333,0.2570112089446953,-5.757987234090985e-05,0.004892345524782054,0.08315506583700509,-0.8110389170317691,-0.9698983156233115,1789623831.6952338,Power Instability + Timing Misalignment,6,0.6,1
0.008300687815018531,1227228.3560354845,2481339.901856508,497.15097974866546,0.9832383258455472,-40.082440445951754,124.11999129971586,4.884353197612455,4991.119404231988,4990.119404231988,0.008380837077226422,-8.014926220789066e-05,147846586.1365182,0.007656239693442888,0.0012720685955406382,1.6181585117607315e-06,0.0016458506413204697,2356036.150944802,82046.67291890929,504.1498179219945,7.999712051504361,0.9849460624341608,0.0020920478750525097,-39.94345226654702,124.65392754947563,3.474770907396789e-05,-9.261354913112703e-06,-1271.1249988097286,0.17343387593577433,-0.00011352558783001941,0.003691765371629889,0.06883173186870777,-0.7847699925818251,-0.9676977229419805,1789623832.6952338,Power Instability + Timing Misalignment,6,0.6,1
0.009628247188349872,1150177.5998486658,2356857.8718928155,497.47420255700024,0.9818624011596973,-40.07306380905582,123.37977105218295,5.048100963568696,4737.648424337679,4736.648424337679,0.009068799420151374,0.0005594477681984972,119458669.61541812,0.007763074224006912,0.0013201369102457743,1.7427614617932598e-06,0.0019105281932338385,2351661.74868729,78911.00802960675,504.31400515249896,7.8168022679622675,0.9847448170385154,0.0021365432682167004,-39.938671018961266,124.66924672021679,4.5962297488865286e-05,-2.838212180493525e-06,-161.72210850831266,0.004009849752050933,-0.00012251541727368274,3.923811560130074e-06,0.0037928377010739175,-0.7997619355039579,-0.9649915364013798,1789623833.6952338,Power Instability + Timing Misalignment,6,0.6,1
0.008531831466494954,1148661.4142260023,2303392.3401007787,487.8356276737536,0.9849592915184494,-40.3553296981748,122.93019770050554,5.150588232191976,4721.656659404963,4720.656659404963,0.0075203542407752955,0.0010114772257196585,134632454.7943626,0.007787787457683497,0.0013284875139247705,1.7648790746540172e-06,0.0019105281932338385,2345423.3560948838,76271.47654673248,503.9647965843916,8.333100664192278,0.9847133265802449,0.002127328480660009,-39.940212376138,124.46500925973365,5.4567782194489065e-05,-5.306985723014579e-06,469.6181821603665,-0.2255798828123562,-0.0001105182934765871,-0.007623403802208655,-0.03340999753672473,-0.7977081472974537,-0.9618582486866232,1789623834.6952338,Power Instability + Timing Misalignment,6,0.6,1
0.008654350253854796,1210765.497738049,2405881.1698982734,504.37291907651064,0.9840270676136056,-39.95210962206464,126.08056996735482,4.911618079351798,4770.044304328152,4769.044304328152,0.007986466193197206,0.0006678840606575906,139902530.19846904,0.007888857390162858,0.0012940063943869783,1.6744525487143878e-06,0.0018665720462204428,2351933.6881479304,74179.13460857634,503.76342122498863,8.25965145346697,0.9845135773808771,0.00193966298981757,-39.949053380185084,124.54914440005348,4.5964968231789126e-05,-3.984294654085886e-07,4.685434348446747,-0.1673875334977998,-7.377828145463642e-05,-0.005641945981334298,0.018275209434070825,-0.7856682099926818,-0.9587300561292166,1789623835.6952338,Power Instability + Timing Misalignment,6,0.6,1
0.006638307298986599,1273763.349494899,2421816.8573964317,509.4617244669296,0.9870932407645613,-39.96678709185252,128.31608781689988,4.870799768257461,4753.677736890788,4752.677736890787,0.006453379617719357,0.00018492768126724193,191880744.91359434,0.007828555874380526,0.0013155719622608617,1.730729587886894e-06,0.0019105281932338385,2353365.5906956694,75162.2699224652,503.71811866856564,8.22509491510044,0.9846001882320082,0.002003524087396581,-39.95982458571394,124.80075345716304,3.6991306962444204e-05,-1.0232212400621032e-05,990.6168983465064,-0.046479139739318845,-4.582208301272454e-05,-0.0032901775158023293,0.009709001595698189,-0.7967485874496049,-0.9587979798597349,1789623836.6952338,Power Instability + Timing Misalignment,6,0.6,1
0.010272822281719569,1087259.280381799,2227244.28080403,508.8060731554673,0.980838863287828,-40.014175112387704,128.72249725905166,5.234988918923643,4377.393270861153,4376.393270861154,0.009580568356086006,0.0006922539256335632,105838420.11134282,0.008010414649773269,0.001326598737433607,1.7598642101604402e-06,0.002184579926515594,2345847.6689715073,77950.04340992696,503.706927428384,8.217971098801854,0.9843721341823735,0.0020922367579645587,-39.970783943596956,125.10938514386692,3.8531736332317094e-05,3.6902275747762656e-06,444.6875237784875,0.05416394890033937,-6.114174260748988e-05,-0.0015955404810836882,0.06779095040450007,-0.815401435051894,-0.9618673026441354,1789623837.6952338,Power Instability + Timing Misalignment,6,0.6,1
0.007220934117011253,1264338.3038690344,2473301.827873121,504.56261566448904,0.9852688770190223,-39.90278535748994,125.46963902709825,4.8510226247070145,4901.872931302848,4900.872931302847,0.007365561490488837,-0.00014462737347758353,175093455.13767746,0.008026036417286553,0.0013148585541251485,1.728853017356076e-06,0.002184579926515594,2350258.0421477435,81821.23131836312,504.22287045328505,7.841995562738667,0.9843636355549142,0.002088141420354811,-39.95719325647295,125.29592888654287,1.9443976516264572e-05,2.3988180181574513e-06,1793.1357470581445,-0.05836626432291299,-4.177203119175841e-05,-0.003685547144641658,0.010194923560309413,-0.8154923462295611,-0.9642748590765069,1789623838.6952338,Power Instability + Timing Misalignment,6,0.6,1
0.0060673178838906335,1243154.2856188149,2375559.283786657,493.8030977769343,0.9860505869016014,-40.25447716981865,126.03622820390217,5.027454421201736,4810.7419626998135,4809.7419626998135,0.006974706549199294,-0.0009073886653086609,204893547.595309,0.007998142326030215,0.001348293838851788,1.817896275885691e-06,0.002184579926515594,2354188.3585997825,80572.7348068291,504.0780240154155,7.998120751934302,0.9842902788022337,0.001993219632578174,-39.957286479529195,125.23826772776873,-1.1250164773418406e-05,-6.920995787277753e-07,1297.1189732583143,-0.22253489863149653,9.008529030072747e-06,-0.009379239714151328,0.042818396225822626,-0.8169827799098831,-0.965051767958818,1789623839.6952338,Power Instability + Timing Misalignment,6,0.6,1
0.007141015761453395,1265274.8549913329,2442522.011351392,495.39079875648963,0.9867189516426971,-40.133610222491114,122.37102360733172,4.85492030426724,4930.495312958001,4929.495312958001,0.0066405241786514635,0.0005004915828019313,177184156.604328,0.00791488737581718,0.001334316409138615,1.7804002796965677e-06,0.0018665720462204428,2361953.4347111415,79347.93056833727,503.93957867695315,8.116464891796964,0.9844123234868171,0.002044130669581773,-39.96130431549319,125.17596098503839,-6.919630385098447e-06,-7.858288238996073e-06,1054.5740367956778,-0.3549855882260217,2.5202604816228706e-05,-0.011765621933959533,0.07942903259174748,-0.820607963931774,-0.9638485928598333,1789623840.6952338,Power Instability + Timing Misalignment,6,0.6,1
0.007778811953242229,1207260.6658069345,2355342.5526562096,499.48154382444346,0.9829193152379553,-40.01496724426984,124.11813714470189,5.001666008830046,4715.574743006039,4714.574743006039,0.008540342381022359,-0.0007615304277801297,155198592.4153553,0.007953694801454369,0.0013155540211682985,1.7306823826120798e-06,0.0015341825970795501,2364398.8976482856,78155.44279180287,503.89510010577925,8.137698658410969,0.984252589278391,0.001998011192425495,-39.961841746357806,125.13034005922601,-1.923832184391401e-05,-2.8451093257887744e-06,316.0759552994528,-0.42959738490387755,3.6424459829215756e-05,-0.012663243617356672,0.07470989027665327,-0.8039802754618819,-0.9631038417083078,1789623841.6952338,Power Instability + Timing Misalignment,6,0.6,1
0.006876571588529251,1249810.9654597652,2426463.287350287,509.7513329558724,0.9876015762539797,-39.858817672240654,126.91489146879563,4.931806995580766,4760.092088980057,4759.092088980057,0.006199211873010146,0.0006773597155191047,181749138.99603167,0.007961648464399257,0.0013083972840962244,1.7119034530303759e-06,0.0015341825970795501,2362329.8992736214,75763.78675867133,504.3450609738198,8.138071413823505,0.9843982300874985,0.0021014410992158034,-39.95446329271113,125.21050770771973,-4.194064552100353e-05,8.788661937615334e-07,2026.8715047732023,-0.42946773941223315,6.441785323674522e-05,-0.012526624834463465,0.04067808230678246,-0.8269115332916089,-0.9603154563841912,1789623842.6952338,Power Instability + Timing Misalignment,6,0.6,1
0.006358512858143746,1232168.3241189662,2334054.981215488,489.19002904225965,0.9856507244053576,-40.348598008149246,125.46171125690823,5.03977618024372,4771.264422100182,4770.264422100182,0.007174637797321193,-0.0008161249391774464,193782469.5189302,0.007812612736189623,0.001269743896487466,1.6122495626671727e-06,0.0017777786653255453,2360343.2605326455,75827.96587389125,503.42451196592475,8.491020738437197,0.9846042846429606,0.001956603827490502,-39.98232310601269,125.2815095356089,-3.55112443581243e-05,-9.779083880641259e-06,1979.7827658223675,-0.4907734091992261,3.699064356083052e-05,-0.013141185267496728,0.022768478486510455,-0.8018733323557621,-0.9597601931159678,1789623843.6952338,Power Instability + Timing Misalignment,6,0.6,1
0.008902380529378208,1226102.2357280655,2480150.654865457,510.84987391827724,0.9822699038649392,-39.9738478966478,128.96987282038418,4.835196069845987,4854.950116445007,4853.950116445008,0.008865048067530412,3.7332461847795415e-05,137727457.4684692,0.00778539266203841,0.0012384095441468632,1.5336581990340415e-06,0.0017777786653255453,2361782.854184238,77723.51742065174,503.6915969193129,8.614472961357174,0.9845401700758818,0.002005182421428549,-39.986073041688805,125.49485964011788,-7.749152874386656e-06,-1.031916847339085e-05,3923.872705478369,-0.41474922538563325,8.127347291657052e-06,-0.012040716552990893,-0.005228641143643815,-0.823065181465443,-0.9608384749478542,1789623844.6952338,Power Instability + Timing Misalignment,6,0.6,1
0.008110685875911551,1201995.3857302254,2392184.030424587,500.2609325886619,0.9858368931589993,-39.992473040824784,124.22321821083847,4.991193522058516,4781.872568073497,4780.872568073497,0.007081553420500375,0.001029132455411176,148198981.45730302,0.007798761621562487,0.001240043913176396,1.537708906605829e-06,0.0017777786653255453,2362900.102225982,77951.40888158818,503.45554642478106,8.624386858809904,0.9845001247106545,0.0019685544521554814,-39.98931876227968,125.41481565292811,-4.835754027076167e-06,-8.419515045873125e-06,4229.198699664332,-0.42171091580366243,4.307567096611432e-05,-0.011352363311733504,-0.005291965868778241,-0.8298071031263856,-0.9603046484770018,1789623845.6952338,Power Instability + Timing Misalignment,6,0.6,1
0.00845201093084422,1172138.0498707031,2367304.1233063606,497.01670603126405,0.9852093649989464,-40.09917680796372,125.17806989243549,5.0699832113181795,4763.027267653753,4762.027267653753,0.007395317500526799,0.0010566934303174215,138681558.6800981,0.007914833095183508,0.0011571814312560844,1.33906886484388e-06,0.0015133344924014016,2364099.9433059995,77778.91946661255,503.0943827937689,8.69710183135512,0.9845020439709306,0.001969221493881248,-40.000221778149424,125.57511153069149,-2.129113571537494e-05,4.057288673184509e-06,4013.9311427441166,-0.45524386177210213,5.62350922104207e-05,-0.010739264068991687,0.05239753946127522,-0.8547913544873129,-0.9561307384403351,1789623846.6952338,Power Instability + Timing Misalignment,6,0.6,1
0.008282858379101787,1157043.3654285003,2284476.849700448,502.1268946727822,0.9855955613279368,-40.02669346434336,126.22272598567974,5.141122501012396,4549.600656601273,4548.600656601273,0.007202219336031601,0.0010806390430701859,139691313.36928314,0.007886419180794454,0.0011389309343501652,1.2971636732197403e-06,0.001390815705041559,2362660.796354772,78897.96724621861,502.1072692192824,7.226022290817916,0.9846388602561678,0.0019210333582895403,-40.024333353043836,125.52509445873201,-7.110247811991088e-06,2.684030448511086e-06,2842.5045419827893,-0.22707100893867946,4.306020084355288e-05,-0.005220441233732612,-0.08092372375074208,-0.8352653915872383,-0.9575453908017555,1789623847.6952338,Power Instability + Timing Misalignment,6,0.6,1
0.00832397349737488,1211119.648950758,2402708.216027406,499.834560891517,0.9840069739681849,-40.02994397277079,125.34922956091079,4.939547667730685,4807.006965948648,4806.006965948648,0.007996513015907536,0.00032746048146734333,145497778.11434734,0.007882957288424667,0.0011374632034275155,1.2938225391515856e-06,0.001390815705041559,2359444.174323429,75486.6963189208,501.73850719089603,7.096192918747503,0.9846701389213132,0.0019040490585097354,-40.03079968136363,125.46822783469847,2.16973136854096e-06,2.5882203858963533e-06,4416.802735830732,-0.17858643122219842,2.3088875172868105e-05,-0.003711755686993728,-0.10262190514571921,-0.8351742382892167,-0.9548781345109094,1789623848.6952338,Power Instability + Timing Misalignment,6,0.6,1
0.0065701448755659,1245142.0888288235,2379498.852372039,505.36647956108607,0.9850847477371036,-39.845981199097416,122.35288650353425,4.975415254572207,4708.461974839821,4707.46197483982,0.007457626131448181,-0.0008874812558822805,189515164.79635876,0.0077987551491059855,0.0011535015212878277,1.3305657596133327e-06,0.0015754393423149694,2366664.827457272,68060.80696908892,502.2259213072998,6.907656497812999,0.9846989586564686,0.0019046536809207992,-40.0167147277263,125.38764652014444,-2.026126356764886e-06,-5.554189452226256e-06,2997.3063379201685,-0.23067126089640444,2.385718784156524e-05,-0.00367879251428464,-0.1195890513028467,-0.8276937783465623,-0.9486070403119958,1789623849.6952338,Power Instability + Timing Misalignment,6,0.6,1
0.007541970653069912,1170190.618977623,2275596.1287676925,514.146953030317,0.9850555105707077,-39.63565835882657,125.53005894247532,5.157880425373977,4425.964435567725,4424.964435567724,0.007472244714646137,6.972593842377497e-05,155157142.98109928,0.007769667253785672,0.0011504371576432082,1.323505653686184e-06,0.0015754393423149694,2366805.2577923117,67868.86688233628,502.2731590509062,6.984550598065854,0.9847462639107007,0.0018982246279399936,-40.00844584047122,125.29057398959671,3.076840880041639e-07,-8.281597586132883e-06,1210.8776255143503,-0.013230086739971687,1.8887641865031378e-05,0.0015819927661689039,-0.1461183114142866,-0.8266382808544236,-0.9478756171678557,1789623850.6952338,Power Instability + Timing Misalignment,6,0.6,1
0.008040725636567152,1183387.2290646976,2318125.6278034975,513.9069645276618,0.9854272895925545,-39.681567607376394,126.07529960776611,5.06501396625376,4510.788504168484,4509.788504168484,0.0072863552037227275,0.0007543704328444242,147174183.34521413,0.007853020114643052,0.0010899781888981793,1.1880524522737553e-06,0.0013109951693908257,2366431.0203614314,68110.03726468851,502.4184482818215,7.184403063685648,0.9846445525614559,0.0017876648157521531,-39.99674076963973,125.18378091211967,-1.53178699190045e-05,4.969486721163866e-07,368.29025268032325,0.17417463393034155,5.741212690423338e-05,0.004941844925505154,-0.11762812379831043,-0.7983415048629511,-0.9472280608568141,1789623851.6952338,Power Instability + Timing Misalignment,6,0.6,1
0.007884394217204342,1229481.3419571568,2452505.433410655,508.66464564927793,0.9839883837730065,-39.841519782550805,126.24301478184138,4.913269805123553,4821.458409558204,4820.458409558203,0.00800580811349677,-0.0001214138962924282,155938593.13558114,0.007872747102291903,0.001085896993391662,1.1791722802570513e-06,0.0013109951693908257,2373452.6759972484,67571.0892808656,502.4927094445796,7.2387819702277705,0.9845729814593216,0.0017766507678918199,-39.99054379925333,125.12657008255839,-1.964626870503835e-05,4.092026639350364e-06,268.15351774964086,0.2757285233842119,6.268627189068526e-05,0.006377621311385331,-0.11596494458877081,-0.7951556109758837,-0.944550873013484,1789623852.6952338,Power Instability + Timing Misalignment,6,0.6,1
0.006898327616891721,1248691.73947237,2426974.5568283238,503.9599249655586,0.9855742712570692,-39.8861908011488,122.68482274260181,4.933744717386593,4815.808631994274,4814.808631994274,0.0072128643714653995,-0.0003145367545736785,181013690.39283335,0.007768882398620024,0.0010493345839499495,1.1011030690734136e-06,0.0014256458804831583,2377704.9274523584,67460.40612475155,502.7060795760392,7.200165776681833,0.9847357187781415,0.0016714703338050222,-39.98440305802898,125.11155341047782,-1.2418929044764495e-05,-4.394167060840698e-06,234.35759303125732,0.25060167361506835,4.125751521929041e-05,0.006849224430384721,-0.12071297950754108,-0.773784741809984,-0.9492302857681588,1789623853.6952338,Power Instability + Timing Misalignment,6,0.6,1
0.007411863845541079,1219909.4553191424,2374679.3382888776,508.03738325782297,0.9842865947296424,-39.76993435180583,122.03175440750354,4.989088445008708,4674.221654833924,4673.221654833924,0.007856702635178792,-0.00044483878963771234,164588756.72048816,0.007829225271619228,0.0009815004830834564,9.633431982930583e-07,0.0011829577359214844,2381348.323185297,64681.735544773655,502.6554607513815,7.157935432687073,0.9846274535570655,0.0016081998616875037,-39.98583871470132,125.17101217223998,-3.437038869992987e-05,3.696415728681157e-06,-734.6757471934147,0.3657814505830281,5.968681955564966e-05,0.011332536795070255,-0.04080467193239589,-0.7448802092734738,-0.9483841824551019,1789623854.6952338,Power Instability + Timing Misalignment,6,0.6,1
0.008838995533937638,1223309.6782094166,2474649.24800034,484.27605986264155,0.9858791795589069,-40.460984096664504,124.2237737070611,4.850648302970016,5109.997072129152,5108.997072129151,0.0070604102205465424,0.0017785853133910953,138399173.6971102,0.007878512990484653,0.000999860232184381,9.997204839038045e-07,0.0013109951693908257,2383441.2100407165,66786.06824213048,501.6525130012857,7.870812427728228,0.984750477856607,0.0015813863503588148,-40.013164123244714,125.11489609930996,-2.7273659525547403e-05,1.1436487514010923e-05,536.3510930872046,0.2630683710158083,5.3002398551854454e-05,0.009026477739318702,-0.11805796970486344,-0.725722747913514,-0.9649666151565884,1789623855.6952338,Power Instability + Timing Misalignment,6,0.6,1
0.006704183257899728,1196383.4666520234,2302908.6518238103,503.6875890146758,0.9840443867766724,-39.89398911811797,123.39001791701034,5.136602397127016,4572.097272296918,4571.097272296918,0.007977806611663807,-0.0012736233537640786,178453276.20516503,0.00781727701263932,0.001022764378207243,1.0460469733296486e-06,0.0015536833139524996,2381421.5231120596,68407.7664014256,501.9766365068144,7.780582433063407,0.984739531318599,0.001585284138801318,-40.003804878083415,125.05581963537966,-3.4547929152385355e-05,8.5065180931058e-06,-507.4302173813447,0.22117357181422312,4.216035843973342e-05,0.008978493470661868,-0.1323846240663976,-0.683879388195558,-0.9665833371563552,1789623856.6952338,Power Instability + Timing Misalignment,6,0.6,1
0.008235413125659577,1192528.8605515098,2360487.0015808637,497.5162615584617,0.983301302331586,-40.229337185368465,127.19527797686585,5.014412653313205,4744.542407893717,4743.542407893716,0.008349348834207015,-0.00011393570854743851,144804983.35121468,0.00781466602506496,0.0010216096261682964,1.0436862282797261e-06,0.0015536833139524996,2376587.4071010337,65379.17633051673,501.9912477792062,7.7718446182171546,0.9847420503780405,0.0015829449911304928,-40.009680747660084,125.17883110246565,-2.585410316225237e-05,1.1172221337836345e-05,298.5118328521039,0.131744312401786,1.387234382909706e-05,0.0061103011093472815,-0.14068272705673976,-0.6825849299112001,-0.9697318438103685,1789623857.6952338,Power Instability + Timing Misalignment,6,0.6,1
0.007237445604027425,1232707.3288460248,2405579.028094256,493.92172806164035,0.9851569266797207,-40.17645659320882,124.27580148032183,4.959360163186669,4870.364860308484,4869.364860308484,0.0074215366601396715,-0.00018409105611224674,170323536.27087152,0.007719033961692062,0.0009572382189822992,9.163050078804042e-07,0.0014256458804831583,2378536.2533490914,65488.08347393839,501.84914879939186,7.884790085154828,0.9848738313988414,0.0014708971128197358,-40.01381645902621,125.21467231959119,-1.3046480031288187e-05,3.811663678307109e-06,368.83144378427954,0.012085985863733457,-1.1094520954209554e-05,0.003937001151863183,-0.10692485997045745,-0.6334670176190446,-0.9701022979521585,1789623858.6952338,Power Instability + Timing Misalignment,6,0.6,1
0.006943082011969003,1226665.521286838,2360364.3642707984,494.1286475466504,0.9848982063540362,-40.286353167862565,126.61373435550013,5.006890351641637,4776.821534209788,4775.821534209788,0.0075508968229818785,-0.0006078148110128757,176674496.88369235,0.007655483983511024,0.0009538998238453564,9.099248739322021e-07,0.001384530762210066,2380815.134315892,63803.13607343162,502.1008695943077,7.525665813637867,0.9848713879922648,0.0014708038531774485,-40.011057397813715,125.36201378579099,-1.2081138365318276e-05,-1.1145362234064186e-06,-550.3482032677041,-0.19931539080256944,-1.0014920171714877e-05,-0.0019938547058045396,-0.005339807974009883,-0.6383545841854522,-0.9696936229940628,1789623859.6952338,Power Instability + Timing Misalignment,6,0.6,1
0.006620382757887795,1229143.0316491416,2372247.5705615166,490.62596136694924,0.9861657921660224,-40.273045190750295,123.2041586491028,5.02697392379257,4835.144809606322,4834.144809606322,0.006917103916988798,-0.000296721159101003,185660418.2265278,0.0075741252836723436,0.000951973563048371,9.062536647430108e-07,0.0013588415371303258,2379469.7903424217,63614.73180602589,501.55099128592525,7.835415252786349,0.9849569369743615,0.001481367461743615,-40.02389482056114,125.2469573330609,-1.1647256206094962e-05,-7.828980914514977e-06,-378.7730513304343,-0.28251712577154126,-6.509777739006799e-06,-0.003822725806189901,0.03305794042142988,-0.6442316557577151,-0.9708902759381922,1789623860.6952338,Power Instability + Timing Misalignment,6,0.6,1
0.006969726877908181,1261854.2252766874,2438542.054745726,496.2105488164411,0.9864093289390656,-40.114595226313966,125.06708477137602,4.881917118576422,4914.329331696241,4913.329331696242,0.006795335530467184,0.00017439134744099728,181047872.80493936,0.0075873820668292055,0.0009410948983713076,8.856596077405018e-07,0.001337085508767856,2380138.798236394,64142.31726821761,501.0209442599057,7.729838768445167,0.9849295805013416,0.0014475935622616052,-40.0298071459396,125.11699721123996,-2.6584498260006223e-05,-4.70118764012714e-06,589.9800598555478,-0.25270618598750566,2.8259955221798207e-05,-0.004088883033745105,0.05623501905760797,-0.6336916789210038,-0.9762193636026099,1789623861.6952338,Power Instability + Timing Misalignment,6,0.6,1
0.008368944656158013,1198376.011242415,2375574.0070831873,503.8008351479012,0.9842761842693255,-40.067811488513485,127.46977657936353,4.981408081809997,4715.303829112924,4714.303829112923,0.007861907865337248,0.0005070367908207654,143193205.41337663,0.007511226961806745,0.000784748396016862,6.158300450510378e-07,0.001337085508767856,2386071.98728756,56078.50110796196,500.82073473960315,7.589143956421184,0.9850670733406016,0.00119345767133004,-40.03195260098463,125.06688838405243,7.484327790394064e-06,-1.1136455252461081e-05,-981.1016481899907,-0.14919436575808542,-1.8678566747334284e-05,-0.0042833720142927785,0.04856880803374857,-0.4632183802883386,-0.9680268719657147,1789623862.6952338,Power Instability + Timing Misalignment,6,0.6,1
0.0070793255482251875,1199761.3872186672,2321259.6795474533,495.1565685060711,0.9869895556901673,-40.140433173884894,123.82769790710242,5.090873465565387,4687.930701496879,4686.930701496879,0.006505222154916335,0.0005741033933088528,169473967.40632328,0.007505562619055301,0.0007873301188731467,6.198887160848034e-07,0.001337085508767856,2379990.301354533,54511.237268735254,500.4444928532663,7.627371256524249,0.9851359004874475,0.0012513243318597685,-40.04145851364042,125.0012107392526,5.946170632247697e-07,-1.207402193635024e-05,-707.0706983969017,-0.16406016789567454,1.0854609559415222e-06,-0.003993058713809827,0.06921274887086785,-0.4712859403051623,-0.9664939439344608,1789623863.6952338,Power Instability + Timing Misalignment,6,0.6,1
0.006945687290812853,1230777.691110741,2392804.6786331176,520.4245978597228,0.9881584190655639,-39.42238942263679,124.91840136516569,4.992170306538613,4597.793202845656,4596.793202845656,0.005920790467218051,0.0010248968235948017,177200274.00869402,0.007540697395332191,0.0007405746162127112,5.484507621786044e-07,0.0012923311136905742,2380680.117148392,54559.894764129975,501.5093528565779,8.440777461736777,0.9852202137740059,0.001375013653011075,-40.00817500375315,124.95649766570314,-1.8955910241429137e-05,-7.792338567655385e-06,-633.0943145810401,-0.04604238013785872,3.813249658778802e-05,-0.00040876135863536197,-0.09372398667958598,-0.4736750259270565,-0.9673932595052697,1789623864.6952338,Power Instability + Timing Misalignment,6,0.6,1
0.009686630740489137,1111178.1734687707,2277394.2859652885,491.54040388857504,0.9807086486287259,-40.2884390910747,125.5866822765896,5.1923808878576905,4633.178204576526,4632.178204576526,0.009645675685637067,4.095505485206957e-05,114712556.22702312,0.0076425219944936205,0.000846105131600132,7.158938937200768e-07,0.0013397763671327842,2374075.0081329476,56629.465593009176,501.3553370618613,8.584913095866428,0.9849798016534471,0.0015991199932142426,-40.0143681584965,125.08512401247344,-3.144111086460673e-06,3.1134208357624554e-06,-968.0830450104478,-0.19924898853569056,1.1474658549038158e-05,-0.004250166659752298,-0.20652458512310112,-0.6069099560010713,-0.9707141437340266,1789623865.6952338,Power Instability + Timing Misalignment,6,0.6,1
0.008632531916868434,1120547.718809899,2225813.892990198,516.7122887096959,0.9819962046341233,-39.525668998226394,124.59663421460097,5.249083689100107,4307.646521332736,4306.646521332736,0.009001897682938353,-0.0003693657660699193,129805221.64306027,0.0076766707930386695,0.0008678649324749804,7.531895410198022e-07,0.0013808914854058765,2368893.861746307,63602.43887208539,502.04456685727143,9.083979836249714,0.9849428772292939,0.001655920051152871,-39.99479622865476,125.10426389526943,7.357341630639074e-06,6.209283953922771e-06,-2523.971739557053,-0.07623044416062612,-3.6671101168867814e-05,0.0002549116542383263,-0.10285101965669195,-0.6449179827233378,-0.979082468806386,1789623866.6952338,Power Instability + Timing Misalignment,6,0.6,1
0.006773933516827065,1239862.0463452027,2390734.511999501,510.1722165081803,0.9862936560075621,-39.894401706820766,127.58065435341639,4.97561805463355,4686.132318930713,4685.132318930713,0.006853171996218932,-7.923847939186705e-05,183034280.34321168,0.007672565270170581,0.0008718736834048814,7.601637198139954e-07,0.0013808914854058765,2367464.7107322756,62687.62850372357,502.06140219936367,9.0986253930263,0.9848905604194371,0.0015904625363002778,-39.99621959003797,125.13089441065424,-8.976609887177606e-06,5.890840597418562e-06,-1746.6714811800762,0.07586167514146613,2.3846162620074686e-06,0.002541415881462415,-0.09941126648072073,-0.6423410682436042,-0.9787513703340256,1789623867.6952338,Power Instability + Timing Misalignment,6,0.6,1
0.007191785812561151,1273466.4262869204,2497607.883757166,493.27210598633235,0.9861298926078276,-40.19544388120544,122.75610536879944,4.8224291490258135,5063.347092702562,5062.347092702563,0.006935053696086213,0.00025673211647493817,177072351.6352069,0.007705896188347277,0.0008361993635011455,6.992293755197207e-07,0.0013782862065620264,2374006.826833943,67229.31579807452,502.22468527712664,8.900646151711618,0.9849097271475358,0.0016023506218728492,-39.99009342496021,125.0226701751299,-2.6555098231533e-05,1.082772680380035e-05,-879.447179195114,-0.133984021472941,2.142624555251015e-05,-0.0028213617565809503,-0.1779750081105798,-0.6532203915098116,-0.9826980823917946,1789623868.6952338,Power Instability + Timing Misalignment,6,0.6,1
0.009845342517588822,1151819.4432969156,2361517.1248688404,510.38104901346594,0.9825462187073368,-39.831961968176145,126.78834700664275,5.022803074017712,4626.968672589828,4625.968672589827,0.008726890646331587,0.001118451871257236,116991302.35836655,0.007743614667875702,0.0009075422439295598,8.236329245167007e-07,0.0013782862065620264,2369261.4856340783,63661.93412561256,502.2059322809341,8.882930026476293,0.9849207797412318,0.0015849623222433402,-39.984417987821345,124.93540914258021,5.158480525621326e-06,1.5505677372049674e-05,66.70154451908795,0.027557376350928062,-2.6788988259909188e-05,-0.0011992314877577077,-0.10768200901178572,-0.6615455334967979,-0.980639729138084,1789623869.6952338,Power Instability + Timing Misalignment,6,0.6,1
0.008933088532336642,1211826.6919677432,2406722.786539301,504.7316152318197,0.9836168776870857,-39.95820781768519,126.3086470599502,4.883217689539275,4768.321844538924,4767.321844538924,0.008191561156457139,0.0007415273758795034,135655959.03153595,0.007776510774132706,0.0009347486522100465,8.737550428084985e-07,0.0014232573653451602,2369843.0358786667,63934.49691802073,502.3847595866605,8.886974101043558,0.9848319791223552,0.0015933160025311522,-39.98304737889576,125.0188262965447,1.9808951354850036e-05,1.7477888996858125e-05,641.723616164696,0.031421375897917915,-2.9663873043582327e-05,-0.0010378419857660394,-0.09890301319870039,-0.6876481458297133,-0.9730110836209698,1789623870.6952338,Power Instability + Timing Misalignment,6,0.6,1
0.0067482819470814255,1191750.037341126,2278639.2993713845,495.0806821258323,0.9837675202115029,-40.23964907260657,126.3493017614258,5.149474844522981,4602.561525097506,4601.561525097506,0.008116239894248534,-0.0013679579471671081,176600510.57240543,0.007708361614782195,0.000945065551827383,8.931488972507959e-07,0.0013808914854058765,2366296.4429212674,66389.06983524116,502.3073186304432,8.941680687327526,0.9847743053308575,0.001604666857829942,-39.98866626948148,125.06567557130431,1.707260990303029e-05,9.11171122106573e-06,-225.54615424096693,-0.08968141314061423,-3.571578883938391e-05,-0.004567767295314602,-0.04106503981902338,-0.6557769686824634,-0.9798841109670401,1789623871.6952338,Power Instability + Timing Misalignment,6,0.6,1
0.006604586038683917,1232540.9434921267,2339157.3581570433,502.80627935081077,0.9841238503554646,-39.94462324915848,125.3519980153445,5.016428639031859,4652.203948560873,4651.203948560873,0.007938074822267716,-0.0013334887835837984,186618954.81003267,0.0076412307211654795,0.0009613393261383377,9.241732999801132e-07,0.0014256458804831583,2368483.6632595314,64532.22469635761,502.33449401756434,8.94212342636243,0.9847154368919587,0.0016004485127645977,-39.98538346087408,125.03084645249092,1.2628879920703663e-05,1.1907799622655447e-06,-1294.2567150419993,-0.08687986145229301,-3.3507428641448375e-05,-0.004541488287105793,-0.04383367963145816,-0.6425441908470216,-0.975687781477914,1789623872.6952338,Power Instability + Timing Misalignment,6,0.6,1
0.006991476896981072,1310022.9689399723,2548592.9683179893,527.4787139331567,0.987007291871051,-39.6737153839133,131.27318969069958,4.717623139764397,4831.650834427705,4830.650834427705,0.006496354064474519,0.000495122832506553,187374282.75070778,0.007587930857149728,0.0009589442725305059,9.195741178190611e-07,0.001337085508767856,2374319.0533511546,73355.83083163163,503.44026013922996,10.187155532219718,0.9848354496080732,0.0016544061083102728,-39.97113431731978,125.26780485768244,1.3458580074941596e-05,-5.2192291211716495e-06,710.5362439455905,0.12022129881577781,-1.9436473456793883e-05,-0.002110157311050227,-0.06713889626439622,-0.6444586927424197,-0.9813809547940981,1789623873.6952338,Power Instability + Timing Misalignment,6,0.6,1
0.008587636579304284,1182799.9216699377,2331659.2261302886,504.80892763068334,0.9837814573544382,-39.99323614396521,126.82892444901229,5.0187621615181115,4618.894592601428,4617.894592601428,0.008109271322780887,0.0004783652565233977,137732880.3736779,0.0076686305252992625,0.0009547788280243842,9.116026104436165e-07,0.0014258626441890103,2372405.468301485,73818.2723374188,503.41795806201384,10.183523831789644,0.9847833179927666,0.001666220834836501,-39.97702451511449,125.4468463755016,1.250877307899155e-05,1.3233787602359507e-06,368.5512136541328,0.15211734680160116,-2.6672651430812946e-05,-0.0010626429901690014,-0.048933836866050975,-0.6601497007409725,-0.9783458087530172,1789623874.6952338,Power Instability + Timing Misalignment,6,0.6,1
0.007444555099664653,1220126.8504089855,2365781.3220279696,509.98496056604387,0.9841486818216334,-39.72278062682456,125.11158213163078,4.985411227118503,4638.923703558112,4637.923703558111,0.007925659089183301,-0.00048110398951864853,163895200.46187145,0.007664733903163052,0.0009554863210455455,9.129541097051512e-07,0.0014258626441890103,2376012.8760318956,71154.74112146889,503.25147836344297,10.039771396646133,0.9847470448428036,0.0016697673789615086,-39.98050940583442,125.43010730306779,9.173785812378569e-06,-1.0057308342548943e-07,-660.6881472854653,0.3200257811372181,-2.980890569263155e-05,0.004697885233848124,-0.05195873990766004,-0.6539186981168226,-0.9756146339254899,1789623875.6952338,Power Instability + Timing Misalignment,6,0.6,1
0.00998341552078387,1102592.7494329987,2271071.5630498403,494.48135942767664,0.9821077521327242,-40.16011958469474,124.40160538193302,5.199821415092442,4592.835543241564,4591.835543241564,0.008946123933637917,0.0010372915871459526,110442437.97501741,0.00774244149853172,0.001056556778284702,1.1163122257393492e-06,0.0016445545673352815,2374130.713441749,73252.47077447403,502.4744541594435,9.936209896805622,0.9846142633444104,0.0017408668809317496,-39.99965148492714,125.3631595340345,3.433691807830404e-05,5.305440773900851e-06,-2208.2496724807283,0.345625698756949,-4.73691601343177e-05,0.006029363105871457,-0.12193150608930926,-0.7002503029045888,-0.9770062365485923,1789623876.6952338,Power Instability + Timing Misalignment,6,0.6,1
0.006427258335920667,1274792.21785374,2449784.873730485,3713.800028755217,0.9871681596447109,-29.946291359448743,63.744834435460916,4.888595229847911,659.6437219996462,658.6437219996462,0.00641592017764453,1.1338158276137482e-05,198341524.67922133,0.007873554490958343,0.0012438732195052932,1.5472205862024634e-06,0.0010918789796512986,2379916.663547181,62851.14204703659,632.0739529637727,629.1325405046293,0.9846427313181992,0.0014503289996584455,-39.588128275616434,65.62326185135717,-2.5311056019445022e-05,-3.4563931706960274e-07,2386.9991911567367,29.743565102656454,7.86024538916348e-05,0.09639112600332886,-0.25843619893383524,-0.8480647639865355,-0.9611454161418679,1789623678.060648,Detector Aging + Temperature Drift,4,0.8,1
0.009753591138625914,1139929.1599329868,2346390.8164047753,3700.6735681720515,0.9823165881419682,-30.067039243828447,65.96810255633953,5.07809647595194,634.0442552364259,633.0442552364259,0.008841705929015897,0.0009118852096100163,116872764.4752987,0.007904222392392506,0.0012798752356269986,1.638080618771265e-06,0.0010918789796512986,2381756.667551258,61146.25652925934,760.216669907733,869.0861198888697,0.9846254423951903,0.001475166312482938,-39.18745960141346,65.84639425573282,3.176519538698405e-06,3.6867442263637434e-06,1282.2703604757241,56.719416928364055,3.819116202404254e-05,0.17932182344850892,0.025562995971665115,-0.8580306076271761,-0.9592830764392878,1789623679.060648,Detector Aging + Temperature Drift,4,0.8,1
0.008507268326929175,1170911.2181553692,2314734.811346556,3860.0602040512217,0.9851856297357451,-29.71165583847089,69.52308064377226,5.072112068443621,599.662878034179,598.662878034179,0.0074071851321274584,0.0011000831948017164,137636568.3034741,0.007929898890546376,0.0012852655320700606,1.651907487927336e-06,0.0010980240284296401,2380166.978445044,62339.77557788368,894.7654043287948,1057.7255420647084,0.9846585339347987,0.0014780795894624886,-38.76991798542018,66.00273899042075,8.354432202858909e-06,5.6105144952615575e-06,390.81078693879806,82.69460897970413,4.069111059411511e-05,0.2571634148913922,0.07239712130200539,-0.8463008677219782,-0.9628738466828939,1789623680.060648,Detector Aging + Temperature Drift,4,0.8,1
0.005013867391018355,1284410.242150975,2400616.604381119,3818.09750426493,0.9878729104118579,-29.563238150300812,65.2292150295859,4.983943033368951,628.7468043180033,627.7468043180032,0.006063544794071063,-0.0010496774030527081,256171562.18607157,0.0077956264137992335,0.0014022255464256983,1.966236483048848e-06,0.0014722226438268291,2385871.481310003,57214.354337315526,1027.6625204076793,1198.5764068955168,0.9848574652515384,0.0015603474531874976,-38.34742778788125,66.04349365890671,-1.4154977447432659e-05,-7.0824520868501615e-06,-642.0528920686503,105.68825495875485,5.277321366037219e-05,0.3285924007974184,-0.1316044585536375,-0.8797902119830253,-0.9518332393269363,1789623681.060648,Detector Aging + Temperature Drift,4,0.8,1
0.007830778200663364,1201252.2570240728,2357336.8936014636,3696.788860646375,0.9860598707382127,-30.13895205805104,66.76033587732898,5.021055620351808,637.6714988232487,636.6714988232486,0.006970064630893669,0.0008607135697696958,153401389.52247578,0.007805977065865229,0.0014014915750465758,1.9641786349265316e-06,0.0014722226438268291,2384588.483302216,57479.59463596134,1155.0828437011144,1301.7883380341646,0.9849116021069334,0.0015775526303967123,-37.956593597476896,65.98439721784129,-1.6066644562698254e-05,-4.622407345684832e-06,-870.0454614400007,125.16252683229409,6.236218224762561e-05,0.38873915569306344,-0.12257045584326552,-0.8707504436487122,-0.9523322432638075,1789623682.060648,Detector Aging + Temperature Drift,4,0.8,1
0.00897073238359799,1232973.479372977,2471556.2591344607,3719.2457756628583,0.9860191782881164,-30.010839041991034,66.1914115715751,4.807149191681672,664.5315766189102,663.5315766189102,0.00699041085594182,0.0019803215276561707,137444015.34342223,0.007853364727241081,0.0014199237107584107,2.0161833443739346e-06,0.001505695818119027,2385327.351205257,58465.58924363353,1283.651629470175,1387.1615828255437,0.9850144894481109,0.001562482802849343,-37.558481648285145,65.97197612300057,-5.514419181031408e-06,9.986741275245744e-07,617.6947903429706,142.33115600467784,5.793988889911006e-05,0.4420141406160071,-0.05637308182011813,-0.8472015451425481,-0.9540118192907302,1789623683.060648,Detector Aging + Temperature Drift,4,0.8,1
0.009808109503603342,1180670.8513940782,2440145.0722504957,3818.3390178881195,0.9844727024614885,-29.660604059219914,66.59786158878472,4.921184728031688,639.0593032255456,638.0593032255456,0.0077636487692557266,0.0020444607343476154,120377005.47290166,0.00794328156779009,0.0014688435245260366,2.1575012995420696e-06,0.0015365696778316604,2387787.8422569977,59418.66481346101,1416.118960456292,1462.7051531595964,0.9850168484300695,0.0015616182930067357,-37.15253689824069,66.07727298958099,9.597616380990976e-06,9.48903566849342e-06,1056.7589705853711,157.95831149695522,4.693116289747753e-05,0.4924102144330697,0.03142270551436275,-0.8410711547617689,-0.950825957413669,1789623684.060648,Detector Aging + Temperature Drift,4,0.8,1
0.005651861103185394,1260203.5386320553,2363744.717516179,3688.7865473408624,0.9850837144168494,-30.071034535486646,65.37805169006113,5.0083814918764675,640.7919480242448,639.7919480242448,0.007458142791575306,-0.0018062816883899126,222971427.57485732,0.007831884962151665,0.0015314616958301667,2.34537492579501e-06,0.001672299634568609,2388875.4507284425,58715.615632061985,1542.9158960122268,1515.8584701951547,0.9850730365999978,0.0015375568205666659,-36.76718558056948,65.95871775139176,-6.619010374877853e-06,-1.4178154079781103e-06,322.4890692468206,169.96422350959784,3.417000477653211e-05,0.5322551227605404,-0.04785316778063401,-0.8080348113350193,-0.9550084993801015,1789623685.060648,Detector Aging + Temperature Drift,4,0.8,1
0.009222814519431693,1151047.4187604545,2344871.8399311067,3678.3068951338146,0.9835755152351348,-30.18682219229487,66.41886353709465,5.082871694857773,637.4867314723617,636.4867314723616,0.008212242382432622,0.0010105721369990713,124804355.14942804,0.0079346260267382,0.0015351668337978527,2.3567372075929237e-06,0.002000033734500476,2388018.922182928,59193.15455927321,1669.9312394022108,1555.900514121854,0.9849521310983087,0.0015317070449282807,-36.36651992783221,65.85441155291994,-5.555631189203696e-06,9.097004434396509e-06,-309.6020789386139,179.2755991836709,3.559789241297586e-05,0.5586341593507319,-0.024628427689181772,-0.8087621214833729,-0.9545598626499974,1789623686.060648,Detector Aging + Temperature Drift,4,0.8,1
0.0086329180578399,1171277.4155376724,2359819.6277247504,3646.342792314646,0.984506919607336,-30.31160699221084,66.40306291381134,5.0594765358908855,647.1743777624295,646.1743777624295,0.007746540196331975,0.0008863778615079247,135675724.90439525,0.008001114803087897,0.0015279576830088716,2.3346546810658396e-06,0.001625835119103287,2384139.258852222,57717.33368278649,1796.2146706033361,1582.8352234787865,0.9849147316801882,0.0015307060934480555,-35.9664499809487,65.931562881331,-8.749132370825662e-06,1.6212092176397432e-05,118.0196295421395,185.7126558624748,3.638598750137646e-05,0.5750573060071916,-0.025678946777922994,-0.809288931779597,-0.9519225993181832,1789623687.060648,Detector Aging + Temperature Drift,4,0.8,1
0.007417472692513964,1166729.2594666802,2277462.662852033,3664.6327640851164,0.9879939141029399,-30.138566388159724,62.03258120971647,5.184254016755126,621.4709111297832,620.4709111297832,0.006003042948530046,0.001414429743983918,157294715.84630087,0.00797382731012703,0.001532040192671008,2.347147151959419e-06,0.001625835119103287,2377805.0674166055,60328.59238587782,1922.5284663893274,1600.7956638929481,0.9850533722290825,0.0016422877276075381,-35.57832631973561,65.79276910960338,-1.3151145872414992e-05,1.4633603882750312e-05,-349.90551155739143,190.0653240983189,6.094089686915289e-05,0.5901010751806282,-0.039775472034958945,-0.7787547108676302,-0.9560512896442503,1789623688.060648,Detector Aging + Temperature Drift,4,0.8,1
0.009872578490702506,1151687.969686058,2341463.7482437273,3827.0484194100372,0.9806425002700371,-29.512931167953184,64.44175556245854,5.023211779929223,611.8197345944941,610.8197345944942,0.009678749864981462,0.00019382862572104448,116655235.5872034,0.008031013598038155,0.0015745745951449774,2.4792851556759697e-06,0.0017192344267165423,2375123.0798211023,60394.15120431696,2054.7278943751307,1616.077271215125,0.9849202747931584,0.001846800574625842,-35.17714763344214,65.67822305951495,9.066727930101036e-06,2.0356163967995058e-05,-378.28013523693807,193.64085081380483,9.390795099291424e-06,0.6064486180646156,0.02642385142392416,-0.7794050610226964,-0.9541831875538953,1789623689.060648,Detector Aging + Temperature Drift,4,0.8,1
0.010020330338891052,1161231.434666019,2422884.0665009045,3609.4200537224124,0.9802960702832384,-30.52560605311161,67.34292201321742,4.97427027137624,671.2668601711159,670.266860171116,0.009851964858380802,0.00016836548051024983,115887540.17011102,0.007983941329559001,0.0014947879756978429,2.234391092290855e-06,0.0017192344267165423,2376485.802269278,61068.3315053003,2179.261804083836,1611.118701766373,0.9848537698349128,0.0019775595495176742,-34.79337239031086,65.76849535727942,5.90908862201374e-05,1.251548033956295e-05,199.5197657923361,192.40529952792244,-6.290997514546469e-05,0.5999575299804605,0.1634369754731016,-0.7653750503493937,-0.9503219030436719,1789623690.060648,Detector Aging + Temperature Drift,4,0.8,1
0.007674755492231626,1214228.8897061863,2383042.788691064,3585.346414476685,0.9840848352683955,-30.55948431097132,66.46590123303736,4.988243447127025,664.6617964358937,663.6617964358937,0.00795758236580224,-0.0002828268735706142,158210758.7577515,0.007928366281599817,0.0014793423852912098,2.188453892919086e-06,0.001625835119103287,2378227.2153674476,60608.02296626828,2303.198656845027,1595.263596888099,0.9848468529692611,0.0019799331017183773,-34.40046046760798,65.91253936617623,6.703876672286868e-05,1.0526905394964896e-06,-109.73761602338762,188.4611749990256,-7.596796193478699e-05,0.5831504739074217,0.19631981575659724,-0.7605314017081715,-0.949663977541253,1789623691.060648,Detector Aging + Temperature Drift,4,0.8,1
0.008308269950570742,1203144.4540308425,2438760.544036959,3764.438911059634,0.9849925355697295,-29.902123977081033,67.10737599526466,4.971929069858808,647.8417107187121,646.8417107187121,0.007503732215135228,0.0008045377354355138,144812874.5441392,0.007966901189042858,0.0014761858223064199,2.1791245819784807e-06,0.0015532596910840264,2383785.007694095,59523.77964185179,2433.3129265127104,1576.3722777563178,0.9849031754774451,0.0019631779486494034,-33.99879328795952,65.84334149951195,6.471087965001072e-05,-1.5888472134888113e-06,-335.08322327153684,184.03338170161638,-8.72470005102044e-05,0.5692401499669807,0.1885072604346613,-0.7788138723741512,-0.9354920835949361,1789623692.060648,Detector Aging + Temperature Drift,4,0.8,1
0.007488594750832729,1160338.238845228,2264146.851275021,3534.2807261564135,0.9858750258560255,-30.661086337528168,64.42607733882996,5.201639664296154,640.6245079850567,639.6245079850568,0.007062487071987256,0.0004261076788454731,154947393.66370425,0.007945905539197195,0.0014791037965086052,2.1877480408461694e-06,0.0015532596910840264,2375395.960488227,60996.73505949124,2554.7764154436386,1539.0959946163814,0.9849751697996575,0.001964494930880998,-33.617672570404025,65.7522235197701,6.0761591376616307e-05,-9.678884446240177e-06,-538.5551990945494,174.8399671543402,-8.655615070602623e-05,0.5381466427017847,0.18689495286611435,-0.7821042041947599,-0.9460590169857238,1789623693.060648,Detector Aging + Temperature Drift,4,0.8,1
0.008421603699053166,1186377.715004147,2347246.2232212215,3691.9457307281327,0.9858079717043546,-30.03143924308504,64.16268562881892,5.022681561660202,635.7748445988921,634.7748445988921,0.007096014147822682,0.0013255895512304834,140873135.02267158,0.0080093709394649,0.0014640370576868165,2.143404506280271e-06,0.0014821376327652618,2374199.3176670833,61243.295509604905,2682.218323035347,1495.4548134789827,0.9849329821847945,0.0019346053384059214,-33.22160265707636,65.6617616070017,5.404328284538207e-05,-9.093090904529575e-06,-780.7355950971886,164.8481309349609,-5.999382574611241e-05,0.508095189895235,0.15909965473814455,-0.7662071614077461,-0.9452073783138275,1789623694.060648,Detector Aging + Temperature Drift,4,0.8,1
0.008375264784691935,1221822.6475087046,2442118.3824171717,3740.3005776929917,0.9829433233013005,-29.843710582429892,62.56212459161314,4.899191460173906,652.9203553804931,651.920355380493,0.00852833834934974,-0.00015307356465780499,145884659.04288977,0.00812178167157013,0.001377361537979966,1.8971248063065372e-06,0.0012959768913663643,2377515.288267453,62572.27263032051,2812.113628563713,1439.6431447713903,0.9847723766246942,0.0019264346809220487,-32.805298678268265,65.53897398865273,3.2977019919594816e-05,-2.4360299651343913e-06,-303.5923846110698,152.72204021936264,-5.8105106557447484e-05,0.46897865816718126,0.06412227048913521,-0.7474115601901111,-0.9539149730043237,1789623695.060648,Detector Aging + Temperature Drift,4,0.8,1
0.007423927739948251,1234567.355078689,2423173.918367808,3827.9144134753146,0.985358676818426,-29.509666970919127,63.27581676266226,4.938698262633178,633.0271935646125,632.0271935646125,0.007320661590786981,0.00010326614916127044,166295712.77148432,0.008079683002479396,0.0013819560424879964,1.9098025033690846e-06,0.0014821376327652618,2380485.916304913,62905.63179254253,2944.6940530726074,1372.918857693502,0.9847813319067563,0.0019286177493422626,-32.3928023649769,65.3562312910463,3.0081419276472406e-05,-9.549835635546453e-06,-168.19881512289007,139.1115645712083,-4.9068923347368025e-05,0.4292321126779776,0.07112830464257631,-0.7520113190596871,-0.9541424987995154,1789623696.060648,Detector Aging + Temperature Drift,4,0.8,1
0.00880921490814347,1215009.8292970916,2459295.878080315,3672.3578607939658,0.9870688578082423,-30.108186186247345,64.16493233287143,4.884998305119668,669.6776216543923,668.6776216543924,0.006465571095878864,0.0023436438122646057,137924870.9409853,0.008221732473848473,0.0012619161565808968,1.5924323862399023e-06,0.0012959768913663643,2386847.0347437034,62511.58285180718,3070.756771459171,1286.5386554681966,0.9847547161887565,0.0018919248999088349,-32.01442086631777,65.23615856244722,8.598511158512017e-06,2.306155296973846e-06,-242.90223683204215,121.58941973843977,1.5758888734572165e-06,0.3785716645272241,-0.07547014753051202,-0.6703741298772401,-0.957858261319508,1789623697.060648,Detector Aging + Temperature Drift,4,0.8,1
0.007768725966010561,1152478.4892883385,2239933.715742328,3754.3632378533043,0.9851667059130468,-29.789570318412927,64.54404088682563,5.206362101959408,596.6214704955115,595.6214704955115,0.00741664704347661,0.0003520789225339516,148348454.3451036,0.008219828133525344,0.001262562257492759,1.5940634540452118e-06,0.0012959768913663643,2378678.522505359,67623.84995124025,3200.7580706726194,1180.471256257864,0.9847694482666379,0.001893640902921647,-31.610980526429994,65.26953304979367,3.629326270272924e-07,1.689241073215297e-06,-1026.0303118877434,102.23537313496479,5.815748716417025e-06,0.32049716701499054,-0.11792443640957143,-0.6722383345714176,-0.9629681373313751,1789623698.060648,Detector Aging + Temperature Drift,4,0.8,1
0.008014022087808605,1210589.1769426968,2408131.318766273,3627.1151513725545,0.9851867134997789,-30.287027229307647,64.32023622476179,4.9711675335088215,663.9246944930878,662.9246944930877,0.007406643250110534,0.0006073788376980711,151058877.01311868,0.008133074318225747,0.0011975351924705874,1.4340905372055667e-06,0.0011344594159118431,2384413.9802282676,63683.22589353142,3326.339716639185,1044.297917207128,0.9848549960275205,0.0018619852786217286,-31.207938858641825,65.32329654281948,1.8093577880450484e-05,-7.584388931937759e-06,-1893.4948145204567,79.0391362721682,-7.54686009766931e-06,0.2451973903972213,0.04249611959768034,-0.6583831723836288,-0.9572312941145366,1789623699.060648,Detector Aging + Temperature Drift,4,0.8,1
0.008450238105275749,1218062.6067266937,2450520.0775577063,3809.0054121306753,0.9848943121340934,-29.851212626032478,68.77969837525595,4.905965233482622,643.349066859671,642.349066859671,0.0075528439329533015,0.0008973941723224473,144145359.16641438,0.008162244688509613,0.0011960227566222919,1.430470434358386e-06,0.0011344594159118431,2386326.3570738686,64909.983706583334,3458.8327875769555,872.9508006397393,0.9848828662890889,0.0018571443507909133,-30.798141205816222,65.5432694220135,1.6900288906599362e-05,-6.456520633354041e-06,-1100.3179234314746,55.19790114333115,-1.3758346517275254e-05,0.1688388662794635,0.007080579488683408,-0.6659545163441544,-0.959396357377953,1789623700.060648,Detector Aging + Temperature Drift,4,0.8,1
0.007710496984469092,1266894.2634602583,2516067.292348898,3714.4757757291673,0.9852237376487086,-29.989771650204837,65.6401750216997,4.80105777561134,677.3680713680205,676.3680713680204,0.007388131175645685,0.00032236580882340736,164307730.87806228,0.008138974884184408,0.00119892285702062,1.4374160170864863e-06,0.0011344594159118431,2388031.3670817125,67676.74366894981,3586.734375205115,634.119996038617,0.9848821140209878,0.0018570023082333323,-30.409084962798385,65.45902439311976,1.4030284140967561e-05,-1.0199041488328849e-05,968.4475606658607,28.13871554691082,-7.0150610377279935e-06,0.08712037390214554,0.027115163483224996,-0.668008929598275,-0.9684377528685866,1789623701.060648,Detector Aging + Temperature Drift,4,0.8,1
0.010703052375253564,1090623.8421865525,2287574.189207251,3717.4900696596746,0.9817259408386125,-29.996110776565942,65.89124552288641,5.18596351338371,615.3544855108845,614.3544855108844,0.009137029580693734,0.0015660227945598296,101898393.46280082,0.008251109893088512,0.001298279999037257,1.6855309559001804e-06,0.0012959768913663643,2382032.926933203,69640.51250509644,3715.2230685030463,80.41438974969121,0.984780892387934,0.0019547409767729207,-30.01498309157254,65.49489554174937,3.5305714435502195e-05,-1.7481226848632216e-06,536.1887925151001,-1.468925191907554,-4.2405290896879296e-05,-0.0034632826306140664,-0.07365909955897332,-0.7114827328008797,-0.9717429719508321,1789623702.060648,Detector Aging + Temperature Drift,4,0.8,1
0.00647421599212134,1250284.7153359877,2374068.652430344,3675.2111117679665,0.9866425925576923,-30.096981470094597,63.013307900094176,4.968557309409233,645.9679676165035,644.9679676165035,0.006678703721153867,-0.00020448772903252678,193117547.64708117,0.00825298819933654,0.0012956713029060455,1.6787641251742496e-06,0.0012959768913663643,2379004.2780811973,68260.91416795665,3713.679511823557,80.79634136010299,0.9847598697044532,0.001931643247529514,-30.02101069599838,65.4656344803347,6.651013164344681e-07,-3.3043643880459368e-06,1140.1918804615284,-1.8524967284789031,-1.3476936851870739e-06,-0.0035332734188104698,-0.0459804302516769,-0.7047070880945657,-0.9669750647065066,1789623703.060648,Detector Aging + Temperature Drift,4,0.8,1
0.007537962853727247,1233502.5660579698,2388522.603814268,3750.968135482328,0.9874405943362567,-29.80262263401199,61.097507061777776,4.932237037514304,636.7749651669951,635.7749651669952,0.006279702831871625,0.001258260021855622,163638716.45348424,0.008164363067940592,0.0012654200068742756,1.6012877937976917e-06,0.001271252054416222,2380689.549577577,67954.3279616412,3715.6912945159684,81.07313354583486,0.9849648299522248,0.0019333658016213453,-30.010434031605715,65.27081066055223,9.070896749857828e-06,-1.2337517086508986e-05,901.9187320025763,-1.6383534850668418,-1.0353588626203033e-06,-0.001977669094159942,-0.05326043755602688,-0.684880663665322,-0.9619609084455214,1789623704.060648,Detector Aging + Temperature Drift,4,0.8,1
0.006269360909555668,1306168.7908007475,2473132.351424801,3751.2178576883657,0.9873250538667236,-29.801662185980675,64.99282351226651,4.797326491974239,659.2878487065087,658.2878487065088,0.006337473066638177,-6.811215708250971e-05,208341617.2149069,0.008074846771245653,0.0013161354766776006,1.7322125929693748e-06,0.0013206201573107406,2387025.4511807067,68887.39220150124,3711.337600661454,75.96504800748635,0.9850504069174639,0.0019878269746600673,-30.01403428550611,65.089600375292,-4.9923782761171966e-06,-2.1183464519534193e-05,1095.6895205898206,0.1332731164924427,2.2959321260264632e-05,0.00293723756603486,-0.10284160812045741,-0.7070606943381754,-0.9622494354013751,1789623705.060648,Detector Aging + Temperature Drift,4,0.8,1
0.008018066967415222,1160151.3533155252,2316567.321723411,3628.650216467153,0.9852286599139649,-30.337864084546013,65.79093424025663,5.155338079400804,638.4102031137122,637.4102031137122,0.007385670043017545,0.0006323969243976768,144692150.61813363,0.008195014754301528,0.0011589294266759781,1.3431174160155113e-06,0.001271252054416222,2383663.4798743986,70180.8741446783,3703.7597091495427,74.36965199940299,0.9849446368975482,0.0019033861169686628,-30.04501932287592,65.11206914371883,-3.612629334451722e-05,-7.586622117003534e-06,581.218319141979,0.4376039907336595,5.2829768479597955e-05,0.004456000773104078,0.055782832027438466,-0.6763514114975623,-0.9616591177679582,1789623706.060648,Detector Aging + Temperature Drift,4,0.8,1
0.009547671834766283,1178512.068583168,2414371.4688032325,3683.4961870883412,0.984606341023686,-30.06449521498694,64.24305087811366,4.951994113791449,655.4564864940713,654.4564864940712,0.007696829488156975,0.0018508423466093073,123434496.80494982,0.008263690499665643,0.0011858674354358516,1.4062815744272039e-06,0.0014327695298707432,2385944.86288247,70214.99871717114,3703.228002207221,74.46504636497998,0.9848864957089671,0.0018905888541974913,-30.04204104915335,65.0113777437502,-2.7282593522762643e-05,2.1119468489632947e-06,601.4108157557141,0.18084760975242856,6.0859375742899645e-05,0.003336895955712605,0.04704270213437095,-0.6645975739219077,-0.9622771063167975,1789623707.060648,Detector Aging + Temperature Drift,4,0.8,1
0.008177459928243836,1145354.0502309233,2286715.8281303174,3759.56107858499,0.9841400847976308,-29.976635296802613,67.89066649418388,5.196957032573169,608.2401057814396,607.2401057814395,0.00792995760118459,0.00024750232705924614,140062325.01060948,0.008231959601451478,0.0011771048483284108,1.385575823958251e-06,0.001271252054416222,2378551.2456423035,70541.93132983672,3704.8406143241064,75.22709930209585,0.9848113319693478,0.001881393899426794,-30.040672899345818,65.07934794065457,-2.1008149188871238e-05,1.3790457032290412e-06,541.5644574865348,0.8610229724112762,6.529625466051821e-05,0.0042526614336503,0.04426268762040321,-0.687196656822525,-0.9634892105004731,1789623708.060648,Detector Aging + Temperature Drift,4,0.8,1
0.008939786021711587,1165771.2910524767,2332722.2163375793,3693.4543572810408,0.985757707151315,-30.23262367314676,67.89141846804364,5.052796421853981,631.5827923361228,630.5827923361228,0.007121146424342473,0.0018186395973691146,130402594.44926639,0.008197226662175807,0.0011423835765512914,1.30504023597412e-06,0.001271252054416222,2374254.331405787,69928.2533874424,3699.8452278998234,71.5826302492045,0.9848627321569406,0.0018889783659888188,-30.063553683902892,65.13109021582493,1.2871321735099575e-06,-1.0240877043061863e-06,734.4655299863867,1.8909030968846436,7.06457304923943e-05,0.0062814965382851865,-0.04612335668873217,-0.6821025745654979,-0.9616748509536573,1789623709.060648,Detector Aging + Temperature Drift,4,0.8,1
0.010361600528296103,1142032.2519039947,2372310.314893688,3639.3804688085606,0.983017821221281,-30.23832389177096,64.9037659232667,5.016443735625727,651.8445475062741,650.8445475062741,0.008491089389359496,0.001870511138936607,110217745.68371575,0.008385616239180237,0.001094428955843279,1.19777473938821e-06,0.001265030529479961,2374596.955300887,69896.89778043432,3697.8689847585315,72.53630210791832,0.9847800964291181,0.001922395675118393,-30.070245258154262,65.11211878515314,-4.187687729129905e-06,1.7317927250499426e-05,611.4246232863214,1.2221800535295295,5.582560599308258e-05,0.004593424565203873,-0.09454301796200147,-0.7574370495421406,-0.9625061687656287,1789623710.060648,Detector Aging + Temperature Drift,4,0.8,1
0.0074277675053424,1204555.9777949136,2321023.4417533185,3827.305212355947,0.9857575029600892,-29.65461071500244,66.98732373229835,5.0450818148158705,606.4380322374611,605.438032237461,0.007121248519955381,0.0003065189853870189,162169316.27552158,0.008313814358616665,0.001096030181516045,1.2012821587940946e-06,0.001271252054416222,2373643.019373776,70456.56733320776,3703.828917447417,76.68661416702221,0.9848673759381162,0.0019152440382307462,-30.048956799062566,65.13485719296129,-4.657385546656881e-06,1.080784571178661e-05,-180.35127085057948,2.2213551043354274,5.280200818529159e-05,0.007264281775968442,-0.12349042644975361,-0.7547922395449075,-0.9582501632992155,1789623711.060648,Detector Aging + Temperature Drift,4,0.8,1
0.008764958481670276,1186327.8808496154,2374433.4370919657,3700.2011937310185,0.9836844296185164,-29.99921553160388,62.532117226676824,4.992485181252887,641.7038730528478,640.7038730528479,0.008157785190741784,0.0006071732909284921,135348944.7018516,0.008319095975569879,0.001097871767226377,1.2053224172727684e-06,0.001271252054416222,2374227.5717484644,70400.05485111187,3705.9832535040714,75.7927164074491,0.9848344763385635,0.0019281739214795667,-30.036461140638288,64.98001936547591,2.6980587353011215e-06,1.1412800335834132e-05,-311.2890237883088,1.6130071725486599,3.827794038887649e-05,0.005096930005642756,-0.11223146836861696,-0.7563018756545498,-0.9584143642935941,1789623712.060648,Detector Aging + Temperature Drift,4,0.8,1
0.005906679245036612,1343165.2467599958,2536486.1212949962,3590.373142687061,0.9878022950688539,-30.43391481531929,64.60944899110376,4.7086878213269685,706.4686650916378,705.4686650916377,0.006098852465573068,-0.00019217322053645576,227397695.2259019,0.008258664237670785,0.0011840370010331581,1.4019436198155951e-06,0.001271252054416222,2384588.510086183,74346.44747457637,3703.01286864815,78.75243529025047,0.9848268115772001,0.0019159415346150079,-30.04827507772467,65.0830940767314,-2.8586636223257417e-05,6.824640997175652e-06,218.83311383075045,0.132332024663624,9.726756785070674e-05,0.00040707437952678906,-0.005453307847812528,-0.7819587155469362,-0.9624464824773986,1789623713.060648,Detector Aging + Temperature Drift,4,0.8,1
0.010473259676600162,1135902.1204190813,2354085.336058657,3747.174042571196,0.9822761384590537,-29.825991517216345,65.12159668346797,5.029994521457317,628.229516247224,627.229516247224,0.008861930770473148,0.0016113289061270141,108457362.41573061,0.008282691485106691,0.001222028993467734,1.4933548608757634e-06,0.001271252054416222,2385093.3735987796,74094.31359149629,3699.817893574595,75.19543773130606,0.9848921571047607,0.0017962351782843016,-30.060797491695197,65.11028772157178,7.99492574333097e-06,1.0140882801607514e-05,-493.9822648478883,1.7803291377260095,3.187977984234262e-05,0.0078123617280877015,-0.04747419897041822,-0.7887298919398908,-0.9643483883047577,1789623714.060648,Detector Aging + Temperature Drift,4,0.8,1
0.008169010539228376,1217078.5936045786,2438852.243443244,3820.756088109901,0.9824414505866024,-29.626861460741722,66.25422021899632,4.934385705653842,638.3166544006544,637.3166544006544,0.008779274706698814,-0.0006102641674704378,148987271.80728313,0.008208638693120185,0.0011694496259889765,1.3676124277257568e-06,0.001226995627943029,2385732.1006764737,74485.12951584677,3708.2713349500955,76.42685576689946,0.9849779723168952,0.0016169027490109769,-30.024847708000397,65.06673964980294,2.432195170383629e-05,1.4248218634344965e-06,380.1603858145638,1.992703304145457,-3.670299469434108e-05,0.007169839476571001,0.05027189339782421,-0.7374056982104926,-0.9659498797081303,1789623715.060648,Detector Aging + Temperature Drift,4,0.8,1
0.007539219765914376,1191729.3226986043,2355952.755498072,3564.7518067232163,0.9846908908655194,-30.53723637178846,64.34900854036587,5.0813893875712095,660.9023245474433,659.9023245474433,0.00765455456724029,-0.0001153348013259144,158070643.8730624,0.008203217264067494,0.0011722229536010622,1.374106652949198e-06,0.001226995627943029,2384648.499348754,74713.07387042117,3707.4475506399567,77.84522090782254,0.9850022145407802,0.0016078481561494595,-30.023957790433087,64.98206394209609,1.280386805920479e-05,-8.925055698226262e-07,78.3810027752222,-0.5613415457598372,-4.828434780742233e-05,-0.0029062680650280017,0.05751635113889283,-0.7457753982739721,-0.9645629008572011,1789623716.060648,Detector Aging + Temperature Drift,4,0.8,1
0.007512688802769526,1217254.0179271349,2374901.8351507857,3657.4169898196415,0.9864633175209112,-30.167001499826313,63.40849854662101,4.991918530670148,649.3385473303385,648.3385473303385,0.006768341239544395,0.0007443475632251308,162026412.89739016,0.008171394018155446,0.0011797142338404072,1.3917256735256591e-06,0.0012522696789007502,2382094.150993307,73906.65785267268,3703.1666737903565,77.53550274375371,0.9850610458188275,0.0016331269709974267,-30.03455289134289,64.83410884415034,7.480286050717565e-06,-4.947126146345279e-06,529.5322416760264,-0.4532485029813562,-3.489403308594981e-05,-0.00300833340282958,0.06653718593495453,-0.7495235932159988,-0.9702910421413506,1789623717.060648,Detector Aging + Temperature Drift,4,0.8,1
0.008370170679782662,1224378.400396253,2413530.6968931276,3794.5387229995504,0.9855945421136938,-29.829437930336,67.69957159670648,4.890622246863961,636.0537796766117,635.0537796766117,0.007202728943153103,0.0011674417366295594,146278785.37215742,0.008206657055313442,0.0011719275082555667,1.3734140846061013e-06,0.001226995627943029,2388069.504818031,70068.2300184073,3713.5769936640822,71.38931956947233,0.9850498264691342,0.001628453260434225,-30.00128695505521,64.96504861446539,2.4871548694339377e-06,-2.0215883011353953e-06,-359.75725489310275,-1.2986736789282338,-2.1829651530587562e-05,-0.0073802989938494025,0.017857355655022406,-0.7425900960079532,-0.9640035873712188,1789623718.060648,Detector Aging + Temperature Drift,4,0.8,1
0.0069560069457153305,1230941.5000292493,2413526.353765196,3730.8676829565475,0.9849654120138276,-29.880140755634244,63.70390205561508,4.993104942293701,646.907518267328,645.9075182673279,0.007517293993086205,-0.0005612870473708743,176960936.01336446,0.00814803318517993,0.0011961163287640473,1.4306942719359824e-06,0.0012522696789007502,2390720.7100397903,69726.52581553167,3715.1338717532185,71.32498394817895,0.9850161240815132,0.0016211162310551903,-29.995235015557178,64.94669727153725,-6.907841243305249e-06,-7.472170614814479e-06,-533.0037728873708,-1.3553799455880513,-1.5027409535059048e-05,-0.006563549264108018,-0.0006908577192314451,-0.7330685515139267,-0.9613626983240057,1789623719.060648,Detector Aging + Temperature Drift,4,0.8,1
0.009328665513347986,1150443.7000916917,2316061.0069521675,3693.0598313181463,0.9858427014107978,-30.027086348845614,63.0353466510708,5.07580681546792,627.1387718420763,626.1387718420763,0.007078649294601114,0.002250016218746872,123323501.99989177,0.008186169214326171,0.0012177562379215674,1.4829302549968888e-06,0.0012965261053739432,2385678.41502119,70382.22563134941,3713.2442418982246,71.25895481376295,0.9851320992058927,0.0015716350356839073,-30.00257004621381,64.96562615391555,6.262619319519937e-06,-3.756359976347339e-06,-708.1935391531508,-1.3074732594371472,-2.8125472759172277e-05,-0.005342317240113045,-0.009246954736261553,-0.7147822402517642,-0.9602647460214948,1789623720.060648,Detector Aging + Temperature Drift,4,0.8,1
0.01060675214600728,1210672.27854219,2512525.7899658796,3719.3262330113807,0.9827569873631895,-29.924839742286764,62.18312073589947,4.742039815265555,675.5325111482878,674.5325111482878,0.008621506318405248,0.001985245827602032,114141658.24530233,0.008313482190568534,0.0012953185120396313,1.6778500476325644e-06,0.00140182316798434,2389252.4898851127,74352.25231326182,3708.9007146796675,67.33856329850538,0.9850280316276835,0.0016379253275374732,-30.019176957068506,64.92191831284502,2.0984047022027894e-05,7.2281466006175835e-06,837.6603399563187,-0.10463008723712251,-4.778380595110453e-05,0.00030422401062182847,0.07365599883731666,-0.743675468021963,-0.9646123718427887,1789623721.060648,Detector Aging + Temperature Drift,4,0.8,1
0.009286336961353472,1179685.1716575434,2386840.068372595,3721.09718611515,0.981998296314236,-29.943723748547725,65.35731383314477,4.97077277981035,641.4344879996193,640.4344879996193,0.009000851842882018,0.0002854851184714534,127034499.88590612,0.008332567072696933,0.0013059531515400163,1.7055136340173008e-06,0.0017483741076262244,2386354.257496804,72964.69978685527,3710.8502876925154,66.95682356555592,0.9848252091679233,0.001685893060433379,-30.012598459560532,64.96961357285596,3.492157208194593e-05,6.3713420186284926e-06,1515.8257156389436,-0.35747581284353497,-5.534233165426364e-05,0.00011062287440999249,0.08846009705672908,-0.786804291548075,-0.9643486340991274,1789623722.060648,Detector Aging + Temperature Drift,4,0.8,1
0.00786130679394871,1229456.552086724,2400635.2107724003,3710.9075587974403,0.9859675609378578,-29.957532077620883,63.612530231254716,4.917725251159857,646.9132342252018,645.9132342252018,0.007016219531071122,0.0008450872628775891,156393406.88663948,0.008336270305814459,0.0013044794741011603,1.7016666983512396e-06,0.0017483741076262244,2392782.317298007,66581.72636188925,3709.1120605302804,66.36610464878001,0.9848572433689157,0.0016996302900213036,-30.019316929928845,64.93235314663315,2.4933066134329404e-05,3.837613903593598e-06,183.44448217660977,0.07818234511751283,-4.138257863440242e-05,0.002849209349944246,0.10393398826470895,-0.7876187395313643,-0.958526206208925,1789623723.060648,Detector Aging + Temperature Drift,4,0.8,1
0.008210774435162691,1153939.4017057724,2305401.122176994,3672.409658808298,0.9842483554880359,-30.10798269787768,63.95278697206518,5.161553123308168,627.7625146332667,626.7625146332667,0.007875822255982046,0.0003349521791806455,140539654.42821324,0.008344140399708622,0.0013031043595794793,1.6980809719550447e-06,0.0017483741076262244,2388673.109434436,68645.72785433636,3710.9238408277106,64.70023358254838,0.9848197090484458,0.001702299049203408,-30.01215514867165,64.91765517652527,2.0552160532869935e-05,2.4006555036480435e-06,-469.66115041161817,-1.0805781469703561,-4.370838084158365e-05,-0.000646346886448403,0.09609428570276964,-0.7837882695125917,-0.961431914677132,1789623724.060648,Detector Aging + Temperature Drift,4,0.8,1
0.00568263269724829,1207126.3160934686,2254776.7525351443,3709.7792487933716,0.9864785240836476,-30.020937220578837,65.81983797125365,5.192327268076492,607.792701754026,606.7927017540261,0.006760737958176222,-0.0010781052609279314,212423779.68190643,0.008233436183387524,0.0014031109042156784,1.9687202095289384e-06,0.0017736481585839455,2380843.376433533,72215.36339852244,3706.954794294218,61.52738832193314,0.9848830775264281,0.0017331043121929961,-30.0189441324535,64.79926076036517,-2.954625818784942e-06,-9.145526494239959e-06,-1087.1578405569899,-0.11032789887306325,-2.7650211198633456e-05,0.0008820130607999925,0.08862227043105968,-0.7848527916666599,-0.9655787032703462,1789623725.060648,Detector Aging + Temperature Drift,4,0.8,1
0.008620511301128552,1151125.3947657684,2296205.704836578,3668.385311712829,0.9855080863099027,-30.12380089250756,62.37887101136457,5.135831491624094,625.9445259212539,624.9445259212539,0.00724595684504864,0.0013745544560799117,133533308.47267368,0.008269836756053903,0.001400874611619059,1.9624496774788495e-06,0.0017736481585839455,2372048.9129330404,68504.28631285705,3705.111175733565,61.96339384923019,0.9848944514728758,0.0017362328924152108,-30.024305302145613,64.66880859995176,-4.611016721128996e-06,-5.263072973821044e-06,-516.1894961444693,-0.3911440775825468,-1.8474298128371084e-05,0.00020582932894147195,0.08571829916042865,-0.7779510542980871,-0.9675488292033935,1789623726.060648,Detector Aging + Temperature Drift,4,0.8,1
0.009854713275152482,1175877.9548021269,2413455.558638878,3708.993653348293,0.9816569183899342,-29.96497471568979,63.44430001806842,4.934627668898093,650.7036097136839,649.7036097136839,0.009171540805032907,0.0006831724701195745,119321376.68246187,0.008235903192049858,0.0013509071041206892,1.8249500039637466e-06,0.0017736481585839455,2377084.1677103057,66713.00253297205,3704.771319081109,61.9178499261271,0.9848916905749288,0.0017413165901395116,-30.023059859710564,64.57093077975905,3.435076887793144e-05,-9.978381194347087e-06,-978.7215422715551,-0.23151688341626317,-8.004432523662085e-05,0.0010354415366380138,0.09239544424192785,-0.7605638862850174,-0.9659486914457445,1789623727.060648,Detector Aging + Temperature Drift,4,0.8,1
0.0073870313692562745,1231114.324799525,2418944.6026881007,3682.088051056431,0.9861254021936489,-30.139208563309758,65.9615800302138,4.954021263567689,656.9491465566879,655.9491465566879,0.0069372989031755705,0.000449732466080704,166658873.26852837,0.008272415807135256,0.0013146476699667515,1.7282984961490089e-06,0.0017736481585839455,2378879.205720616,67209.6023859012,3705.046396652648,61.80107979217976,0.9848710029603671,0.0017233719720059373,-30.024748943439178,64.68886166496384,8.89815697593624e-06,-8.539912386766103e-06,-622.4726798915268,-0.7365029690831828,-5.114719815926218e-05,-0.0007759164465794955,0.0904280420255536,-0.7533770046336637,-0.9659963942855152,1789623728.060648,Detector Aging + Temperature Drift,4,0.8,1
0.011779546429457487,1090856.802887556,2300397.524338045,3660.4568864168655,0.9807506366953509,-30.155015384536355,63.397995122514416,5.0900442894664755,628.4454634267936,627.4454634267937,0.009624681652324552,0.0021548647771329355,92606010.71698445,0.008442079150164466,0.0014730697908217332,2.1699346086315845e-06,0.0018159767105784593,2375354.202541567,68901.08978015036,3701.42594669003,61.655839452436055,0.9846034046547308,0.0018202710879068821,-30.038844653460142,64.7808811873933,3.392714087867675e-05,5.783826173804265e-06,-1250.4849886402749,-0.6888810598859139,-6.34854345389757e-05,0.0002428871914106113,0.052406942639972524,-0.8070475814679996,-0.9664616373845392,1789623729.060648,Detector Aging + Temperature Drift,4,0.8,1
0.0066681372499688574,1220872.9692083276,2347719.4411829947,3729.9088541199535,0.9865606249236356,-29.951094178658963,65.93439286974301,5.054479158634012,629.4307804840242,628.4307804840242,0.006719687538182195,-5.155028821333778e-05,183090557.89366505,0.008458030203780994,0.00145145678027557,2.1067267850079237e-06,0.0018159767105784593,2370337.6861318946,66108.39040134287,3700.5735865472934,61.10644553043042,0.9845728274970073,0.001780276759610729,-30.044821933167277,64.81854396169236,-4.174889836909167e-06,5.8876839608230245e-06,-527.7936046562932,0.07195719560444035,-1.8202293783003038e-05,0.0034247162489854607,0.10188126524217461,-0.7994843406169162,-0.9640344787816127,1789623730.060648,Detector Aging + Temperature Drift,4,0.8,1
0.0072842829923383135,1254825.1855018495,2442998.45979048,3697.6353609811085,0.985994140562836,-30.00922309071958,62.876317418520706,4.880455772668148,660.6920967843268,659.6920967843267,0.007002929718582018,0.0002813532737562952,172264749.57407448,0.008428678844777918,0.0014673887955866493,2.153229877413237e-06,0.0019008980080055856,2375394.931654578,66635.40340375667,3703.332992327851,59.32798534699625,0.9846034467229622,0.0017977898627733213,-30.031676293414222,64.70195928882293,-1.9409111844653158e-05,4.19112761663991e-06,-394.78241496957764,-0.674398587346355,1.4758433019148074e-06,0.0008228994347153017,0.08329713879331622,-0.8036800135449752,-0.9674413162239394,1789623731.060648,Detector Aging + Temperature Drift,4,0.8,1
0.007773184026119689,1248632.904389771,2491766.962976479,3685.343537163666,0.9858881850347571,-30.057261612552843,64.74865782706993,4.858423318057618,676.1288161738664,675.1288161738664,0.007055907482621471,0.000717276543498218,160633390.4091395,0.008357699332432052,0.0014544046589811818,2.1152929120661677e-06,0.0018585694560110718,2378490.7514215074,70082.97978673194,3703.406886330864,59.30437801047642,0.984654720483405,0.0018153349989170726,-30.031386949316857,64.72218356678117,-1.426990334776853e-05,-1.039790716659934e-06,1069.1863225652933,-1.0388231489493172,1.336390918726103e-05,0.0002585380423238676,0.09143726657293676,-0.8144471546418321,-0.9652482952569198,1789623732.060648,Detector Aging + Temperature Drift,4,0.8,1
0.005915122589046705,1297916.0419912226,2436837.6992702507,3663.280129855185,0.98605527266948,-30.143892430502383,62.691009790423465,4.856640912579159,665.2064851416599,664.2064851416599,0.006972363665259995,-0.0010572410762132904,219423354.70690522,0.008267205838864167,0.0015311602254069433,2.344451635868241e-06,0.0018993055920971972,2384495.626267105,68372.76303472456,3699.5556483816717,58.65536419262937,0.9847313279982789,0.0018323319318376723,-30.038077234664847,64.51419729863076,-3.8619159636284684e-05,-7.228096231235656e-06,690.0243005648703,-0.84768205541433,2.1145726354827588e-05,-0.00023245756655396231,0.12132240708603143,-0.8140684058314015,-0.9639602806518288,1789623733.060648,Detector Aging + Temperature Drift,4,0.8,1
0.007223823024332982,1267027.4307762065,2486623.396042644,3796.8623241395408,0.9870012747749068,-29.627175835786836,64.76315008245886,4.843947958187765,654.9153442391862,653.9153442391862,0.0064993626125465775,0.0007244604117864041,175395690.96699995,0.008198567318969022,0.0015379179865216619,2.3651917332668427e-06,0.002002053969015158,2390651.6734553073,70334.35592484668,3703.691967056012,61.64898338295927,0.9847810707032225,0.00187588222974,-30.013859321170447,64.38906656320736,-4.152458378809837e-05,-9.988158857607863e-06,1115.0080761207482,-0.01047949788646852,5.2362872746369434e-05,0.0016150140382700494,0.08320053699465152,-0.8329011933642771,-0.9644725028854478,1789623734.060648,Detector Aging + Temperature Drift,4,0.8,1
0.0084909241721018,1133205.9848546989,2287732.5297867074,3817.081676508946,0.985715858250262,-29.65441644599357,66.44506056170627,5.215446056249324,599.3407329651479,598.3407329651479,0.007142070874869011,0.0013488532972327893,133460853.24587122,0.008123740264721251,0.0014750806892561235,2.17586303981632e-06,0.0014806754893319628,2387268.562051028,73114.38961362485,3710.8000153640273,64.02283262651586,0.984888992184382,0.0018487504576497104,-29.99050302333935,64.45071834874494,-1.7195573050525022e-05,-1.4381103382096815e-05,-18.428374128674445,0.3930797607430266,4.335918605347066e-05,0.0026883025646669105,0.16277014966997677,-0.8182138311534048,-0.9633004412267713,1789623735.060648,Detector Aging + Temperature Drift,4,0.8,1
0.008898304086756034,1168104.9714978565,2344924.618211982,3716.682105499961,0.9845497513391911,-29.935099735646972,63.632753380145175,5.047811387076682,630.918801137701,629.918801137701,0.007725124330404454,0.0011731797563515802,131272763.90075594,0.008182561727977797,0.0014754748105545506,2.177025916580987e-06,0.0016140210944177204,2388224.6091093747,72394.63852564368,3706.375091089788,59.47931291650705,0.9848406821195459,0.0018411885638458102,-30.001722584165137,64.31653553465883,-1.7005480748607858e-05,-7.045645395999009e-06,-1071.7467510046583,1.612427947301608,4.891283985493758e-05,0.006558640611350325,0.2090065152234775,-0.8152776294374773,-0.9664544020834402,1789623736.060648,Detector Aging + Temperature Drift,4,0.8,1
0.006795806665638396,1229955.285696906,2373114.0193350012,3753.1407878857735,0.9869782774669724,-29.979105902228007,67.57887386452526,5.0109193906570075,632.3008257496858,631.3008257496858,0.00651086126651379,0.00028494539912460575,180987386.2239082,0.008103795655336522,0.0014947166846429971,2.234177967350153e-06,0.0016744810624230522,2388171.832399096,72405.15342008529,3708.4926748559783,60.16029454334168,0.984972436033484,0.0018713396257031083,-30.0009181989901,64.51840580017277,-2.398232917173908e-05,-1.2675806524607904e-05,-1349.1408383268097,1.9823723287537807,5.708196420550264e-05,0.006792480508690204,0.20226716992686689,-0.8208666777952541,-0.9667369118259197,1789623737.060648,Detector Aging + Temperature Drift,4,0.8,1
0.006046009686344255,1214319.017111265,2299471.743830136,3701.290720743412,0.9882693313817646,-30.07022669395598,66.04603117319903,5.133708630152581,621.2621264638954,620.2621264638954,0.005865334309117676,0.0001806753772265789,200846356.5405745,0.008109368872988826,0.0014867526389907787,2.210433409546045e-06,0.0016744810624230522,2378691.2573005017,67730.702302898,3712.9293779782324,55.168491691145896,0.9849911174860005,0.001901583463631435,-29.986370674135568,64.57586908745657,-6.494844068082064e-05,-7.841158932474027e-06,-684.7679976966695,0.7346974306409189,0.00011581343469717338,0.0018227436226363161,0.10873275311851388,-0.820194101113301,-0.9617663039105415,1789623738.060648,Detector Aging + Temperature Drift,4,0.8,1
0.010138025982834049,1173238.684658975,2411939.6413652576,3749.1174516154097,0.9811275843564864,-29.80974247940639,61.07474947844618,4.91941606497838,643.3353109079064,642.3353109079064,0.009436207821756804,0.0007018181610772452,115726541.50280648,0.008095959525238183,0.001466748920727757,2.15135239645604e-06,0.0016744810624230522,2381005.4295127653,67838.72632004587,3713.007114340001,55.218037065378375,0.9849451753218977,0.001978923968159914,-29.98572071262317,64.41399519925571,-2.2583467015366795e-05,-4.908153512430591e-06,-623.9190495173673,1.4111878332214256,5.3000261693727256e-05,0.005056949297020966,0.10693846823720542,-0.8186671594044239,-0.9616370185993492,1789623739.060648,Detector Aging + Temperature Drift,4,0.8,1
0.008687466400913894,1122164.8092384653,2225582.0334422663,3753.364554196758,0.9840514660952523,-29.84665182102085,65.73947303818872,5.240442341995892,592.9565330801057,591.9565330801058,0.007974266952373854,0.0007131994485400396,129170549.55405837,0.008116697759705603,0.0014712933356133575,2.16470407942028e-06,0.0016744810624230522,2372474.6211127266,73223.80230044806,3710.311452983475,51.405450015902375,0.9850095759422439,0.0019217689187629357,-29.994512327034332,64.39340531202339,-1.639289340768907e-05,-1.0215433985225782e-06,-1480.1284124018073,2.861207784982805,1.971339071019711e-05,0.009929254661395314,0.12304386858459249,-0.8457745954399618,-0.9681413310186553,1789623740.060648,Detector Aging + Temperature Drift,4,0.8,1
0.01219124255497966,1154890.9315798925,2455958.9758885195,3680.6844133620366,0.97871555743324,-30.099597923769444,65.33417870492448,4.806725778002943,667.256058947249,666.256058947249,0.010642221283379993,0.0015490212715996658,94731191.3754159,0.008302778671268217,0.0016675776899405849,2.7808153519875777e-06,0.00206251393702049,2376474.8699283446,74923.89372360411,3714.948757249028,42.52789360853496,0.9847705626049525,0.0022839861545689063,-29.977006789113574,64.43281211860574,1.544350938000532e-05,1.7003152599202347e-05,-874.7222552333388,1.1321309566438633,-4.1572092447852766e-05,0.0035319933209145824,-0.002535203317728523,-0.8874655356541564,-0.9693463859630227,1789623741.060648,Detector Aging + Temperature Drift,4,0.8,1
0.010887922868839767,1164242.0960223703,2479184.5398893603,3731.053616744219,0.9827080320970901,-29.87942178328734,64.71280720083428,4.886679173669128,664.4730402059295,663.4730402059296,0.008645983951454939,0.0022419389173848284,106929678.87881756,0.008437788033911025,0.001733475400709137,3.0049369648637035e-06,0.002104842489015004,2380646.1781178876,77576.16975139563,3717.894222326011,40.9624762397438,0.9846203511879998,0.0022911948411459843,-29.96550360045201,64.48498446477427,3.140548021106352e-05,2.7784299251113022e-05,57.636658169682356,0.7054735238440739,-4.36832864377688e-05,0.0025328308829524106,0.008079359692236462,-0.8861660173279906,-0.9657996405176228,1789623742.060648,Detector Aging + Temperature Drift,4,0.8,1
0.007858203852361257,1205861.284698708,2358150.7217795616,3771.282180884635,0.9849190037289398,-29.869433443939045,67.01650612360469,5.002069741332119,625.2915079471478,624.2915079471477,0.007540498135530094,0.0003177057168311636,153452532.8375602,0.008417309360814168,0.001737173398797262,3.0177714174888313e-06,0.002104842489015004,2378430.979113345,77396.00226044779,3716.963960641415,39.44736820514386,0.9845933296526097,0.0022835169042377053,-29.967103420996136,64.4576618458502,2.537929884008974e-05,2.30624574518442e-05,178.83147972215397,1.964730455736,-3.118458449523025e-05,0.004780289028847679,0.00016890506188845618,-0.8884735099037014,-0.9666756109073181,1789623743.060648,Detector Aging + Temperature Drift,4,0.8,1
0.009116180837005763,1217919.5434430817,2480771.3627327625,3621.3932383336723,0.9837589451654803,-30.309804266558466,64.37042775824646,4.847482596469259,685.0323064816487,684.0323064816488,0.008120527417259826,0.0009956534197459368,133599756.87396643,0.008503716316465786,0.001715932958823937,2.9444259191782715e-06,0.002044382521009672,2381120.7794720475,79703.07956300177,3712.584982856499,43.52628390524171,0.9845450709786759,0.0022878878119092293,-29.984289961433102,64.48432287395546,1.7217396007793003e-05,2.935314423712687e-05,1474.4656904199082,1.2215763960466361,-3.5165771533476504e-05,0.002486523261891258,-0.0114810248764878,-0.8970922668714221,-0.9711539050132805,1789623744.060648,Detector Aging + Temperature Drift,4,0.8,1
0.00692643023307376,1303646.207271571,2500464.8263353435,3761.390649651375,0.9866306161427857,-29.789130782893686,65.36825514862585,4.746886445650294,664.7713729407765,663.7713729407765,0.006684691928607156,0.00024173830446660386,188213287.85593623,0.008407626905254817,0.001734210008242492,3.007484352688424e-06,0.00206251393702049,2388496.932247374,81844.86766386779,3715.318215589829,44.35197055569271,0.9845765875679554,0.0023108577412315778,-29.97477173879503,64.57763921385765,1.0907324129919376e-05,1.8710461021684863e-05,1925.5053208823037,1.47683872800042,-2.9382810820122173e-06,0.0038600287281300404,-0.04811522015846978,-0.9215769711224647,-0.9725466752188935,1789623745.060648,Detector Aging + Temperature Drift,4,0.8,1
0.006589750583708621,1232428.6699322346,2352267.151980962,3743.7813277247883,0.986559238221515,-29.830291004090206,63.129248830377115,5.0206482934999395,628.3131801959458,627.3131801959457,0.006720380889242483,-0.0001306303055338626,187022051.0286204,0.00824694684276287,0.0017089198840328818,2.920407170042958e-06,0.0021897506039320032,2382086.5867279777,78068.35088872952,3716.2964193783646,44.69791708202251,0.9847286776022882,0.002311218395137413,-29.970989789267165,64.61548433763676,1.6118179723171435e-05,1.8802374063716418e-06,2831.365157146626,1.7796553219232643,-2.8328924814273567e-06,0.005693017013564886,-0.10117453618410745,-0.9248583088420022,-0.9694986879345879,1789623746.060648,Detector Aging + Temperature Drift,4,0.8,1
0.010651035485940293,1183116.748775245,2462283.389885153,3813.684366301521,0.9834050881382562,-29.664837553806237,66.41120284406395,4.837934735164904,645.644251958128,644.644251958128,0.008297455930871889,0.002353579555068404,111079974.36840735,0.008301534783746343,0.0017622144427303329,3.1053997421673776e-06,0.0021897506039320032,2385104.31958848,79636.15990756861,3719.9999065858196,48.60702179481312,0.9847849492752491,0.00226062828711174,-29.959834341477507,64.65763989807353,4.870366838456133e-05,4.022944356092069e-06,3619.1781565821116,2.7266286531971766,-4.235445426070965e-05,0.008791698055783254,0.001513259324991541,-0.9211852241206424,-0.9707313555031455,1789623747.060648,Detector Aging + Temperature Drift,4,0.8,1
0.008826168573333973,1212454.0812190084,2404993.2300687823,3718.375938755724,0.9818637420040747,-30.055844672002564,66.77281816567263,4.892659445136411,646.785927426575,645.785927426575,0.009068128997962666,-0.00024196042462869272,137370374.37536946,0.008340129254921754,0.0017627160310637391,3.107167806169101e-06,0.0021897506039320032,2385278.6403603354,79674.7261323025,3720.2986417841503,48.57316115275028,0.9846207965178979,0.0023170864005920707,-29.96376684525277,64.78405141545025,4.914416192893237e-05,3.0249304448518246e-06,3958.07701131641,2.6207147030355764,-5.749332783008086e-05,0.007928471489502802,-0.004590460897614429,-0.9068431871442262,-0.9691152362697031,1789623748.060648,Detector Aging + Temperature Drift,4,0.8,1
0.011253715046912997,1114132.5068672453,2359039.8294705674,3670.769002202074,0.9799686616290493,-30.114429407942232,64.39974307841867,5.044976445338666,642.6554839205062,641.6554839205062,0.010015669185475362,0.0012380458614376349,99001307.76572867,0.008461846879391766,0.0018523613594486395,3.431242605978412e-06,0.002928283042078722,2387424.188652078,78203.45835202154,3720.2330155199015,48.63888257177838,0.9844496087635384,0.002489925703449559,-29.964024713655352,64.80192965970438,7.474525181126092e-05,8.800091565616597e-06,2917.097421269755,1.6846282002117194,-0.0001041605217180718,0.005095581615351037,-0.06243118513389827,-0.9165054690701178,-0.9691144808618807,1789623749.060648,Detector Aging + Temperature Drift,4,0.8,1
0.0063215681279061705,1234137.6630804418,2360557.5385883455,3672.6573667893053,0.9883532795352673,-30.107009617374324,62.9523282899379,5.038648623920572,642.7382962358893,641.7382962358893,0.005823360232366348,0.0004982078955398225,195226506.79542905,0.008487404296618081,0.0018179273612981526,3.304859890956464e-06,0.002928283042078722,2391655.4200942065,73640.59044976183,3718.7481402397393,49.49446926443585,0.9845245989816033,0.0025766242257280075,-29.96746760952717,64.68722927245176,2.7196690745343738e-05,6.344675715183026e-06,1342.6232133582664,1.1409306985101388,-4.783748447025167e-05,0.003206595896402674,-0.04367019770070703,-0.9260462706335376,-0.965542610390228,1789623750.060648,Detector Aging + Temperature Drift,4,0.8,1
0.011014995089762414,1165972.7717014484,2440809.9580312236,3781.819295190647,0.981831313595947,-29.71616355410916,65.44014881784999,4.869083514928507,645.4062892786046,644.4062892786046,0.009084343202026501,0.0019306518877359128,105853226.64239132,0.008583183648163436,0.0018842839797895501,3.5505261164915455e-06,0.003211595749760289,2397439.590221992,71566.05868708964,3723.2854995788525,49.86759570683522,0.9843775280730449,0.002620844158322056,-29.95116211599124,64.80968038471117,5.185936811178074e-05,1.1779586064631582e-05,841.8602571236819,1.219497689710956,-6.286370705485177e-05,0.003962992808918976,0.03335632754261916,-0.9317076656854665,-0.9632905044259991,1789623751.060648,Detector Aging + Temperature Drift,4,0.8,1
0.006747663998770339,1173045.2139558713,2256198.048807149,3661.5983474804307,0.9843490755610197,-30.253427240109687,66.43173575997204,5.2206593641442085,616.178464893522,615.178464893522,0.007825462219490154,-0.0010777982207198144,173844639.29585725,0.008458901677108149,0.00189872954888316,3.605173899802049e-06,0.003342219317195653,2391149.2898287233,76614.87680628877,3721.389687344137,51.25646215029389,0.9844852143598886,0.002561482279021447,-29.96270021696803,64.92917781438732,4.763140607958109e-05,-5.034651437877292e-06,-301.7481333060122,0.507159361881474,-9.033244245850025e-05,0.0010347272046862398,0.09236261965937885,-0.9144147456942083,-0.9680339234615415,1789623752.060648,Detector Aging + Temperature Drift,4,0.8,1
0.007167241269510096,1220559.5264248375,2384033.3177361484,3697.42477090127,0.986768963683583,-30.010044766969692,62.28268393017569,5.010960122674228,644.7821025321431,643.782102532143,0.006615518158208489,0.0005517231113016073,170296977.6693825,0.008450110073118303,0.001904173267738367,3.6258758335694105e-06,0.003342219317195653,2389752.838430645,76413.42537283927,3722.003156137931,50.872748229405204,0.9845109568194859,0.00258099604518356,-29.957533665114433,64.78202197038578,2.4989683854003377e-05,-9.392346989243368e-06,-89.48090095138608,-0.10707161431436571,-5.284980113294471e-05,-0.0011673828741309003,0.07908620882425291,-0.9145604404691974,-0.9682515807756291,1789623753.060648,Detector Aging + Temperature Drift,4,0.8,1
0.0056750708075181235,1290942.7268587025,2426359.3917606,3731.359588104433,0.9886893974190669,-30.066089229378903,67.6211889061201,4.901750666499883,650.2614756015016,649.2614756015016,0.005655301290466541,1.9769517051582315e-05,227476056.3601267,0.008205931048240727,0.0018522635601791752,3.4308802963676328e-06,0.002368516838235424,2394791.313127547,74483.9046609643,3724.839264205434,49.31507866306735,0.9848285072484344,0.0025871754186096284,-29.953976618908133,64.95094972173003,3.266830035031664e-05,-3.576993317086028e-05,-645.127395754723,-0.6361672472188512,-5.18827814550822e-05,-0.004144251430791401,0.2009587202490494,-0.914048813517039,-0.9692001760424124,1789623754.060648,Detector Aging + Temperature Drift,4,0.8,1
0.009479153187589337,1153675.914362849,2355681.37419285,3664.2756241683796,0.9860564441799322,-30.1399724474523,63.259175045657955,5.050338608285694,642.8777788045026,641.8777788045026,0.006971777910033894,0.002507375277555443,121706643.14965488,0.008318371685745547,0.0018407848308289875,3.388488793410104e-06,0.0026833465219509413,2395109.7904479415,74298.74611017651,3722.2139350073708,50.702808405962855,0.9848083400186863,0.0025755336977375904,-29.96153174965987,64.84394100876662,2.9043182115431245e-05,-2.788733449724237e-05,-1476.8609361359102,-1.1445203330310778,-2.3226802258474477e-05,-0.0058323115994766105,0.17303888851911925,-0.8877637153889579,-0.9689230153023595,1789623755.060648,Detector Aging + Temperature Drift,4,0.8,1
0.0076704153815970195,1203641.007472137,2337325.401730954,3747.5055033158915,0.984603514236354,-29.81594673929169,64.92432569969279,5.026728255678268,623.7016595873781,622.7016595873781,0.007698242881823025,-2.7827500226005816e-05,156919925.13989937,0.008333816981315896,0.0018336495177936742,3.362270554104974e-06,0.0026833465219509413,2390882.86812556,74459.82298088615,3724.208740700762,50.67758691523301,0.9847527149656271,0.002564315290380281,-29.953800695602755,64.92586134001351,1.2721160066141726e-05,-2.841263647989339e-05,-1531.368600098098,-1.156845442753511,-1.3259496346198411e-05,-0.004965363375905931,0.15459701060635206,-0.8833740848313366,-0.966733131730531,1789623756.060648,Detector Aging + Temperature Drift,4,0.8,1
0.007359603857854769,1154720.8069491826,2237272.3871742245,3718.186006443637,0.9891077040550502,-29.975325626692275,65.6395804424163,5.234325817037881,601.710722190073,600.710722190073,0.005446147972474891,0.0019134558853798785,156899858.9124835,0.008317273774585299,0.0018404858468336336,3.387388152394917e-06,0.0026833465219509413,2380703.08509347,77313.52033333453,3725.522439471961,50.07517131640817,0.9848814957264388,0.0026955878638558733,-29.950523256168335,64.96149824462735,-1.8779060100768998e-06,-3.0534842640147514e-05,-1940.4705526781647,-1.6010919481902448,3.8295103632086485e-05,-0.006198664217002429,0.15075487938193433,-0.8658782692419583,-0.9741681230714712,1789623757.060648,Detector Aging + Temperature Drift,4,0.8,1
0.00945389038862622,1168240.8747949868,2373978.71648533,3704.168165185769,0.9830453247973207,-29.983756738787683,64.36247575833805,4.998221680654064,640.893882409972,639.893882409972,0.008477337601339674,0.0009765527872865453,123572500.50206561,0.008458824486568478,0.0017855571199760444,3.188214228697146e-06,0.002552722954515577,2378188.725782073,76464.52322850257,3727.157960885184,48.663372766680354,0.9847610978115523,0.0027076648848435797,-29.94411782849974,65.02835688334393,-1.5407572197392807e-05,-1.6023398090687004e-05,-1441.1955057547295,-2.420631422384395,3.3083602947564e-05,-0.008439126569137,0.09338201116138387,-0.8789482612128839,-0.9744265756541918,1789623758.060648,Detector Aging + Temperature Drift,4,0.8,1
0.009728752114619111,1125074.757635967,2291273.4262714284,3741.2248122264696,0.9840663581597507,-30.051924357635762,67.95752421363869,5.1371658916501435,612.4393858352101,611.4393858352101,0.007966820920124629,0.0017619311944944826,115644303.02889003,0.008559021650179924,0.0017837248273912282,3.181674259851867e-06,0.0028023218815453515,2370374.7269912246,74950.73314143819,3724.932460408662,46.65552613202841,0.9846437011469462,0.0026713737975094325,-29.9611077693737,65.15613184859113,-1.6035177945434254e-05,-4.823539280748954e-06,-1159.1438755549748,-1.593739931305891,4.907239117986406e-05,-0.006264843834032759,0.1392057418641739,-0.8735171921447632,-0.9759501474506491,1789623759.060648,Detector Aging + Temperature Drift,4,0.8,1
0.009219605285975523,1202899.590485282,2432588.6837335154,3698.635818593205,0.9852362819369168,-30.005320163935664,64.61495848004772,4.892187422507366,657.698893063433,656.698893063433,0.007381859031541593,0.00183774625443393,130471918.60969172,0.008588168894734873,0.0017883215697746125,3.1980940369211342e-06,0.0028023218815453515,2376168.973149097,73930.18907111435,3720.1946260920317,42.921934466651095,0.9846245180944123,0.0026653208478630702,-29.97514391809138,65.08292776532478,-1.0618457626563823e-05,-7.197651415269076e-07,-1411.2831699790017,-0.9149860024457208,6.526393873583002e-05,-0.0036060450115726838,0.14974094515638525,-0.8692354920888535,-0.9792286479697252,1789623760.060648,Detector Aging + Temperature Drift,4,0.8,1
0.006993797788202645,1254610.729493743,2443649.1856442075,3779.8433678469764,0.9868514894093644,-29.691988186000962,62.99648866527097,4.9071608625282,646.4948273864919,645.4948273864919,0.006574255295317799,0.00041954249288484596,179389048.33795157,0.008511988642792739,0.0018138699020756033,3.2901240216557584e-06,0.0028023218815453515,2380117.955846386,74787.52012378255,3722.721076585912,44.47173135760509,0.9847165876172191,0.002700668597184955,-29.965419456105543,65.05747717672983,-2.223437745895741e-05,-6.493082474799882e-06,-1100.832450164517,-0.39950743832078844,8.507292947548424e-05,-0.0005918579678323966,0.07996508754605101,-0.8731469903475111,-0.9783228471007973,1789623761.060648,Detector Aging + Temperature Drift,4,0.8,1
0.006901785082732504,1267160.5463972255,2459454.4225714295,3689.856608394538,0.9886947377535716,-30.039605179728945,63.36044560650306,4.872143596892135,666.5447153084742,665.5447153084742,0.00565263112321418,0.0012491539595183235,183598957.54614553,0.008516227779476504,0.0018099737700919274,3.276005048420785e-06,0.0028023218815453515,2383571.571975843,76361.34162602089,3720.189709406263,44.46926632520699,0.9847852460286832,0.0027780054707634335,-29.967839427205575,64.88874004640893,-5.425961470797991e-05,-2.3881421108160173e-06,-438.53519935488595,-0.3986746470887126,0.00014441121384703906,-0.001413513724042298,0.09261611569542744,-0.8708049075351312,-0.9785817460262511,1789623762.060648,Detector Aging + Temperature Drift,4,0.8,1
0.009238613268251455,1182109.5753905857,2382980.9330578204,3714.4575467571394,0.9830698365220815,-29.943737333949485,63.34732051566741,4.966083426799387,641.5421102707855,640.5421102707855,0.008465081738959268,0.0007735315292921874,127953139.83462341,0.008643931922752791,0.0017425530795017533,3.0364912348810433e-06,0.0027349543264164663,2386911.9395449506,74411.01497652674,3720.7163824468125,44.320037225354895,0.9845772662342958,0.0027030001779188755,-29.96277985280532,64.78079162010766,-7.229362189676437e-05,1.6064105384706767e-05,-1284.9855323629356,-0.6405768043245202,0.00016341751808614594,-0.002214905530720826,0.06195839109103533,-0.8613915256602189,-0.9771366007357815,1789623763.060648,Detector Aging + Temperature Drift,4,0.8,1
0.006378142692069243,1247731.3766321556,2403251.4526324826,3755.419472992549,0.9882669477461294,-29.78551207793881,62.484745101250375,4.986109091374677,639.9422141562856,638.9422141562856,0.005866526126935279,0.0005116165651339643,195626130.81447974,0.008493536591122198,0.001769161335267427,3.1299318302052254e-06,0.002552722954515577,2386564.4119956396,74313.53932911965,3720.968463301898,44.498421381433175,0.9848628407698815,0.0027005915889822484,-29.96181063674662,64.83719144501984,-7.826765880995376e-05,8.806647290288047e-06,-883.8822395057224,-0.03622989221636055,0.00016297929787882325,0.0009517861251131767,-0.024628163400047726,-0.8670435249996354,-0.9754332795312968,1789623764.060648,Detector Aging + Temperature Drift,4,0.8,1
0.007696677347325799,1201275.8513325101,2344180.132799634,3757.1635070388047,0.9860042120141357,-29.77881369118804,64.20367119185502,5.032930505457987,623.922841901334,622.922841901334,0.006997893992932158,0.0006987833543936409,156077200.21547896,0.008453905028978673,0.0017754594348560054,3.1522562048192065e-06,0.002552722954515577,2391308.3359699342,67344.20056454203,3721.1204214155796,44.61512516630675,0.984940950606637,0.0027042318247640935,-29.959097111553305,64.77575937116649,-8.368398450092666e-05,1.280126173588386e-05,-2884.9455253102765,0.6218391127652295,0.00016540128569487636,0.0037925768567576984,-0.04631610302987599,-0.8684264786505416,-0.9703112589829647,1789623765.060648,Detector Aging + Temperature Drift,4,0.8,1
0.008077552015167773,1189492.1868975626,2316430.93858001,3618.0493000090696,0.984620985327437,-30.323132042987353,64.6723881342551,5.0417528229921365,640.2430554426672,639.2430554426672,0.007689507336281487,0.0003880446788862863,147258994.39136654,0.008289357407386198,0.001603788725910443,2.5721382773574417e-06,0.0025274601555524594,2385727.214477594,67536.42875134309,3718.615016881461,48.412557818743764,0.9851771677224047,0.002389758469165016,-29.968038476322022,64.74928774833971,-4.978463706070972e-05,3.3507003048058542e-06,-2929.615102031415,-0.7339467038302931,0.00010019382830675494,-0.0009727537094103083,0.03839857034249268,-0.8336737490844183,-0.968597477648428,1789623766.060648,Detector Aging + Temperature Drift,4,0.8,1
0.007395432352631158,1198381.8885645224,2337583.467990803,3691.449220425178,0.9868139618159281,-30.033379578005878,64.11245763674351,5.070144845150956,633.2427532950222,632.2427532950223,0.006593019092035968,0.0008024132605951905,162043519.7596203,0.008149657786737855,0.00152134304980518,2.3144846751905265e-06,0.0023121830351776956,2380063.1716016512,65363.82618001542,3717.030841028699,48.62711805816864,0.9853414049111584,0.0023552643701954252,-29.974196788110763,64.72527376577608,-3.2050598336220576e-05,-6.193454569578653e-06,-2439.4456616379725,-0.8603219032607086,9.061134060920804e-05,-0.0006897354099914292,0.012450185450459587,-0.8300284611187171,-0.9748386002250875,1789623767.060648,Detector Aging + Temperature Drift,4,0.8,1
0.010105042811154102,1124190.2110743062,2312538.473575023,3623.4437451416566,0.9825376738546433,-30.311601884611633,65.13818002598907,5.107288341765026,638.2156413151698,637.2156413151697,0.00873116307267835,0.0013738797384757525,111250415.46913663,0.008239531345089568,0.0015671473531910253,2.4559508266136364e-06,0.0025274601555524594,2378238.68167347,66575.35718904184,3711.11730359898,50.61857516096865,0.9852461517161865,0.0024177461582020536,-29.991883525737663,64.65014072187147,-1.6915429762298106e-05,4.855489623752092e-06,-3281.8750647200586,-1.1816893898125131,6.0506734419192554e-05,-0.0027566105513592183,-0.0673775615174073,-0.8418626324759775,-0.9765560734321811,1789623768.060648,Detector Aging + Temperature Drift,4,0.8,1
0.0076977024089647,1134233.6560771987,2215210.692057887,3681.1318360518817,0.9872411607677609,-30.119963268837196,65.64156071381318,5.281829200649177,601.7743429786431,600.7743429786431,0.0063794196161195416,0.001318282792845158,147347038.87179074,0.008182792207967925,0.001560042969762737,2.4337340675061396e-06,0.0025274601555524594,2367616.2548464746,70441.81444049635,3713.506847507708,47.649544030203344,0.9853854403402775,0.0024283381717453614,-29.984289885828815,64.70098604009412,-1.3150432715058017e-05,8.259045142869599e-07,-3761.4220044248223,-2.355718973669577,6.405013708051159e-05,-0.007118092511255195,-0.02047481516941105,-0.8375689187873769,-0.9814039851001692,1789623769.060648,Detector Aging + Temperature Drift,4,0.8,1
0.010294499513310181,1147972.0916672237,2363684.7221370125,3664.6700195916874,0.9812612546171245,-30.138419721181535,64.0349163772207,4.999898709221263,644.99251214994,643.99251214994,0.009369372691437727,0.0009251268218724538,111513152.25989991,0.008317514979177383,0.0015908545928785634,2.5308183356828196e-06,0.002485355399386692,2362145.050678542,65013.7193731801,3709.6380223053216,47.53102489917789,0.9851706658792513,0.002543429969793299,-29.99826144336033,64.64765248923791,-6.221369645455787e-06,1.4778433247592634e-05,-2469.227360700405,-2.3276824406884913,3.8432488430332455e-05,-0.00658923842362132,-0.024970152295109103,-0.8476598910884416,-0.9784894668829398,1789623770.060648,Detector Aging + Temperature Drift,4,0.8,1
0.007774609598798799,1211763.9428037677,2374049.8580659362,3670.4761379620936,0.9878113101261199,-30.11558047640223,63.76157693709036,4.9882457130863385,646.7961563657096,645.7961563657096,0.006094344936940055,0.001680264661858744,155861709.50512925,0.00836490933978099,0.0015559418909771576,2.4209551680975733e-06,0.002311911918079241,2363016.3589219404,65021.4625406846,3706.705814714813,47.59533592513292,0.9852207487554354,0.0025823095229481467,-30.009673022252805,64.67294561350646,-2.851044788056111e-05,2.1035464104270464e-05,-2458.1158179464055,-2.3477437035082254,7.669338951637393e-05,-0.005992478951306868,0.027386820401530503,-0.8446098854970038,-0.9787229607026149,1789623771.060648,Detector Aging + Temperature Drift,4,0.8,1
0.008023752389164007,1167987.8978232958,2294338.4866705616,3770.0799077632028,0.9834379144365001,-29.729301686503078,63.743699869855966,5.125748544308939,608.5649489673013,607.5649489673013,0.008281042781749959,-0.0002572903925859519,145566293.8204139,0.008259818015909937,0.0014850964931938419,2.205511594096647e-06,0.002286649119116123,2356298.5627933573,63064.80852371989,3704.9616363732807,44.329994930563856,0.9852220618073653,0.0025813941460930056,-30.01225158756068,64.56624549453814,-8.798327501586385e-06,1.2684069304272676e-05,-2099.395098327011,-0.6929665595021662,4.2079851169794554e-05,4.391883238715567e-05,-0.10928255572035352,-0.835523149058025,-0.9770981942356098,1789623772.060648,Detector Aging + Temperature Drift,4,0.8,1
0.006231992169070182,1228072.6246724064,2344828.236982409,3651.6772222728214,0.9867192238034387,-30.212124915956295,65.31166941137799,5.068057959440031,642.1236309388202,641.12363093882,0.0066403880982806585,-0.00040839592921047656,197059397.91892192,0.008156050959739387,0.0015317953455338017,2.346396980599019e-06,0.0024600926004235742,2353891.9630699023,62304.04691535147,3702.293687713964,45.43568984399746,0.9854162810793397,0.002502878722097709,-30.018502797318835,64.50779954436635,-2.1853214359713013e-05,4.1390175902724525e-06,-1718.328356135356,-1.0506796658358168,2.231661002372222e-05,-0.002236996581837299,-0.04242740681760177,-0.8420370353095966,-0.9803368728580685,1789623773.060648,Detector Aging + Temperature Drift,4,0.8,1
0.00787760701994549,1233171.1455485146,2450620.6613393966,3713.6613367759505,0.9875273303393063,-30.106135191110475,67.2206748659903,4.9032001199964546,659.8934149086749,658.8934149086749,0.006236334830346857,0.0016412721895986328,156541338.30568355,0.008021006638660687,0.0013955071985371932,1.9474403411691253e-06,0.0022448154800488104,2357555.1963446555,65127.35681433978,3704.0093810969197,45.020828665835694,0.9857186278277501,0.0022724848059707896,-30.018171028645565,64.6206368158692,6.553174760079423e-06,-8.169610552614853e-06,-773.9694004102922,-1.2609943757671582,-1.2672975925644639e-05,-0.004005177092301842,0.0056401344197895276,-0.7996705735773988,-0.9806030915695718,1789623774.060648,Detector Aging + Temperature Drift,4,0.8,1
0.007593089469612123,1239854.1078073364,2432208.22897327,3701.2823325356435,0.9849480611723604,-29.995000826274868,64.40686399631944,4.905027687265038,657.1258311189227,656.1258311189227,0.0075259694138197775,6.712005579234594e-05,163287172.2069504,0.008071867492328924,0.0013552322268904704,1.8366543888025034e-06,0.0020713719987413594,2360421.2239600522,66752.68489130713,3705.1543797267736,44.57065751819907,0.9855824190932339,0.002211725504674698,-30.013690677001588,64.67881824412447,-1.4391214984837092e-05,-2.876869124535892e-06,-54.84106140156205,-1.5996872747935391,6.560618176701778e-06,-0.004679684188475357,-0.022084000215440918,-0.779593891520163,-0.9818635805839324,1789623775.060648,Detector Aging + Temperature Drift,4,0.8,1
0.010044567480985556,1176958.237470573,2407510.070901089,3936.008448720498,0.9827399130098035,-29.42729310780473,69.47682744782057,4.914064843008732,611.6628310804853,610.6628310804853,0.008630043495098272,0.0014145239858872841,117173610.48134369,0.008033050387977851,0.0012823140913329897,1.6443294288311512e-06,0.0020713719987413594,2359089.228474847,65454.92468754638,3711.3219458679673,62.00925991989952,0.9856187630697881,0.0021565645732737307,-30.00213585914941,64.84028538932328,3.324959934632825e-05,-7.538347050315618e-06,1183.7125587658745,1.2979225167103574,-5.718895448936795e-05,0.003708487679189098,0.02471038308759989,-0.7659100710822132,-0.980232972350244,1789623776.060648,Detector Aging + Temperature Drift,4,0.8,1
0.009392849427939757,1190093.854849812,2422060.9029898383,3699.5496112089763,0.9841030543474982,-30.08569913341759,66.16708747548039,4.923283380486318,654.6907482065993,653.6907482065993,0.007948472826250885,0.0014443766016888713,126702111.4284858,0.008138857805144627,0.0012810182003720723,1.641007629684503e-06,0.0020332455700849874,2365723.742642155,63051.43824789903,3712.839996417109,61.23307850674044,0.9856089222212472,0.002162888018098816,-29.995426734881725,64.82969945794363,3.294772659236304e-05,-5.133466447667745e-07,736.0777576118919,0.6920188282904645,-8.387698701357163e-05,0.0004242205686492075,-0.046574874571783755,-0.8173840691764138,-0.9793797164711261,1789623777.060648,Detector Aging + Temperature Drift,4,0.8,1
0.006659927481528856,1261770.23732136,2453359.6393639278,3752.6851177672575,0.9864875986204533,-29.873588051702143,66.07821334719833,4.9123084425108905,653.7611236680599,652.7611236680599,0.0067562006897733395,-9.627320824448331e-05,189457053.52210644,0.008118565253625377,0.00130012449035814,1.6903236904290136e-06,0.0020332455700849874,2368496.7955072657,65280.8274847998,3715.050410291748,61.632817188763944,0.9855976676187219,0.002157547902959461,-29.98996846627102,64.98152063462453,9.579896710333704e-06,-4.528454197481521e-06,1728.1202475220466,0.905667693287296,-6.416571332061698e-05,0.00140270501558103,-0.07528407382705293,-0.8099049812687025,-0.9786439901900115,1789623778.060648,Detector Aging + Temperature Drift,4,0.8,1
0.008999375500180254,1201253.736307351,2391751.983749261,3822.1465987777924,0.983901634694192,-29.580875609006902,65.68675498917004,4.917655285330875,625.7614463333435,624.7614463333435,0.008049182652903997,0.0009501928472762568,133481899.52550489,0.008251537441331863,0.0012103092790756945,1.4648485510167274e-06,0.0019974170753085984,2367112.499186812,64400.14837092491,3718.681890718683,65.06581803700688,0.985406157109727,0.002085916119938474,-29.97055992145614,64.90414327794653,-6.724491628693827e-06,8.181157895819473e-06,2521.4094861353474,2.05733967282378,-4.890410385128957e-05,0.0044177391438633045,-0.058235436100640525,-0.7937696482560047,-0.9733607233945999,1789623779.060648,Detector Aging + Temperature Drift,4,0.8,1
0.008856339458081288,1156815.3476612475,2319867.636003909,3801.752051522857,0.9846676165313204,-29.60860827577607,62.67622832433015,5.093686140279654,610.2101358963288,609.2101358963287,0.0076661917343398,0.0011901477237414877,130620032.47918297,0.00822662489215154,0.0011910406031157212,1.4185777182702608e-06,0.0018431809156202973,2365679.9496592544,65033.70796125639,3724.1809478128616,66.03745481878748,0.9853506040037826,0.0020863515207965736,-29.949305354589093,64.88082540909342,1.1134453680798687e-05,5.5611066681504306e-06,1970.9918068150864,2.2800784916669743,-4.921853079606644e-05,0.006064705997871584,0.009778181129746712,-0.8270402652161701,-0.9746126854703611,1789623780.060648,Detector Aging + Temperature Drift,4,0.8,1
0.010307127822807268,1194118.3929919177,2455604.853544489,3773.4762636810515,0.9816213278340851,-29.716310714978512,64.58386771243053,4.82810307951917,650.7540214786007,649.7540214786007,0.009189336082957467,0.0011177917398498011,115853651.32948215,0.008332093389799951,0.0012522855310461262,1.5682190512674784e-06,0.0019974170753085984,2370411.127731796,67069.36292568986,3725.2197782274684,66.59809307629097,0.9852313165476917,0.0022073983501671446,-29.94531991361656,64.86720708960293,2.4777001012075576e-05,1.4016446793944921e-05,2517.522363395788,2.968357731634406,-9.11135161906353e-05,0.009549011901097117,0.08709704512114681,-0.8571912976665851,-0.9763570245530776,1789623781.060648,Detector Aging + Temperature Drift,4,0.8,1
0.010100457752870454,1175651.1988239784,2415436.988299209,3697.7647621771316,0.9850856441242791,-30.008718218878442,62.30989085308863,4.913791999937032,653.2154270616915,652.2154270616915,0.0074571779378604375,0.002643279815010016,116395833.49476112,0.00844172754560058,0.0012819728812977107,1.643454468382754e-06,0.0018608009190140959,2377537.711776795,61802.648797690345,3724.4029284568082,66.80427318879515,0.9850704341504608,0.0020607081172479037,-29.94665561730401,64.73401950602982,3.1375469044043795e-05,2.1896439139120573e-05,1601.7582861346593,2.64458909640837,-5.369430964085871e-05,0.00866373964484576,0.06589517719289005,-0.8370911652440909,-0.9717967127731204,1789623782.060648,Detector Aging + Temperature Drift,4,0.8,1
0.007896996625657359,1215898.5565800148,2422101.1502430025,3750.575812792995,0.983389258096234,-29.804131662027416,64.58583913658536,4.962667253647325,645.7944782722047,644.7944782722049,0.008305370951882995,-0.0004083743262256363,153969744.98248583,0.008379451795081823,0.0012690415775118236,1.6104665254536976e-06,0.0017997599583276331,2379462.609127102,62408.26477814704,3726.259234361097,66.86096031217689,0.9850841914824174,0.0020482529339986384,-29.9394706142336,64.7429540411597,3.646881205943972e-05,1.2601956910087103e-05,1977.5231498311502,2.6838373191089344,-8.946395136512417e-05,0.009608334171023773,0.062088084307040534,-0.8047979969378548,-0.9684278765144447,1789623783.060648,Detector Aging + Temperature Drift,4,0.8,1
0.009757450065507463,1187675.7765650812,2447021.9778600326,3879.5676169209387,0.9823796494758884,-29.685007908945778,70.17733775434812,4.900059219077938,630.7460571603953,629.7460571603953,0.008810175262055797,0.000947274803451666,121719892.86048299,0.008380599713117358,0.001270273955876285,1.613595922977586e-06,0.0017997599583276331,2385692.5511906464,61052.901550522685,3731.792946548876,73.2867362418339,0.9850167231350629,0.0021075888155504276,-29.924793956286,64.83174658278809,6.268179928951082e-05,7.922982258981717e-06,1719.2562634245403,4.248647398315044,-0.0001246072877289815,0.010832683247351293,0.12944387958618997,-0.8165157024867221,-0.9658548379213896,1789623784.060648,Detector Aging + Temperature Drift,4,0.8,1
0.009402794287406448,1135389.5209748251,2287148.750617483,3699.9275738236406,0.9825598193189896,-30.00472869599441,65.06164817844872,5.126358688084056,618.1604112466072,617.160411246607,0.008720090340505193,0.0006827039469012551,120750224.48332188,0.008387927273174594,0.0012756097701483607,1.6271802856979535e-06,0.001809704817794325,2379874.9538660054,63198.715845048166,3731.844616758093,73.2637926465426,0.9849096646303458,0.002161017330740213,-29.92477029756835,64.84961417072412,8.050749724229947e-05,1.7136017557286674e-06,1278.5825066394186,3.622934216679241,-0.0001450908118588113,0.009289562035084749,0.1269834706952957,-0.8318280569124282,-0.9675786669352936,1789623785.060648,Detector Aging + Temperature Drift,4,0.8,1
0.009274928512193678,1155710.9868840084,2299918.37932323,3642.466904649399,0.9832104965444117,-30.29347891518784,65.93633735578273,5.060716401328177,631.4177834773233,630.4177834773233,0.008394751727794136,0.0008801767843995417,124605918.56472036,0.008479172502134235,0.0012540261404676482,1.5725815609761858e-06,0.0017061169400806493,2374125.721613166,63671.50115958185,3726.3495582301903,74.59736897074983,0.9847640249157478,0.002147893043371851,-29.948829926735826,64.9672081183446,7.475390613737151e-05,3.0290150185118677e-06,1178.2641363342916,3.2778966927185893,-0.00014135719255417098,0.008213918988117196,0.13308582705252286,-0.8285611146443409,-0.962446449942113,1789623786.060648,Detector Aging + Temperature Drift,4,0.8,1
0.008174021698701045,1206152.2957669108,2410298.602052088,3718.744867209026,0.9836380064571862,-29.973665044407326,65.64664119277018,4.972966642870808,648.1484178453612,647.1484178453612,0.008180996771406879,-6.975072705833751e-06,147559223.62655136,0.008530061966772978,0.0012141624524926351,1.4741904610429304e-06,0.0017050918784417488,2372159.4887923924,61735.67519101169,3727.5050885827695,74.24605069951703,0.9845617556638924,0.002001306633612784,-29.94619232132296,65.05865594179528,5.6163255296278574e-05,1.6213709529966155e-06,2365.4546576608236,2.842770046474397,-0.00011244408071649913,0.007076919218141401,0.11842449432486948,-0.8064874853777887,-0.9579667123799759,1789623787.060648,Detector Aging + Temperature Drift,4,0.8,1
0.008870181249493554,1111170.3903406514,2228790.3606342883,3669.355878273066,0.9842774826188544,-30.119984373131317,62.04429424994818,5.266893151943261,607.4064316931938,606.4064316931938,0.007861258690572803,0.0010089225589207506,125270313.99770935,0.008515324686022662,0.0012076914841072108,1.4585187207850772e-06,0.0017050918784417488,2365991.865895451,67755.13374796203,3725.701021843407,75.08438639393147,0.9846100615077633,0.0019791650574744377,-29.953242202890234,65.00653489116652,6.638833092079176e-05,-5.722887390853777e-06,1150.2617634710691,2.175532686897754,-0.00012998733101188042,0.0054972347674913475,0.10901723760051966,-0.8035093015075163,-0.9647665553669064,1789623788.060648,Detector Aging + Temperature Drift,4,0.8,1
0.010104709080513034,1125389.5617008882,2341910.4211126277,3757.5273918100556,0.9823415103810554,-29.777416495315542,64.2672435899422,5.102791564866247,623.2583762974234,622.2583762974235,0.00882924480947228,0.0012754642710407528,111372782.01024173,0.008664387341560413,0.001163891266672254,1.354642880635944e-06,0.0019828404667086644,2363538.2246346567,67471.50036073085,3725.7853385961066,75.1188873073904,0.9843730440131603,0.0018793236342219833,-29.952918379585302,65.07783483071418,5.968775154578409e-05,2.588669546775491e-06,1300.5673713076333,2.766499075004396,-0.00011435894056705915,0.008797542548464283,0.20477072022606832,-0.784903143727324,-0.9629690971115988,1789623789.060648,Detector Aging + Temperature Drift,4,0.8,1
0.008689954938839978,1132811.8665519978,2264814.0713847554,3708.585810963807,0.9855587409747132,-29.96656119599374,64.57360788990712,5.1992446232333265,610.694800343898,609.694800343898,0.007220629512643406,0.0014693254261965716,130358773.37969452,0.00870411844522098,0.0011470100098959124,1.315631962801421e-06,0.0018798430455619734,2360363.582178062,70122.70612873949,3723.8422307531077,74.91008566307428,0.9843552251715834,0.0018658366864544623,-29.960428279777535,65.09263229863627,5.024666019371086e-05,1.1165823768064548e-06,195.68657680446856,2.9215158889793735,-8.710236552758547e-05,0.010412655742512877,0.2360960373206847,-0.7718119168397773,-0.9660793565051109,1789623790.060648,Detector Aging + Temperature Drift,4,0.8,1
0.005384571062846814,1228186.3177544198,2293252.891366247,3692.2502474181615,0.9879743951680778,-30.03024933772467,63.36858237590377,5.144303723333902,621.0989877974345,620.0989877974346,0.006012802415961083,-0.0006282313531142687,228093622.2067575,0.008596399207128142,0.0013149528135444335,1.7291009018484215e-06,0.0019828404667086644,2359436.460289511,70846.91288779174,3726.8102686494713,72.07598805233118,0.984489361565209,0.001996112343669047,-29.94871297156702,65.04048006830222,1.3339020055878786e-05,-1.2362845470307886e-05,-863.1231589774114,1.571968273831809,-5.103704092448433e-05,0.006141116037056476,0.2212004987773861,-0.8043417204093217,-0.9715730866755162,1789623791.060648,Detector Aging + Temperature Drift,4,0.8,1
0.0070854574725211054,1224298.005478107,2375278.018890863,3790.3265209996102,0.9863773870260546,-29.652031347631826,62.89732401707344,5.005063216163365,626.6684428718924,625.6684428718925,0.006811306486972701,0.0002741509855484041,172790255.28361323,0.008584000211923739,0.0013276189620359527,1.7625721083574205e-06,0.0019828404667086644,2360944.2423255136,70766.8547225519,3730.765360672449,72.73693507464418,0.984471898573614,0.001977522309628596,-29.933459042352066,64.99187472351542,-1.2617802962386775e-05,-1.3595657426940567e-05,-935.4233102597063,1.804661659436321,-1.0363111086410995e-05,0.00803304957822362,0.1417599661857159,-0.805167878776585,-0.971495958250343,1789623792.060648,Detector Aging + Temperature Drift,4,0.8,1
0.008634234135524383,1156457.7477787156,2298039.497589349,3719.734247631262,0.9836639093447772,-30.10200076995713,67.49332609204077,5.114617872127624,617.7966877748719,616.7966877748719,0.008168045327611395,0.00046618880791298757,133938659.71512486,0.00852516786489855,0.0012909953437705353,1.6666689776372026e-06,0.0016281846886076496,2360364.2832860867,71219.14709763939,3734.6169807720325,69.42605417602974,0.9845169479932194,0.0019455153271279028,-29.925074997765883,65.08608056615749,3.05632078623048e-06,-1.881803481216856e-05,-2000.1401799445925,0.629619845286688,-3.716372038845852e-05,0.002695851362350373,0.23383697310038098,-0.7943683609382477,-0.9713444698647077,1789623793.060648,Detector Aging + Temperature Drift,4,0.8,1
0.008489748632948223,1179447.6563598625,2334488.058462979,3698.6827180553137,0.983994802538684,-30.021302374970624,65.22422211039884,5.042051542751138,631.1674280865058,630.1674280865058,0.008002598730658006,0.00048714990229021746,138926098.68123707,0.008556849713857893,0.001279971662081956,1.6383274557328453e-06,0.0015251872674609587,2365135.37794229,65064.615019862016,3735.3190160521694,68.96889564266495,0.9843870936640563,0.0018660706756915377,-29.921128562011223,65.0693870220209,-5.545280529572595e-06,-1.563674700240904e-05,-3690.533552132196,-0.23693248853068186,-1.474139683875493e-05,-0.0001412840610219162,0.21565715291157064,-0.7955372900083616,-0.964382249514408,1789623794.060648,Detector Aging + Temperature Drift,4,0.8,1
0.00721821499125243,1172699.6757237748,2312821.284642473,3753.8167371548293,0.9877240895433359,-29.9562380394285,67.29445173938846,5.179950353949056,616.1252523998959,615.1252523998959,0.006137955228332048,0.0010802597629203815,162463943.9452745,0.008433798332975582,0.001254626022843835,1.5740864571969392e-06,0.0016182398291409578,2363100.8404425085,65868.43844410995,3738.884884754696,67.51317312917456,0.9846456070611047,0.0018627875510273735,-29.9138412947411,65.19976843650763,-5.254107437155056e-07,-2.7232499200057935e-05,-4187.939432952518,-0.7726742583417213,-1.5196748422415123e-05,-0.0026382831365768748,0.2911921939877147,-0.7829186660906252,-0.9582796974724996,1789623795.060648,Detector Aging + Temperature Drift,4,0.8,1
0.005633243183034182,1309841.2398786622,2460117.6748102414,3827.021266041137,0.9887918828939917,-29.68222208981797,67.3592582502403,4.8425540640377145,642.8283262076332,641.8283262076332,0.005604058553004165,2.918463003001668e-05,232519917.44712046,0.008348143676344996,0.0013649516150466081,1.8630929114183439e-06,0.0017997599583276331,2366543.5531122806,68545.56381773812,3745.146689877857,68.13478513439985,0.9846848299718196,0.0019378431616101043,-29.89650695927773,65.34367568903363,-3.2968576392634725e-05,-3.3890244423479126e-05,-3182.9092471699373,-0.6431951297775049,5.473359760823031e-05,-0.0025176515231285362,0.16519307390736504,-0.8345376989148249,-0.9617992884850992,1789623796.060648,Detector Aging + Temperature Drift,4,0.8,1
0.009137625057575779,1174560.6052054404,2372953.9389368766,3715.0371005081247,0.9858163727330316,-29.941486523190832,64.2502649929656,5.00277070873826,638.7429989897854,637.7429989897854,0.007091813633484212,0.0020458114240915672,128541125.05214265,0.008392698583081469,0.0013717980235692473,1.8818298174684933e-06,0.0017997599583276331,2369688.1712029334,66945.54916660431,3742.944977587654,68.18282986953412,0.984779968303681,0.0019326687361104833,-29.904994352745238,65.36393829395801,-2.8924968822314328e-05,-2.6595396177687274e-05,-3845.7871193600913,-0.6717976220292681,5.270945235852928e-05,-0.0012607947699645413,0.17027387195368568,-0.826819352972115,-0.960585752284421,1789623797.060648,Detector Aging + Temperature Drift,4,0.8,1
0.007768526134404211,1215760.3898443908,2367728.0436294214,3770.891998576988,0.9863003078454331,-29.733055386299043,65.09513613707152,4.974582738373347,627.8960109499092,626.8960109499092,0.00684984607728345,0.0009186800571207611,156498204.26814213,0.008454159941694829,0.001306479957898866,1.7068898803914229e-06,0.0016243232935355453,2370604.163468814,66755.52817717276,3747.7135686398206,65.75871152382652,0.9847632116653606,0.0019175391718987329,-29.885831571558946,65.35527696298574,-5.62936247963711e-05,-1.6540260388054066e-05,-4112.479946859293,-1.3265026737375847,8.613591081843486e-05,-0.002744971481033311,0.06520193142691737,-0.8228441753246863,-0.9582797174175054,1789623798.060648,Detector Aging + Temperature Drift,4,0.8,1
0.006855553366549295,1246157.6497716529,2390322.6434352077,3684.45057593153,0.9862247755991687,-30.23721240839781,67.4612024174261,4.948760332895814,648.7595895707921,647.7595895707921,0.0068876122004156715,-3.205883386637673e-05,181773459.14220482,0.008413277795558982,0.0013394565013241692,1.7941437189395839e-06,0.0017997599583276331,2368192.242752646,64883.97584535578,3746.5451382060437,66.60742437337747,0.9847111094757552,0.001858514062675483,-29.89107466025044,65.36489806504318,-7.681552239982329e-05,-1.4059832613923667e-05,-3130.2982300021386,-2.250991078914353,0.00012726845694688746,-0.00819152309352269,0.12202002011821243,-0.8408670107934041,-0.9577460700915316,1789623799.060648,Detector Aging + Temperature Drift,4,0.8,1
0.008895886556770632,1159064.0863828363,2357913.1754531814,3774.429610289034,0.9851161244049129,-29.712666291071102,62.25264572805052,5.081749847490108,624.7071528438491,623.707152843849,0.007441937797543541,0.001453948759227091,130292138.84260656,0.00846538967904532,0.0013318544078067388,1.773836163594239e-06,0.0016243232935355453,2365220.4406118426,63572.031765915286,3749.4710293161793,66.15996547092853,0.9847178320050572,0.0018596625952615631,-29.879781278842287,65.27872933431242,-8.05625555557997e-05,-1.422062327532232e-06,-2585.02206594481,-2.446224008698445,0.00013337657325901146,-0.007583938269034598,0.11980136388049906,-0.8389903911175743,-0.9522061611105793,1789623800.060648,Detector Aging + Temperature Drift,4,0.8,1
0.009121265625370889,1227352.0500914955,2461738.777647913,3687.0727241820887,0.9842287933787898,-30.12719280713393,66.06610287281228,4.813642538927638,667.6675405674309,666.6675405674309,0.007885603310605116,0.0012356623147657727,134559402.22567403,0.008428457604820735,0.0012999719283741534,1.6899270145608153e-06,0.0015064023777894668,2367389.5888817157,65861.92436300463,3739.5136003346433,55.153279367735585,0.9847773872198168,0.00181875725528663,-29.90777726681546,65.14230035131209,-5.871653803185367e-05,1.7380799496890557e-06,-1271.1872673347787,-1.1568341697391704,0.00010908318060246537,-0.0053428552813510445,-0.008033038465404346,-0.830552193490152,-0.9556474374078544,1789623801.060648,Detector Aging + Temperature Drift,4,0.8,1
0.006968686809572288,1263401.8482484708,2416537.1965081566,3782.31794420971,0.9849624854382208,-29.723302541736203,65.56580051748988,4.8791207936408405,638.9037706910904,637.9037706910904,0.007518757280889576,-0.0005500704713172887,181296976.42790374,0.008331491100086037,0.0013147470018854612,1.728559678966809e-06,0.0019194100663233495,2367168.640622448,65687.18027612855,3742.8243336546725,55.139159650911246,0.9848117644634456,0.0018138019792383396,-29.893281403148197,65.11824887299247,-6.254742714141834e-05,-1.7725019003653114e-06,-270.80390200948415,-1.1613570406106035,0.00010404845081839518,-0.005419230331256169,-0.017607103434871717,-0.8156881786684292,-0.9536388079375199,1789623802.060648,Detector Aging + Temperature Drift,4,0.8,1
0.006363890369060712,1327513.5570746814,2501884.3861987134,3646.5909586815897,0.9875828420737536,-30.38640205150198,67.4637065137223,4.718455888153036,686.0885727373327,685.0885727373327,0.0062085789631232124,0.00015531140593749975,208600946.91898623,0.00831964961558731,0.001330981805452491,1.7715125664455723e-06,0.0019194100663233495,2369109.6304958398,68846.32135869436,3738.5805672912456,58.213937075902386,0.9848555742015777,0.0018662198066562185,-29.913793963140193,65.17366859965344,-9.742553161337776e-05,4.811555575834928e-06,1834.6360445708312,-1.9510572761593603,0.000146385970329776,-0.009774179724676601,0.12089928049062047,-0.8255911614708823,-0.9629305644206186,1789623803.060648,Detector Aging + Temperature Drift,4,0.8,1
0.009088154436338026,1157176.6790757987,2338657.3303187955,3731.5621153275724,0.9832265519409449,-29.890823016600784,65.18539631375798,5.07178728722942,626.7234091354521,625.7234091354522,0.008386724029527559,0.0007014304068104667,127328016.61566731,0.008323200773033623,0.0013329076678373567,1.7766428509796212e-06,0.0019194100663233495,2366985.844358621,68933.96952212151,3734.957187953237,55.66302789134137,0.9848285708914477,0.0018846208387029578,-29.926191859443946,65.15361425263694,-8.353438211436481e-05,1.3896687393243807e-05,1779.9614216246334,-1.1801826717277974,0.00012180944669623247,-0.006232956676826005,0.09706335987225166,-0.8259205589903579,-0.9649331795935181,1789623804.060648,Detector Aging + Temperature Drift,4,0.8,1
0.005932823796717747,1282731.7252261331,2432555.8840817977,3742.101991257833,0.9875424098793221,-29.836763908703503,64.55899565508093,4.906157296958353,650.050663975661,649.0506639756611,0.006228795060338965,-0.0002959712636212185,216209307.60421148,0.00820626014657908,0.0014071795728052292,1.9801543501203074e-06,0.0020521675850546737,2371493.3742817366,69388.37445926105,3732.571185542636,54.00240219775358,0.9849435626253679,0.001957583519711484,-29.935318084761047,65.22892494586698,-0.00010026801350680391,1.1477418925228619e-05,1914.041243214525,-0.4462820055276279,0.00014525072452149085,-0.0022316320640815126,0.037850045348775625,-0.8412392584830293,-0.964812972071966,1789623805.060648,Detector Aging + Temperature Drift,4,0.8,1
0.009541578053273226,1158921.836610906,2368296.3988460912,3763.072324534423,0.9838116945383311,-29.756142531283963,61.69308225605631,5.025235365401035,629.3518153784363,628.3518153784363,0.00809415273083447,0.0014474253224387567,121460185.1119731,0.008175638155797717,0.001368938932369738,1.8739938005575977e-06,0.0020521675850546737,2368001.036093801,67230.7167328032,3732.1550279767707,53.72494782221544,0.9850311772935377,0.0018531627453867066,-29.936911357413265,65.11329352761202,-6.693332529811451e-05,1.6596131835479645e-05,2725.645493359164,0.24431775116533327,0.00010158036349755454,0.0016123698196861915,0.006439085324781033,-0.8261877095044133,-0.9622673284517153,1789623806.060648,Detector Aging + Temperature Drift,4,0.8,1
0.007242109058865472,1193945.3607171907,2328083.511228493,3754.407228714824,0.9857163249062492,-29.819440981781455,65.41687261495537,5.099943611790425,620.0934979622394,619.0934979622394,0.007141837546875418,0.00010027151199005352,164861554.97142303,0.008061304208037518,0.001321961948275714,1.7475833926889214e-06,0.0020358081528497832,2364506.8970109723,66943.93052148806,3734.4207266382787,53.420365314285206,0.9850564045248165,0.0018580188837343209,-29.929340267929387,65.23757279808667,-5.630232099137715e-05,1.150278646200579e-05,2831.535555118096,0.10582002305866808,0.0001084494713069213,0.0019786431339434783,0.014288707506227539,-0.8642599577665765,-0.9618088333779227,1789623807.060648,Detector Aging + Temperature Drift,4,0.8,1
0.00925893159791494,1102267.6537078018,2231360.19712967,3673.7800863225702,0.9843460197378737,-30.102600019046157,61.26760534313793,5.2673889029410645,607.3744602832901,606.3744602832901,0.007826990131063138,0.001431941466851801,119049119.44225039,0.008115781606927823,0.001341979202906419,1.8009081810333476e-06,0.0020521675850546737,2356877.258886439,70708.67190883691,3731.348897579461,54.598088927309576,0.9850946749904821,0.0018329703535568838,-29.941279002210134,65.10484344634878,-4.689037475477177e-05,2.1751457646873254e-05,2178.4316269956084,-0.2923888721545497,8.522060898777896e-05,0.0016314084134237835,-0.011469193877095442,-0.8821397033251132,-0.9695202700359682,1789623808.060648,Detector Aging + Temperature Drift,4,0.8,1
0.008748883207295994,1199547.7291594262,2398055.656975903,3741.7710064224484,0.983907790377272,-29.838040013151236,64.15585417944675,4.945897492152479,640.8878717751123,639.8878717751123,0.008046104811363974,0.0007027783959320192,137108668.69946122,0.008075438932599363,0.0013067173917879547,1.7075103420011151e-06,0.0020358081528497832,2354918.606051074,68837.95149913678,3725.8370331595215,45.56494188200953,0.9851558006265375,0.0017656549026473102,-29.947400286378357,64.86398410335273,-2.4629675396346087e-05,2.130868960311478e-05,3459.9871067881354,1.286002402887796,4.711449587374999e-05,0.005147094629688005,-0.06915198681222201,-0.8751680857650724,-0.9706043097032834,1789623809.060648,Detector Aging + Temperature Drift,4,0.8,1
0.006551164592096779,1265996.5574614618,2420405.695069997,3778.677309119774,0.9879069578844027,-29.721901956142027,65.35329628294913,4.907565866109773,640.5431046542103,639.5431046542103,0.006046521057798626,0.0005046435342981525,193247557.69206896,0.007961373744786978,0.0013103286137521465,1.7169610760176218e-06,0.002119467626765738,2360248.8838291746,68542.57017586297,3728.987022571366,46.37966453776143,0.9853696861691539,0.001762095372627946,-29.93608721678426,64.87565002753274,-2.5426346529837543e-05,1.2706063820574224e-05,3386.784758780752,1.514664203008234,4.6549980563182874e-05,0.006655333581862817,-0.10357424467181943,-0.8769065367346427,-0.9722639210796097,1789623810.060648,Detector Aging + Temperature Drift,4,0.8,1
0.006973793897483858,1204427.2551566276,2297856.6662459644,3720.1658302076253,0.9867896195492784,-29.921583383636964,64.73202975106808,5.085955127574528,617.6758701419822,616.6758701419822,0.006605190225360824,0.0003686036721230338,172707606.91553912,0.007869328360198585,0.0012955632891937358,1.6784842363064918e-06,0.001927199747198344,2360166.415306084,68616.30919028036,3732.0949795936963,42.95459452680372,0.9855128510893485,0.00172587610986373,-29.921211395522224,64.82747772334416,-2.1406920523183945e-05,6.075266616527637e-06,2207.551551414756,0.5680366327386299,3.8065161670755446e-05,0.003215298134571289,-0.030823948612153353,-0.8739678824408389,-0.9756622239557549,1789623811.060648,Detector Aging + Temperature Drift,4,0.8,1
0.008676925394643523,1116881.5705879054,2229906.49644803,3681.3314477434674,0.9842451248530493,-30.07297622489635,64.14183420023458,5.261782338735959,605.7336939369825,604.7336939369826,0.007877437573475365,0.0007994878211681575,128718586.34135354,0.007889444508036282,0.0013040147907456123,1.700454574483323e-06,0.001927199747198344,2352950.7310819216,72348.51899377171,3730.598442815073,44.03187476409994,0.9855371358251831,0.0017034500564507185,-29.925183842741784,64.76728544364273,-1.0905245281744514e-05,9.579829973065211e-06,1506.474167877381,-0.03405093895633819,7.61462701406116e-06,0.0012898555284206572,-0.04744433919627099,-0.8881041409159532,-0.9801829324426276,1789623812.060648,Detector Aging + Temperature Drift,4,0.8,1
0.00914653047220998,1126866.7653533788,2282095.1318458845,3637.0500233414245,0.985059986719067,-30.290927540187624,65.60203644437733,5.181616020772825,627.4577245845197,626.4577245845196,0.007470006640466487,0.0016765238317434927,123201553.72325633,0.007900498476944939,0.0013134188999956644,1.725069206865821e-06,0.002119467626765738,2355082.9219303853,69382.63973728623,3729.306208617808,46.22945304666964,0.9855684359891916,0.0016871277951966538,-29.932021569424034,64.90959513141989,1.0505992571354633e-05,1.0667133863292451e-05,-389.181221854676,-1.51000045644087,-9.386358336451569e-06,-0.0040342454442054585,-0.08605383878852722,-0.8789590695748187,-0.978807073902246,1789623813.060648,Detector Aging + Temperature Drift,4,0.8,1
0.005763584513295501,1238785.6907387418,2308368.607058755,3772.8595471988424,0.9867045194340754,-29.718668770158658,62.82588716551264,5.0727152123813335,611.8352878448926,610.8352878448927,0.006647740282962278,-0.0008841557696667767,214933204.82784578,0.007726853494256238,0.001297393888909293,1.6832309029791789e-06,0.002040333190221337,2353741.2493682303,69946.40168797312,3729.9194948333593,46.69908493582503,0.9857429563513124,0.0015655824184826895,-29.92967166041776,64.85194087444272,1.2822738942579213e-05,-7.237151010685163e-06,-952.1152903857605,-0.8257578068473095,-3.116869031119356e-05,-0.0005187842483631318,-0.2080945990247285,-0.8517136539721182,-0.9786121189566396,1789623814.060648,Detector Aging + Temperature Drift,4,0.8,1
0.010336849195404962,1138289.4158325454,2369782.27291846,3771.0172536802256,0.9824560906006314,-29.72571519428822,63.0444586570237,5.032940268637846,628.4198966752891,627.4198966752891,0.008771954699684281,0.0015648944957206805,110119572.63907352,0.007792729264518837,0.0013835721204800671,1.914271812569709e-06,0.002232601069788731,2357939.977429579,67593.19973088648,3732.416752542016,47.15850110395283,0.9856188503363491,0.001693052879396567,-29.92003782034954,64.79077490512738,4.65460213990202e-05,-3.7403983448108584e-06,-1693.3160836030058,-0.6597307177256103,-6.33511433142412e-05,0.0009949954678421045,-0.1127480168785751,-0.878502294108075,-0.9759750183077271,1789623815.060648,Detector Aging + Temperature Drift,4,0.8,1
0.009822725671595341,1149517.6254333376,2393264.02786633,3839.593738689704,0.9850212713514482,-29.491686857860785,65.36035665381984,5.035792930233602,623.3117852419076,622.3117852419077,0.007489364324275882,0.0023333613473194587,117026339.1104804,0.007970255448868778,0.0013474504243119268,1.8156226459783914e-06,0.002152578815798601,2361940.422889582,66598.58754821144,3738.310492192878,50.834342607462325,0.9855007253836839,0.0016262886937894255,-29.898495321154986,64.87044587624402,4.1202867755313836e-05,9.172813227437896e-06,-2014.118786358615,-0.0720697429855038,-4.5311808703732114e-05,0.0038468891786024475,-0.038397761666309704,-0.8481140988867366,-0.9679442181309562,1789623816.060648,Detector Aging + Temperature Drift,4,0.8,1
0.009629582047073943,1107724.3642601157,2269400.5344145126,3689.211228112026,0.9830316436402691,-30.042128769309826,61.39898854955253,5.213246736596173,615.1451879798952,614.1451879798952,0.008484178179865465,0.0011454038672084783,115033483.16105892,0.008072020431850895,0.0013726202775128774,1.8840864262395284e-06,0.0021689382480034915,2357705.323510528,68941.02825126497,3734.265880477374,50.556644702966686,0.9853668956482526,0.0016852351996917531,-29.914099218022102,64.8105124575432,4.7671748898346316e-05,1.4711718991233358e-05,-2734.957181500291,-0.0051334310491217994,-5.933671606539416e-05,0.004985681700097074,-0.03579785860175499,-0.8549862010181237,-0.9702397675200325,1789623817.060648,Detector Aging + Temperature Drift,4,0.8,1
0.008408692630473478,1219058.7317268443,2427143.7498783013,3901.336811615947,0.9855021253693185,-29.25566384961858,65.27879344589238,4.9061645701135514,622.1313019300608,621.1313019300607,0.007248937315340764,0.0011597553151327135,144976012.95460856,0.008062998771648856,0.0013696333789433622,1.8758955927158117e-06,0.0021689382480034915,2362869.493602086,69113.41472210891,3741.529983036761,60.09382867451639,0.9854404242892342,0.0016490409959551927,-29.880245741208565,64.72193115169725,5.6401629306982e-05,8.812361570489401e-06,-2690.645351163404,1.3917434509996511,-7.511830475184675e-05,0.009184531119856345,0.00862885292352316,-0.8576009256491198,-0.9714032411746034,1789623818.060648,Detector Aging + Temperature Drift,4,0.8,1
0.009138615465300037,1258508.6297011948,2531340.540491724,3728.5866644545376,0.9842245347690437,-29.888963959129654,64.67143356142391,4.703499742663263,678.9008190753798,677.9008190753798,0.007887732615478149,0.0012508828498218882,137713271.17109153,0.00808895344494293,0.0013835517268073836,1.9142153807516927e-06,0.0021699286557277497,2370743.5928832353,76274.12514242445,3742.726140892731,59.52397085483252,0.9854496135784485,0.0016415828844412446,-29.874952204574925,64.69981960973826,7.059789739983272e-05,5.184816637220304e-06,-1419.3423466501245,0.8437940142723258,-0.00010079811782833809,0.007693488924502625,0.014213439212888396,-0.8651038316153216,-0.9772729943136127,1789623819.060648,Detector Aging + Temperature Drift,4,0.8,1
0.008903013550610343,1215513.948552117,2402459.5658899997,3757.8965487887795,0.9846603242148586,-29.77599919418349,62.38975477196829,4.874971554489559,639.3096602577697,638.3096602577696,0.007669837892570697,0.0012331756580396466,136528372.2912887,0.008156345387317245,0.0013805267266122979,1.9058540428908662e-06,0.0021699286557277497,2374329.124133137,75570.64574271762,3742.889333358089,59.55973532981445,0.9853270629653095,0.0015804319615518782,-29.867742650765123,64.50363173104145,6.940491383831925e-05,4.932694584586564e-06,-1705.802601303009,1.0947345113183704,-8.533910615106478e-05,0.007794042979580147,0.013954211058966385,-0.87223165764701,-0.9762446122532918,1789623820.060648,Detector Aging + Temperature Drift,4,0.8,1
0.008265823093197433,1240048.3800844387,2447892.2994602453,3664.6677472085717,0.983405470054241,-30.138428667026183,63.088894204749955,4.844638784163933,667.9711418108337,666.9711418108337,0.008297264972879526,-3.14418796820929e-05,150021161.365644,0.008261648583723776,0.001280860220754202,1.6406029051105034e-06,0.0021648215678161794,2373840.109119137,75051.70201777277,3736.395192604786,58.879585478706446,0.9851116064517196,0.0014556254198637016,-29.88599091385346,64.33281716922184,4.5184455234382654e-05,9.571198146922673e-06,-168.87239920480786,1.2140084275379208,-6.842868758179889e-05,0.007150608438949648,0.07646867411418588,-0.8254984201884659,-0.976306215644245,1789623821.060648,Detector Aging + Temperature Drift,4,0.8,1
0.006772911278495927,1260827.227286552,2441403.225379073,3762.200420285661,0.9863249413099706,-29.759485644508167,64.7165371224038,4.905448148200181,648.9296030629063,647.9296030629063,0.006837529345014692,-6.461806651876512e-05,186157351.7565029,0.008167060032560583,0.0012998523263620166,1.6896160703487465e-06,0.0021699286557277497,2376578.080576825,76209.0615564049,3738.2817253958883,58.920592726808934,0.985131949194797,0.0014688263935660917,-29.878710878706148,64.35146805439936,4.020202946310717e-05,-3.6927432551970064e-06,445.9254336796905,1.238629608240915,-5.018101069251337e-05,0.007763393293378519,0.059843635638478755,-0.8558963201764999,-0.9752129001533733,1789623822.060648,Detector Aging + Temperature Drift,4,0.8,1
0.010937372735283925,1164039.2758918714,2459204.0755464607,3821.5669591242404,0.9824497801575107,-29.53360962159124,64.73879826261381,4.883136537841,643.5067347635897,642.5067347635897,0.00877510992124464,0.0021622628140392855,106427686.43484965,0.00829381389659577,0.0014050557485084068,1.9741816564165196e-06,0.0021778436626376917,2380237.121853506,77874.14048240615,3740.3087238177773,60.84774058488744,0.9849779280872801,0.0015384691174014802,-29.870733048117835,64.33721453942104,6.178880773745125e-05,3.626913308562335e-06,1120.1265562330639,2.3335191129290163,-6.325590760725705e-05,0.01240549828312565,0.1639602937453242,-0.8758168613023407,-0.9747313954418813,1789623823.060648,Detector Aging + Temperature Drift,4,0.8,1
0.007781885024615465,1133250.2224324194,2218668.271330307,3714.713863974861,0.9849297822471774,-29.942741832409396,63.336620508860165,5.2781299049422,597.2649179918966,596.2649179918966,0.0075351088764112895,0.00024677614820417526,145626698.26754707,0.008330867162918415,0.0013786035777475847,1.9005478245784412e-06,0.0021727365747261215,2373370.9469693103,84008.02596708058,3741.5192553395113,60.019836007144434,0.9849261283532005,0.001517271098026991,-29.858954225078296,64.17223126307842,4.26807051571683e-05,2.160102668498282e-06,-270.4230020102282,1.5386773893626846,-5.123185562778149e-05,0.008076008209942278,0.11492861683402723,-0.8694105340481101,-0.9780845091381529,1789623824.060648,Detector Aging + Temperature Drift,4,0.8,1
0.009082738539467733,1269400.9267960964,2560659.395891669,3672.714055149418,0.9831947825852598,-30.261428891766265,67.15532349877697,4.671047270535979,697.2117506129927,696.2117506129928,0.008402608707370085,0.0006801298320976475,139759712.47879672,0.0083383412422263,0.0013821485118375456,1.910334508774742e-06,0.0021727365747261215,2381480.7957868497,91570.18944515876,3737.450633133927,61.08903004701044,0.9848492746804144,0.0015539187509735837,-29.88090472910611,64.36833837390746,5.527125026383797e-05,-1.8497425877934465e-06,1303.8157344194863,1.2326560140262823,-6.531354835318628e-05,0.005823736780586876,0.06674789519887422,-0.8727049500575035,-0.9826988346609493,1789623825.060648,Detector Aging + Temperature Drift,4,0.8,1
0.006854254808316342,1224327.778875841,2356780.930116505,3788.240860991942,0.9879333197380545,-29.718232483678342,65.80929358014433,5.025610168948227,622.1306977559466,621.1306977559466,0.006033340130972731,0.0008209146773436116,178623032.4251078,0.008247660809544118,0.0014020318277582161,1.965693246047044e-06,0.0021778436626376917,2377282.4818855934,90189.9292819197,3741.49735860632,60.96853406845206,0.9849974557347849,0.0016606502746299367,-29.86454631616788,64.35806600220076,4.9401234705345786e-05,-1.5667778835790885e-05,1878.3967929961632,1.1977097970434307,-4.305025314506135e-05,0.004862445958103369,0.06534044065477856,-0.8695500122442902,-0.9823509601494625,1789623826.060648,Detector Aging + Temperature Drift,4,0.8,1
0.007438431552878897,1200066.7562947148,2349371.5058394787,3701.0273255912703,0.9872934571760257,-29.995994832932723,63.14899250633149,5.060229699573647,634.7890191446093,633.7890191446093,0.00635327141198716,0.0010851601408917366,161333306.3245373,0.008266450599276384,0.0013878412336209144,1.9261032897384213e-06,0.0021727365747261215,2374595.8542588465,89980.71445828152,3738.245733861583,60.87240111499493,0.9850906946042973,0.0017204307122642517,-29.875454007815748,64.26139368175441,2.9141686182563885e-05,-1.7646684218562938e-05,2013.3041603345794,1.2323461175537784,-2.2206096653095697e-05,0.005061512778437013,0.09963029952156126,-0.8805268594410687,-0.983220847950692,1789623827.060648,Detector Aging + Temperature Drift,4,0.8,1
0.008778129936003168,1207608.5831561347,2369957.1728820773,3741.1371929040306,0.9842749140732164,-29.857489791923825,65.23588958837979,4.9142793591266924,633.4857693476927,632.4857693476927,0.007862542963391783,0.000915586972611385,137570142.15558302,0.00836302018195408,0.001335088318427388,1.782460818001271e-06,0.0019044214133445078,2369318.765726181,86147.82174321965,3742.0275832304815,57.92630958156893,0.9849583774842756,0.0016494126136495353,-29.854297517432613,64.17228100474073,1.4839277757885187e-05,-1.0440974005280406e-05,3243.3708824092264,0.3424887569148968,-4.814903783891822e-06,0.0001178558728846359,-0.01903215427741205,-0.8703832523427071,-0.976264778757639,1789623828.060648,Detector Aging + Temperature Drift,4,0.8,1
0.006223608849347189,1284808.7704359328,2450537.7407889985,3730.316076648919,0.9894137563886095,-30.00715587770855,66.73874599421478,4.8729457360385116,656.924960361645,655.924960361645,0.0052931218056952445,0.0009304870436519447,206441118.25419423,0.008248438358474448,0.0013897417998526152,1.9313822702575862e-06,0.0021727365747261215,2373793.9821449886,87336.56485497304,3741.977741683335,57.93582822640295,0.9852058656621823,0.0018257488410536307,-29.85895083187693,64.23441499195899,2.3422080007379326e-06,-2.234170505445392e-05,3686.4701442998403,0.12972786328678187,1.8993415284343635e-05,-0.0016583993674979451,0.024338408516131678,-0.8746894644823668,-0.9767042302617884,1789623829.060648,Detector Aging + Temperature Drift,4,0.8,1
0.00994339048032591,1193075.070459907,2458014.779407944,3733.63719262222,0.9837935351805922,-30.024247770364227,67.15771325705424,4.863913691813805,658.3432327771578,657.3432327771577,0.008103232409703898,0.0018401580706220132,119986746.25325605,0.008408861025818776,0.0013439042056373222,1.806078513929682e-06,0.002016822539049468,2374812.337958035,88160.34128223424,3741.6391497379104,57.958843333878974,0.9850559106742331,0.0017810900798727123,-29.866450186343357,64.33836369603792,-5.168225722815577e-06,-6.7054078365441766e-06,5051.511907633664,0.05398067539070815,2.932196070260304e-05,-0.002962348029492618,-0.0004839842592923156,-0.866740384462986,-0.9769857454429569,1789623830.060648,Detector Aging + Temperature Drift,4,0.8,1
0.007432918642881023,1230380.3741145274,2417421.3244981864,3570.6564200282123,0.9880902931964491,-30.529215447830488,65.21993082589363,4.9524399991701555,677.0243451424222,676.0243451424222,0.0059548534017754284,0.0014780652411055945,165531258.07356182,0.008324514649403087,0.0013363161413140168,1.7857408295363835e-06,0.0019044214133445078,2376777.3349841186,88539.86273168841,3733.942513557662,66.71594882181385,0.9852270546205578,0.001857247361605085,-29.89737310300521,64.47943763883143,-2.849754367696455e-06,-1.4467474152527919e-05,5379.666238423316,-1.3099896970413745,4.488948416403938e-05,-0.007977104661856825,0.05113298197394883,-0.8551168121730316,-0.9764866025807264,1789623831.060648,Detector Aging + Temperature Drift,4,0.8,1
0.0074646863072273225,1307447.4711169447,2556149.1468881257,3710.0794041950876,0.9850247050560151,-30.02787107577604,65.93263483226548,4.686280228708616,688.9742424374579,687.9742424374579,0.007487647471992431,-2.2961164765108837e-05,175151026.75527996,0.008333417739337563,0.0013298006170660579,1.7683696811492683e-06,0.0017136118293289565,2385899.9604105037,94594.98578269038,3732.1694005768727,66.73754291575092,0.9851993898265485,0.0018549029135547423,-29.905710306765,64.50006812752382,-2.161068727777197e-05,-1.2425608378884671e-05,6548.467803057891,-1.3256174011242798,4.791434488671356e-05,-0.008402380121349876,0.07370240880318542,-0.8488834122348983,-0.9792234665609827,1789623832.060648,Detector Aging + Temperature Drift,4,0.8,1
0.009773571002382242,1160637.3171045368,2393352.889912128,3735.1448231726936,0.9838461126818652,-29.920266121842488,65.78695248821157,4.998335854464758,640.7657542657676,639.7657542657676,0.008076943659067415,0.0016966273433148271,118752635.73791394,0.008354003315516252,0.0013478295648739263,1.8166445359482375e-06,0.0017136118293289565,2392379.668121802,89180.40722117125,3734.623990050877,65.66472622167281,0.985179393544308,0.0018666520051400933,-29.89841695087685,64.68084201332677,9.381737361065715e-07,-9.437991668785637e-06,5071.866442572233,-1.882045104321257,2.6888854972121347e-05,-0.010505638614107478,0.09133915862967397,-0.850521833547516,-0.9757528789362573,1789623833.060648,Detector Aging + Temperature Drift,4,0.8,1
0.008931080513742657,1160077.3617651432,2343215.9127093432,3911.2863502687223,0.9817963723882718,-29.308464233003342,66.52576715548749,5.074949426214903,599.0908624085665,598.0908624085664,0.009101813805864112,-0.0001707332921214548,129892162.54182008,0.008361291207774119,0.0013504350932665775,1.8236749411259096e-06,0.0017136118293289565,2390186.07835114,89686.83022564319,3741.404603804728,74.2443259372546,0.985094936824748,0.0019673258682601663,-29.87723391967094,64.7756385323684,1.0213839099070797e-05,-9.272592070691186e-06,4674.807050382847,-0.17984546167158932,-1.705506429242003e-05,-0.004456151841095802,0.11573824007671225,-0.827042657976017,-0.975912321603575,1789623834.060648,Detector Aging + Temperature Drift,4,0.8,1
0.009798648339735962,1168993.1815540965,2376945.8487121826,3833.037289141624,0.9822609215729174,-29.490372374875754,64.90696077340725,4.965104074778599,620.1207213521471,619.1207213521471,0.008869539213541278,0.000929109126194684,119301473.12395504,0.008491190557679686,0.0013260386820982046,1.758378586420743e-06,0.002191150494195046,2388447.6844968274,89505.24364852007,3743.579003005602,76.07748484548152,0.9848690953722885,0.0019555904250592258,-29.867972736420285,64.75778511198672,5.380484929637466e-06,2.524720769039565e-06,4854.785713211811,1.0387217638194453,-1.5094994482001902e-05,0.0006681974384565482,0.1968822440594659,-0.82031853850078,-0.9751385098384847,1789623835.060648,Detector Aging + Temperature Drift,4,0.8,1
0.00883478275098012,1195732.9847190157,2408924.6727703866,3746.909016937229,0.9851346970442056,-29.818243244081877,62.27846430412552,4.952114200765723,642.9098389849541,641.9098389849541,0.007432651477897179,0.0014021312730829408,135343790.38198337,0.008565630111819537,0.0012905269691242975,1.6654598580371452e-06,0.0021648957398466206,2392890.4047578042,87635.34592677055,3744.6487304747866,75.92862356745854,0.9848028984720858,0.0019170907976243,-29.863839130838084,64.65964249410901,-6.621861426470663e-06,9.776918101239325e-06,4137.893883997572,0.8353286259777696,6.561955028667402e-06,0.0005911324340289508,0.19478962097434302,-0.809235374754292,-0.9764872428519714,1789623836.060648,Detector Aging + Temperature Drift,4,0.8,1
0.009363287848706804,1175566.385558434,2391542.2357699876,3756.856537624182,0.9825080233566017,-29.887753917816156,66.49948425741752,4.97916359859342,636.5806657292236,635.5806657292236,0.00874598832169915,0.0006172995270076545,125550597.66968454,0.008593084609982067,0.001299869592527373,1.6896609575772786e-06,0.0021648957398466206,2399355.8343306826,81090.53337973874,3747.669734070015,74.8440211683151,0.9847334144122278,0.0019668814674973253,-29.856430238554875,64.75394849639633,1.8540858961132013e-06,1.2659853939665416e-05,2495.6101640892143,0.3148432492743849,-2.019924376616535e-05,-0.0017209903863513068,0.1953007009406177,-0.8100025687796311,-0.9725572624954714,1789623837.060648,Detector Aging + Temperature Drift,4,0.8,1
0.008718504055031748,1202568.9724214913,2424440.2510645273,3878.4276950284166,0.9848151091746912,-29.527952549245583,67.89620628713129,4.937776438079844,625.1090497761011,624.1090497761011,0.007592445412654414,0.0011260586423773346,137932948.68371913,0.008575963553294938,0.0012952779375818805,1.67774493558637e-06,0.0021648957398466206,2405049.639099428,77578.48552074142,3757.324840937494,75.51717271001094,0.9847236193104527,0.00196584021366703,-29.825911238917197,64.8457152901065,8.546262472697059e-06,1.0503213275749005e-05,1554.5516013997994,0.4156427046814203,-1.6179415198111886e-05,-0.0030338616552083955,0.2328636444069293,-0.8160486725490441,-0.969320047788997,1789623838.060648,Detector Aging + Temperature Drift,4,0.8,1
0.008808572645981779,1170196.6079957571,2327225.771187597,3672.0808949291413,0.9836492626261786,-30.181866033310456,66.00887120748837,5.04795807952327,633.7621195658612,632.7621195658611,0.008175368686910711,0.0006332039590710679,132847472.00553174,0.00869776307860239,0.0011613333097074874,1.348695056236147e-06,0.0018476970224584784,2405803.925664582,76721.74245858769,3753.2936948467063,77.25025155044023,0.9846014090381371,0.0019335985815111612,-29.844439129443266,64.97303465178553,-1.7430367071726487e-05,2.2700467150818265e-05,-130.63288434691475,-0.21587742662836193,-6.287552585955233e-06,-0.005247173531253139,0.28556880711604987,-0.8239316936910541,-0.9696950632533423,1789623839.060648,Detector Aging + Temperature Drift,4,0.8,1
0.007771711407654349,1218573.1853183652,2402834.336254241,3846.93223184431,0.9855225382823299,-29.64010593871106,67.81913053194201,4.964334954735338,624.610518574762,623.610518574762,0.00723873085883503,0.0005329805488193196,156795990.1493761,0.008595157567092365,0.0011247248113217482,1.2650059012027423e-06,0.001591576441052455,2407126.008198013,76373.6094697953,3756.33029397327,79.35075597172279,0.9847240669454048,0.001890397320050705,-29.84101475922018,65.16402152678225,-9.587675173990374e-06,1.4092110591671698e-05,-518.2610063651297,0.8257138878385544,-1.9238005476151553e-05,-0.002173781649866921,0.24769866260789894,-0.8141667887611814,-0.9696208590543492,1789623840.060648,Detector Aging + Temperature Drift,4,0.8,1
0.006939807959713087,1228968.3381962164,2378327.8923890567,3671.823036064858,0.984400647437302,-30.31383667624553,67.84179220170468,5.001465456896158,647.7239967800689,646.7239967800689,0.007799676281348977,-0.0008598683216358904,177089675.29513967,0.008479840858617076,0.00114063066450428,1.3010383128074754e-06,0.0016739291580727149,2406528.5627789223,76537.95373168279,3749.619465868276,79.11924087069599,0.9846992419888391,0.001890406447819195,-29.87390075195557,65.26327894869765,-1.2592144350923195e-05,4.0218884938134244e-06,-922.7095709954069,0.8782813389252481,-1.9251372259743927e-05,-0.003045012639583887,0.27048855471723254,-0.8009736537280961,-0.9742841101642752,1789623841.060648,Detector Aging + Temperature Drift,4,0.8,1
0.007498522235466249,1126669.1638744776,2206971.998871533,3590.1096995664925,0.9853658715655873,-30.434973429599474,62.9079234764629,5.32851246712212,614.7366469436926,613.7366469436927,0.007317064217206348,0.00018145801825990033,150252160.1583839,0.008394598466152765,0.0011311124192240015,1.2794153049227732e-06,0.00161805223224041,2404031.4213572033,81808.13949461075,3745.655404726455,84.35584691941914,0.9847926111058517,0.0018631852230957461,-29.88961453836716,65.32363634577406,-1.0153058218515996e-05,-3.1152893979342625e-06,-4136.050444553865,-1.1981988814229445,-2.9773851960074657e-05,-0.009906425222147108,0.33626551184746384,-0.7917636454624929,-0.9775313374153501,1789623842.060648,Detector Aging + Temperature Drift,4,0.8,1
0.007874436042576179,1176317.9899611436,2342902.6558910306,3727.5930773746063,0.9851449207529365,-29.892808939296515,64.8225655315825,5.108157182958917,628.5296187804835,627.5296187804835,0.007427539623531765,0.0004468964190444142,149384410.9725352,0.008373228202636876,0.0011356819223785157,1.289773428817361e-06,0.00161805223224041,2400661.7775977124,82518.59813408041,3738.705655356801,78.17411196759716,0.9847783229211964,0.0018590544605353151,-29.915100341954275,65.30538722920167,-1.4813615869862016e-05,-3.973929636746157e-06,-4469.1926867229395,0.1918860119164569,-1.9426620275394632e-05,-0.003596405112470807,0.36414456106423526,-0.7941361604063789,-0.9761185193903871,1789623843.060648,Detector Aging + Temperature Drift,4,0.8,1
0.009307756327449039,1161306.4480036413,2339493.941713247,3594.281801472945,0.9832137636085194,-30.418217462427414,64.18707854951388,5.036848305072857,650.8932996724177,649.8932996724177,0.00839311819574029,0.0009146381317087487,124767603.18476436,0.008379993837122835,0.001140714101418967,1.301228661176081e-06,0.00161805223224041,2392987.913646573,78848.0402615338,3733.3334608375376,83.14183983844129,0.9847378920747755,0.0018815141282782662,-29.936270482086183,65.28601302872526,1.4666702165741787e-06,-2.675465162098423e-06,-3727.0312351778875,-1.2424471637263867,-3.940658776009507e-05,-0.007979199319361308,0.28768068927409896,-0.8004177176638237,-0.9728558951486584,1789623844.060648,Detector Aging + Temperature Drift,4,0.8,1
0.008684839921235463,1164146.5346148259,2330999.9373958223,3729.0571426936986,0.9848794535706482,-29.993521547106923,66.48016094818333,5.081417071026262,625.0909675554115,624.0909675554116,0.007560273214675894,0.0011245667065595683,134043522.41062608,0.008371266891947842,0.0011375094558622725,1.2939277621760835e-06,0.00161805223224041,2390129.5285068066,79743.05592096997,3732.1798845937337,82.99296631557057,0.9847466572490071,0.001881642766839731,-29.94497137620312,65.44962927577386,9.510831204796583e-06,-4.048962349120644e-06,-4204.511416596709,-1.0362899901570934,-3.8875544858900486e-05,-0.006904957809756596,0.27809042905926984,-0.801017427823144,-0.979234579695231,1789623845.060648,Detector Aging + Temperature Drift,4,0.8,1
0.009550413319403862,1185852.841324507,2416368.2322178967,3770.638744114457,0.9834553490202513,-29.72716334804671,61.68890199779748,4.924901836416487,640.8379047156336,639.8379047156336,0.008272325489874333,0.001278087829529529,124167698.4717692,0.008422650500996099,0.0011603698561255176,1.3464582030047544e-06,0.0018430700202217163,2388868.565817112,79066.06234838623,3736.4187244699697,82.13837411109336,0.9847486524076474,0.0018802455359213553,-29.928520763443945,65.39362958749577,1.934082177842501e-05,-4.781621021016973e-07,-3384.6802881907115,-1.356406506894353,-6.420718507199949e-05,-0.006828995073466495,0.2967608830840942,-0.8163754437973221,-0.9796058288414504,1789623846.060648,Detector Aging + Temperature Drift,4,0.8,1
0.00769546747083951,1221693.1887196247,2396121.768995231,3743.8036837911063,0.9865655502129816,-29.907341907241843,66.0722104834191,4.959944836488534,640.0233482779296,639.0233482779296,0.006717224893509177,0.0009782425773303327,158754902.59025788,0.008459552748689841,0.0011213307511183284,1.2573826534035944e-06,0.0018092340919827902,2387057.3075617584,78357.32447482743,3735.6828550101873,81.98636880087916,0.9847582767637679,0.001888885355012075,-29.934435013953294,65.44785652193637,-3.869029186483661e-06,2.3398428638666593e-06,-2792.381047850006,-1.030420693465406,-3.1672931691837725e-05,-0.004943146749935536,0.3406847449564757,-0.8169422787055246,-0.9796316544318165,1789623847.060648,Detector Aging + Temperature Drift,4,0.8,1
0.008459203819164549,1223844.7573670212,2442643.980543747,3675.0062475280006,0.9839581290548244,-30.097785682021083,62.10036969928935,4.884546782389839,664.6638987856949,663.6638987856949,0.008020935472587809,0.00043826834657673987,144676116.51516998,0.008360425992045065,0.0010009859484289227,1.0019728689521499e-06,0.001584216304001484,2386394.90376165,77812.72648713522,3729.8204265463373,80.8679136363921,0.9848186107196604,0.001837577451196686,-29.957002056370484,65.3423193794034,2.0905949791531405e-05,-8.060661189012387e-06,-1557.8056174000128,-0.7316714136989076,-6.214387660619659e-05,-0.0024427451469408367,0.25146723273100574,-0.8130653338242443,-0.9804219465456943,1789623848.060648,Detector Aging + Temperature Drift,4,0.8,1
0.009584984398705707,1187863.702234694,2449494.5663846238,3746.360671802744,0.98254067458322,-29.972076422048232,67.1144079781327,4.914492998373953,653.833087887379,652.833087887379,0.008729662708389985,0.0008553216903157222,123929643.78691064,0.008432549967008676,0.001021452077584041,1.0433643468007535e-06,0.0018092340919827902,2395627.9555638228,70735.74008685481,3731.0862988594536,80.86922704222235,0.9847230464131022,0.001890667530208676,-29.958175439956037,65.49343087817431,2.6424156178718233e-05,-3.3786397418158475e-06,-2652.6135175013787,-0.7300578524314641,-8.205926412893912e-05,-0.0024392908982015134,0.24534825776327085,-0.8272759563986505,-0.9738867346972865,1789623849.060648,Detector Aging + Temperature Drift,4,0.8,1
0.006378114437361892,1306974.559614324,2504569.9906902653,3871.0020413864822,0.9867215211780486,-29.513412448699214,67.30374718608613,4.784975968952279,647.0081813217541,646.0081813217541,0.006639239410975717,-0.0002611249736138247,204915507.9373134,0.008324365002924442,0.0010879240630556873,1.183578766975595e-06,0.0018430700202217163,2393384.3793557663,66210.50460664096,3739.0178183089356,84.40193557303549,0.9848641159568138,0.0019029071275203722,-29.928254782233353,65.49936782566668,1.396202162964619e-05,-1.578231635905406e-05,3.319671559634332,-0.022250358513083834,-7.889444303862694e-05,-0.0013663208816254433,0.14779592620136967,-0.824492011412566,-0.96979577797188,1789623850.060648,Detector Aging + Temperature Drift,4,0.8,1
0.008430338013547879,1251062.3329708523,2509738.578233345,3683.648532734473,0.9836360072639596,-30.06389854336838,64.23007564048778,4.79175794297256,681.3186860610443,680.3186860610443,0.008181996368020195,0.00024834164552768427,148400020.37407595,0.008387408331133703,0.0010457554960560768,1.0936045575314915e-06,0.0018092340919827902,2399502.6852804404,69529.39476859699,3734.8341251786374,84.45056207289835,0.98469222345785,0.001809706625173002,-29.942081424620955,65.43619910808042,2.3913208931999243e-07,-1.0377219610283232e-05,711.3239380369733,-0.041121029293443336,-5.953879316025705e-05,-0.0005181941527063517,0.19556865912597715,-0.8035701392111619,-0.9717634422693187,1789623851.060648,Detector Aging + Temperature Drift,4,0.8,1
0.008070692410637228,1184137.4651122903,2323160.7531200172,3703.0849128419477,0.9856197614278335,-29.987976394250083,63.926036786841344,5.0619878246782335,627.3582182961875,626.3582182961875,0.007190119286083263,0.0008805731245539652,146720678.33381793,0.008412698765444036,0.0010300267149006613,1.0609550334090484e-06,0.0016122888566095289,2398454.2551716617,70468.68630355045,3734.9164286686637,84.41857125058667,0.9846252756279223,0.0017419277971346867,-29.941760687073646,65.46728087930082,-1.2174167267041693e-05,-7.357127639346623e-06,-494.6826147765441,-0.6722586775057793,-2.496456702480554e-05,-0.0014809741093236703,0.19377084964008653,-0.7981587662411367,-0.9707327198036045,1789623852.060648,Detector Aging + Temperature Drift,4,0.8,1
0.007834710974247117,1193200.1976950003,2326605.850920485,3660.4479553381643,0.9852389137671287,-30.22607782410212,65.98707442078336,5.049843206111686,635.6068654186193,634.6068654186192,0.007380543116435656,0.00045416785781146086,152296645.22623464,0.008374962006973794,0.0010332241617013543,1.0675521683234663e-06,0.0016122888566095289,2396720.2022931976,71671.70424749042,3731.68885916603,85.65250837889205,0.9846638356156788,0.0017444132307597405,-29.956504208360784,65.49732827259695,-1.3855127480191173e-05,-9.745737407136546e-06,-1442.8694769140193,-1.2974523274336487,-2.2803830517650507e-05,-0.003262731038088228,0.2056139275641527,-0.7987775970809526,-0.9824100247303713,1789623853.060648,Detector Aging + Temperature Drift,4,0.8,1
0.008152735050056006,1177695.354349367,2294364.7564986343,3751.9747121453743,0.9870161484589381,-29.909652242041815,66.54333268567495,5.078400853487003,611.5085874837146,610.5085874837146,0.006491925770530926,0.0016608092795250794,144454020.2911754,0.008452127055002147,0.000937251460467407,8.784403001482874e-07,0.0015360449197946895,2390473.2829215834,73491.64293623158,3732.555204585887,85.74372798741653,0.9845679312984918,0.001533833438197354,-29.952604062934114,65.48951174025535,-3.7419984812621435e-05,1.868813537097633e-07,-1849.5135915981386,-1.1239261251031059,4.6409034226359345e-05,-0.003336768042467749,0.20872575008191624,-0.7265309077257184,-0.9776871991073308,1789623854.060648,Detector Aging + Temperature Drift,4,0.8,1
0.009753574018502843,1183377.9364897043,2434007.7376213637,3575.4176351950023,0.9846349114238898,-30.543545689039398,65.68615170380991,4.915903273457473,680.761797911928,679.761797911928,0.007682544288055093,0.0020710297304477494,121327621.4692992,0.008444534396529224,0.0009258393788824676,8.571785554894734e-07,0.0015360449197946895,2389513.0012501203,72755.9979693332,3726.226422288799,91.10200439317849,0.9846015863482238,0.0015256815635482615,-29.97337597968112,65.43064927812557,-1.0493993973223528e-05,1.767976128588975e-06,-772.2421218134824,-2.56360688527103,3.9283351127958716e-05,-0.009508050896202299,0.10808125536283798,-0.7040643756155394,-0.977006713930469,1789623855.060648,Detector Aging + Temperature Drift,4,0.8,1
0.00816068202116262,1198521.1106044308,2358474.749915946,3696.512213945795,0.9850819415670256,-30.013605904706125,64.0489913909019,5.001651623265194,638.0270410085895,637.0270410085895,0.007459029216487223,0.0007016528046753963,146865311.93059307,0.008473644931660489,0.0009047758627155826,8.186193617527268e-07,0.0014730453532019218,2387155.1382668302,72768.50736575708,3731.260654045502,85.68236725276805,0.984481252283047,0.0013548470661458748,-29.95275159795614,65.38381170072591,-2.3230327282320365e-05,6.209782482119006e-06,-779.6658247251992,-4.3935919079661625,7.860446778376692e-05,-0.015437798731772968,0.03527163887772178,-0.6977281229049981,-0.9764874522126854,1789623856.060648,Detector Aging + Temperature Drift,4,0.8,1
0.01041044912126496,1146842.1468910906,2365261.102738629,3783.743722177804,0.9822951897655843,-29.677108943433645,63.62923466820309,4.994025831341876,625.1113385071595,624.1113385071596,0.008852405117207862,0.0015580440040570982,110162600.43464285,0.008591475444221994,0.0009560668651220344,9.140638505842744e-07,0.0014888518061306252,2379519.6165008508,64138.673398146624,3734.2072267648114,86.16854908295839,0.9843720716714296,0.0014152848841287348,-29.938721112662446,65.29167569416342,-1.5441721007226132e-05,1.946258796098652e-05,708.1754719966622,-4.12094531601829,6.385995689071833e-05,-0.013644599775918084,0.08979083788152108,-0.7315455888446916,-0.968670459758139,1789623857.060648,Detector Aging + Temperature Drift,4,0.8,1
0.010101568968006548,1165537.3860933166,2382415.770796885,3644.048929304053,0.981745685134381,-30.21982940144325,63.907952069338364,4.951094307005814,653.7825965064313,652.7825965064313,0.009127157432809507,0.0009744115351970409,115381817.39735472,0.008604595362846966,0.0009742756386145057,9.492130199977029e-07,0.0014888518061306252,2379082.1317362413,64080.099583351664,3730.563391010065,87.959347954692,0.9842880545695302,0.0015036034600795461,-29.950703643846477,65.21651567740848,1.031855940931069e-05,2.097770867827439e-05,873.241938072827,-4.943799790038763,3.435679896077882e-05,-0.01605489561031048,0.028411356990413947,-0.7662726514996201,-0.9678833472106332,1789623858.060648,Detector Aging + Temperature Drift,4,0.8,1
0.008596247553118792,1190279.9143194198,2369040.705548713,3716.130367059602,0.9847761803937114,-29.958209031428346,65.29088214897415,4.993003065637244,637.5020442092894,636.5020442092892,0.007611909803144301,0.0009843377499744906,138465057.80159578,0.008591202044422012,0.0009719941997286537,9.447727243061458e-07,0.0014888518061306252,2380115.123449816,63700.62694852947,3722.7571516816997,79.86119512785172,0.9844072468897478,0.0014169714270505225,-29.97669343578348,65.16712027714794,1.3506354213084456e-05,1.853270623999883e-05,421.8896599189765,-3.2697981108410805,1.3945753986789322e-05,-0.009701782002634801,-0.00041218616402670236,-0.7903634403262485,-0.968007601279666,1789623859.060648,Detector Aging + Temperature Drift,4,0.8,1
0.008729907185729444,1171527.422733928,2361529.496366984,3781.8477056966367,0.9813647039425467,-29.710679642084912,65.36547803847506,5.050068578292547,624.4380208144785,623.4380208144785,0.009317648028726644,-0.0005877408429971996,134197007.80427471,0.008548452398261751,0.000940955734594156,8.853976944656277e-07,0.0014333202848728598,2379498.469356008,63802.85934526985,3720.709568343901,77.63257875369123,0.9843713981845329,0.0014807218186438204,-29.985505726471843,65.18546096775066,2.6861172316754103e-05,1.2452183590223064e-05,218.63727793189267,-1.6215454684116621,-3.560251100183261e-05,-0.002383059451724623,-0.08845630991705553,-0.7200982603607604,-0.9682145398361988,1789623860.060648,Detector Aging + Temperature Drift,4,0.8,1
0.010554293699512888,1159179.9159473523,2401674.753903164,3756.0238021878445,0.9829513939368844,-29.88421048636873,66.40534674932478,4.934967801655506,639.4194713314154,638.4194713314154,0.008524303031557823,0.002029990667955065,109830174.23523584,0.00861723283620306,0.0010189816073015794,1.0383235160189103e-06,0.0014888518061306252,2379208.4726013187,63684.819293704844,3721.0741597539254,77.7760356232395,0.9842840660602401,0.0014974183386217985,-29.98814441616332,65.35053626555863,4.823993400933289e-05,1.5469563762036295e-05,717.6034771263535,-1.0335734393035185,-4.107725392186299e-05,0.000224598357742286,-0.058764543056261234,-0.7340053275015939,-0.9677376851698345,1789623861.060648,Detector Aging + Temperature Drift,4,0.8,1
0.0063907645452459805,1274222.3733390728,2422610.9964176817,3739.76003689171,0.9883746692787702,-29.861076193942935,65.21194502462296,4.893828894885526,647.798514482022,646.798514482022,0.0058126653606149215,0.000578099184631059,199384966.27714956,0.008498331904064628,0.0010955403247319276,1.2002086031137376e-06,0.0014730453532019218,2380451.2230272265,64214.31362429961,3720.390299724627,77.53318895970996,0.9845187318971269,0.001652374626436493,-29.987077307208388,65.29903469624685,3.514846914092034e-05,-4.6874277921236116e-08,1241.5797901948506,-0.503264640867559,-2.1078266633355156e-05,0.002401440777094401,-0.10261789233136989,-0.7752422565310175,-0.9676388813336049,1789623862.060648,Detector Aging + Temperature Drift,4,0.8,1
0.008515779280385062,1211688.4199149993,2418433.5805542045,3842.7589930387776,0.9827734963382537,-29.453827732508152,63.078995567113196,4.922934473807943,629.3482325941433,628.3482325941433,0.008613251830873137,-9.747255048807475e-05,142287438.4151734,0.00849022291307876,0.0010946305279746621,1.1982159927740878e-06,0.0014730453532019218,2380210.956206814,64060.32580248519,3718.9635516450408,74.89519965751973,0.9844370673836694,0.001685821200467252,-29.984112314538894,65.10634626744613,3.7511243355087845e-05,-4.340482706314593e-06,2032.0764477399605,2.2066664812240413,-3.422436055500308e-05,0.01191499212318622,-0.11281173412732694,-0.7629264007626548,-0.9686846166247135,1789623863.060648,Detector Aging + Temperature Drift,4,0.8,1
0.008238505108742293,1158530.188766689,2277784.9541267133,3767.6816850539994,0.9849935097905492,-29.85353405979562,66.60133862992119,5.141949644868866,604.5587564263852,603.5587564263851,0.007503245104725387,0.0007352600040169063,140623835.69287518,0.008467420211589182,0.001093698606382072,1.1961766416020868e-06,0.0014730453532019218,2378233.3235243787,66386.44856985194,3722.7875832500354,74.84441619057652,0.9844908372702441,0.0016812678525126624,-29.970979035598297,65.13004496434344,3.8371191721012176e-05,-1.0209460390143487e-05,556.7538091160962,2.1875457609169673,-3.6966016681789696e-05,0.011142792671562348,-0.10866963837486175,-0.7625688994244563,-0.9715725720278275,1789623864.060648,Detector Aging + Temperature Drift,4,0.8,1
0.007365126965457702,1219094.3769788418,2359958.309112865,3721.065699071452,0.9865217442957734,-29.918456493174546,65.0050241966913,4.998550074095644,634.2157059204208,633.2157059204208,0.00673912785211328,0.0006259991133444219,165522520.2085952,0.008451156833901317,0.0011068666272736091,1.2251537305720545e-06,0.0014730453532019218,2376518.2824387234,66282.50026038817,3717.752921939121,70.42713727544061,0.984530805510782,0.0017168200797873568,-29.982113057776836,65.0174807109334,2.1239089101988643e-05,-1.4660524940806932e-05,634.0714956930595,3.4130979313650975,-7.902172479124289e-06,0.014936347108961724,-0.08779116331644052,-0.7695651282825243,-0.9710898012594077,1789623865.060648,Detector Aging + Temperature Drift,4,0.8,1
0.010846590817882088,1166234.8695618915,2439386.094281816,3613.855712552211,0.9811079839200195,-30.369566841091775,65.412197891354,4.8828355242710435,675.0092666425384,674.0092666425384,0.009446008039990239,0.001400582777891849,107520868.92032415,0.008607428148228076,0.0011571042083471307,1.33889014897464e-06,0.0016759772768276827,2378960.6105144336,67419.34705594234,3715.434228998615,72.81489103157395,0.9843990989700907,0.0018433868921699798,-29.984342264370692,64.92029693851939,2.8237298673775024e-05,-1.9520108887413514e-06,1232.4858583634013,1.9947479090509912,-4.079902943634592e-05,0.0080426144629062,-0.26645916649924944,-0.8334072388677292,-0.9723123479465837,1789623866.060648,Detector Aging + Temperature Drift,4,0.8,1
0.009431148221682893,1155152.9530784842,2358083.7900153985,3739.145640914312,0.9835285039994788,-29.94583101848925,66.35851708213747,5.049084271156348,630.6477512437278,629.6477512437278,0.008235748000260612,0.0011954002214222808,122482748.22175987,0.008684733187676742,0.001144931341737421,1.3108677772926509e-06,0.0014797209087666335,2385005.0821601884,57819.22763186247,3721.3956666525282,68.26938810436646,0.9843256042674464,0.0018400014176530879,-29.96477656792628,65.05832068274637,2.475180945497045e-05,2.957214752253042e-06,-680.1093703643907,0.9603771862592734,-3.916756474856607e-05,0.00389179123413933,-0.3569691415281446,-0.8343815866452382,-0.9666624301234561,1789623867.060648,Detector Aging + Temperature Drift,4,0.8,1
0.008900634429628365,1141973.8438265547,2265550.4364574584,3595.238403639356,0.9842155781919897,-30.414378304401964,62.73675171022814,5.145595100983642,630.1530474763807,629.1530474763807,0.007892210904005159,0.001008423525623206,128302521.89946829,0.008725781123158829,0.0011334831801143035,1.2847841196020347e-06,0.001397678269347856,2381910.9933828455,61914.1471868235,3716.101479703118,72.57941044912097,0.9842884305650084,0.0018324454649914716,-29.985639342530494,64.9748881298922,1.8641772545056728e-05,4.826890547622504e-06,-2203.791901081168,-0.14217728817999264,-3.1990025205571934e-05,0.00046129764527683267,-0.34336755199793223,-0.8332216392752484,-0.9800748606624925,1789623868.060648,Detector Aging + Temperature Drift,4,0.8,1
0.009440125610437448,1115155.363672523,2292348.216277872,3827.956328913405,0.9817062040189294,-29.767648864684453,68.61078578859971,5.201101236776476,598.843878903021,597.843878903021,0.009146897990535308,0.0002932276199021401,118129292.94495349,0.008731075894478366,0.001136494523225949,1.2916198013225772e-06,0.001397678269347856,2380025.164365431,63864.674598758196,3725.448460800737,71.3250565861175,0.984228128181425,0.001890698124878265,-29.959616598620784,65.15183641945563,3.105547370129991e-05,2.937629503792422e-06,-3454.695744899983,-0.3278677700790737,-6.657263211888428e-05,-0.0018522637581903632,-0.3026913631776469,-0.8279568654711933,-0.9692309079338721,1789623869.060648,Detector Aging + Temperature Drift,4,0.8,1
0.009538447897520418,1158627.460370958,2332961.1747716404,3634.9284583652293,0.9817671459401638,-30.255983010334155,64.32671203205831,5.026522207468314,641.8176317618271,640.8176317618271,0.009116427029918106,0.00042202086760231156,121469181.6550312,0.008765220213529764,0.0011473632547027424,1.3164424382420702e-06,0.001397678269347856,2380103.6138604637,63805.58248903076,3721.6833134275976,73.4868783695987,0.9841036358762055,0.0019453867015391992,-29.97011505714987,65.06569846281063,3.804577861233599e-05,2.8983727786311486e-06,-4379.384841615665,-1.127350204400286,-8.277613737675267e-05,-0.004927003197329098,-0.32335438930296984,-0.8302217566400051,-0.9675607281614054,1789623870.060648,Detector Aging + Temperature Drift,4,0.8,1
0.007537763784535557,1209682.4482004647,2356865.936613087,3727.7542232713618,0.9856912739000193,-29.89218526778459,64.69006656763773,5.016798745454607,632.2482104372145,631.2482104372145,0.007154363049990342,0.00038340073454521447,160482934.03439412,0.008684714232135031,0.0011599853740734928,1.3455660680644211e-06,0.0014677554868831894,2377723.5220362707,63517.573974787796,3719.9679325938737,72.82161513731548,0.9841930728713963,0.0019648265033582702,-29.976715933939385,65.18574504560425,3.4567342634207366e-05,-8.387863165137418e-06,-4231.240294170956,-0.5817567297430993,-7.460388571647385e-05,-0.0017781342044641453,-0.3654012861394314,-0.835171546009954,-0.9672494235731546,1789623871.060648,Detector Aging + Temperature Drift,4,0.8,1
0.008548187549058861,1176268.3683339134,2339268.4012404084,3790.741668195958,0.9847210506277103,-29.74329938081341,66.2912987891587,5.048647485552063,617.1004531558289,616.1004531558289,0.007639474686144843,0.0009087128629140188,137604417.49589574,0.008718823035263806,0.001142805264615047,1.306003872831868e-06,0.001385712847464412,2375449.387326078,63835.120019727336,3721.8454519700676,74.00738947454373,0.9841192928879853,0.0019081677529347429,-29.970154232882248,65.19450857783382,2.3414628715933658e-05,-7.893388048837521e-06,-4402.228170389314,0.3098968031715423,-4.600547147310422e-05,0.0010702203990587177,-0.3613249580178975,-0.8300159787796223,-0.9676142115934435,1789623872.060648,Detector Aging + Temperature Drift,4,0.8,1
0.007430932504942234,1220563.2644327837,2367573.264018513,3761.7977335163464,0.9883001380106743,-30.01797323852312,68.5938994081493,4.987498859048671,629.3728243079726,628.3728243079726,0.005849930994662855,0.001581001510279379,164254387.13391623,0.008677692182694912,0.0011695992993447728,1.3679625210277833e-06,0.0014677554868831894,2372446.5586650684,62352.08389775222,3725.3171114096017,73.76403071072102,0.9842929732462194,0.0020758321205857307,-29.96696173514233,65.45424976618823,8.930216275049657e-06,-1.3429936364236964e-05,-3802.984914897839,0.21029504994728715,-9.024693287584903e-06,-0.000647500298245376,-0.35035422079959383,-0.8319542735759288,-0.9656770991425997,1789623873.060648,Detector Aging + Temperature Drift,4,0.8,1
0.011113786514855062,1093684.5403174579,2324913.191800507,3768.82417177629,0.9806515242083857,-29.800136922505608,65.91745580352809,5.137629303858808,616.880248543075,615.880248543075,0.009674237895807125,0.0014395486190479367,98407913.3475888,0.008738844267340888,0.001252468762392578,1.5686780007691958e-06,0.0014677554868831894,2367463.3036817038,60957.940869424376,3726.215651408543,74.15069903427566,0.984217407231226,0.002170472941518754,-29.960084155160626,65.40637167920404,4.049016303971282e-05,-9.908980326691775e-06,-3471.274377990549,0.8223342880327555,-6.0161055651426313e-05,0.0008412741801114757,-0.27557536013975464,-0.8484676803178596,-0.9609887773653265,1789623874.060648,Detector Aging + Temperature Drift,4,0.8,1
0.009041839122932238,1147891.980553318,2322769.6743340543,3507.7854751770146,0.9847306613709907,-30.769647508272136,62.320830806808445,5.110638722261449,662.1755209294375,661.1755209294375,0.007634669314504627,0.001407169808427611,126953373.63855468,0.008845393254763701,0.0011567522362817613,1.3380757361428557e-06,0.001385712847464412,2360191.2910274556,54689.66504074373,3711.6869887601656,79.73198765582765,0.9841377728389434,0.0021128949049972804,-30.01033355754354,65.20705502403294,1.9679740329996884e-05,-2.5211507867923516e-06,-2512.7640864986224,0.25391963798264544,-3.0382185662294507e-05,-0.002164901245534534,-0.15629020053477682,-0.8409447549951531,-0.9505111231533103,1789623875.060648,Detector Aging + Temperature Drift,4,0.8,1
0.007899507713774212,1211269.7604977589,2374971.0217572013,3793.9980068801547,0.9851526669105406,-29.883226457195782,68.42772210860558,4.979014606066059,625.9810936775282,624.9810936775282,0.007423666544729701,0.00047584116904451045,153334841.15544218,0.008824160042772753,0.0011689833322109829,1.3665220309870933e-06,0.0014677554868831894,2354800.5887684096,45563.82078596115,3716.100967725992,81.10033657602214,0.984198439224807,0.0021193805983264788,-30.003106674096635,65.37496088275765,6.797936770243371e-06,-5.851783689310829e-06,-880.8629307805346,0.7333290911410191,-2.60315884435476e-05,-0.0015272547928805507,-0.17055572692409818,-0.8479408237318748,-0.9362549870938079,1789623876.060648,Detector Aging + Temperature Drift,4,0.8,1
0.009384220255749936,1208949.7203650994,2479513.675864382,3738.5698460098665,0.9843763447066682,-29.850387842281897,64.33966096116083,4.85594477415496,663.2251844942095,662.2251844942095,0.007811827646665881,0.0015723926090840546,128827935.34437206,0.008876701156577264,0.0011634430029557274,1.3535996211266406e-06,0.001385712847464412,2361054.7056781845,51176.545233339755,3717.5203650527087,81.17060561703742,0.9841487025559601,0.0020999428864998076,-29.997603132017908,65.39150584973044,4.433047030215935e-06,-1.3179071768201995e-06,-46.06356022471275,0.8105735726132627,-1.017616196533075e-05,3.3760299259510105e-05,-0.1598977595415353,-0.8396306716986269,-0.9416142944497129,1789623877.060648,Detector Aging + Temperature Drift,4,0.8,1
