qber,skr_bps,raw_counts_hz,dark_counts_hz,visibility,temperature_celsius,timing_jitter_ps,channel_attenuation_db,count_to_dark_ratio,signal_to_noise_ratio,optical_error_ratio,qber_to_visibility_mismatch,skr_to_qber_ratio,qber_roll_mean_25,qber_roll_std_25,qber_roll_var_25,qber_iqr_25,raw_counts_roll_mean_25,raw_counts_roll_std_25,dark_counts_roll_mean_25,dark_counts_roll_std_25,visibility_roll_mean_25,visibility_roll_std_25,temp_roll_mean_25,jitter_roll_mean_25,qber_slope_25,qber_acceleration_25,raw_counts_slope_25,dark_counts_slope_25,visibility_slope_25,temp_slope_25,corr_temp_qber,corr_vis_qber,corr_counts_loss,timestamp,fault_class,fault_id,fault_intensity,is_anomaly
0.06519378246728294,104919.37072073287,1289807.6558826596,594.2766913513096,0.88,-39.763428400722646,98.84450728168379,7.605824662338249,2170.3823734863317,2169.3823734863317,0.06,0.0051937824672829425,1609346.2712243448,0.01010304085393761,0.011286898352381114,0.0001273940744169835,0.001657058087605254,2332896.4115781067,223774.8525108412,504.1042381968898,21.675100045760434,0.980310434537698,0.02055127109256484,-40.04572849850629,66.49014526358452,0.0005823273487100746,0.00019767841400669867,-10459.877826867874,0.6586666076462241,-0.0010348669566485945,-0.005272739963248681,0.1400175219891785,-0.9983337255620893,-0.9946260072912552,1789623678.6479166,Unknown Fault,8,0.7,1
0.06616269399938166,92441.00254156745,1236049.9651970738,592.3042586192736,0.8721060994002885,-40.06630832756261,103.01313575176725,7.827119895592283,2086.8497013316132,2085.8497013316137,0.06394695029985575,0.0022157436995259017,1397177.1243539657,0.012455390720852262,0.015724681629311586,0.0002472656123432093,0.0016680735389711428,2291539.405789313,310369.62505675864,506.80269385680464,27.50444353116076,0.9758232554022781,0.02949432186157508,-40.07045241417991,67.92830008021261,0.0010723101347784125,0.00034502441643862207,-21213.827271612274,1.6802069315594963,-0.0019939247715899775,0.0005124730117657514,0.12765679359291585,-0.9987669829813678,-0.9972116109852222,1789623679.6479166,Unknown Fault,8,0.7,1
0.06312183362121351,121439.22435056296,1301544.539970711,576.114325778758,0.8496706709347166,-40.29285871060818,100.17144711571838,7.588875542821517,2259.1775307988714,2258.1775307988714,0.0751646645326417,-0.012042830911428187,1923886.1956910987,0.014676788551056742,0.018549028240539348,0.00034406644866832626,0.0018335985487083102,2245920.8957458665,364068.98479999765,509.6347014303076,30.66838123740186,0.9704403375169726,0.03840158980474106,-40.0882677409327,69.41162784966589,0.0014913153483880866,0.00043580558442134936,-28847.562564954573,2.305121036682845,-0.003074206540024349,0.0006892605378804662,0.036722608886655864,-0.9901384699245789,-0.9980079991662497,1789623680.6479166,Unknown Fault,8,0.7,1
0.06253838604951378,121126.80495638518,1284233.5815620394,610.5732441019651,0.8162357754476673,-39.492491257439035,100.7871999289754,7.75465264252762,2103.324366024093,2102.324366024093,0.09188211227616633,-0.029343726226652544,1936839.3175430677,0.01687117688655783,0.02071041928269166,0.0004289214668648865,0.0019774411163307193,2201220.8617115775,408130.76082634536,514.4448175884506,36.19439437351834,0.9636458955887938,0.04868135695121522,-40.05668599757195,70.9037915196915,0.0018631336010216037,0.0004857731072035954,-36166.540867609765,3.043717817755889,-0.004341068405466338,0.004251064764878555,0.19608362492556788,-0.9732230363137779,-0.9982424494008924,1789623681.6479166,Unknown Fault,8,0.7,1
0.06418989565177709,110391.20952080977,1265901.9246707424,578.2867721686699,0.7770800477698712,-39.96939886728177,95.8245851695229,7.691109448802703,2189.0556478119033,2188.0556478119033,0.11145997611506442,-0.04727008046328733,1719759.9154806167,0.01914243079117671,0.022577503506778847,0.0005097436645986111,0.0024217822014018144,2156206.2938221633,445075.92513301887,518.0893090425693,37.81582780915574,0.9554345039904001,0.06066880774937141,-40.0404661458071,72.17974777307082,0.002205295485736485,0.0005086754609465748,-42899.80153065688,3.3603248499996754,-0.005876025271616407,0.0018747004830941996,0.18531684445440316,-0.9553576712007005,-0.9985151512882612,1789623682.6479166,Unknown Fault,8,0.7,1
0.06417566555173229,116981.9656072663,1358741.1006619257,586.8524433606775,0.7383853163452858,-40.189166608651945,102.83917556142075,7.452547168453427,2315.3027920970044,2314.3027920970044,0.1308073418273571,-0.0666316762756248,1822839.9285234779,0.021385998576626014,0.02410270498429117,0.0005809403875597743,0.0026734529068922954,2119437.692852449,470728.9640898258,521.9732654774881,39.64807450097291,0.945534023781176,0.07368839385848522,-40.03608393155096,73.70260103386026,0.0025104272847694576,0.0004976326010621627,-49043.52038746366,3.711703708925917,-0.007574928058639502,-0.0020804773664176517,0.11879784117218893,-0.9368301115469889,-0.9987811318908085,1789623683.6479166,Unknown Fault,8,0.7,1
0.0636473864304011,124616.57989096508,1395919.3050759914,581.2190866872304,0.7062606284458754,-40.13261049629526,99.63447990360872,7.3369643651174705,2401.709333105871,2400.7093331058704,0.14686968577706228,-0.08322229934666117,1957921.399132928,0.023659085843614727,0.025273067957494753,0.0006387279639841481,0.054975955528893734,2075256.25279697,484526.5064064838,525.1258970940014,41.07449416576581,0.9343668412201808,0.08678504271891965,-40.03669677005851,74.98390937275731,0.0027548744652102636,0.00046289215584466016,-51911.97552314122,4.062888520369541,-0.009384543867146454,-0.003783547830767315,0.08439860128847247,-0.9208582151740388,-0.9989233420159522,1789623684.6479166,Unknown Fault,8,0.7,1
0.06506031239205305,108726.78974863433,1338820.5159022913,592.888638429154,0.6857777659331341,-39.849677691058645,99.69723164219914,7.49776986012448,2258.131509231596,2257.131509231596,0.15711111703343295,-0.0920508046413799,1671169.1928782535,0.025975783304269376,0.02628710580456436,0.0006910119315803613,0.05554241428359319,2031829.617242811,499695.00553481845,528.7588413051176,42.85224864614687,0.9223992700440131,0.09878191528656938,-40.03306233994066,76.42899863909584,0.0029718775336704116,0.0004100729733532903,-55217.542344114445,4.45778210865113,-0.011173210213240069,-0.001095634610233112,0.12870160373743617,-0.9128011437659515,-0.9990074823008249,1789623685.6479166,Unknown Fault,8,0.7,1
0.060388046049179724,146167.21064194737,1333306.2569151411,568.6184409182287,0.6801705224205247,-40.23309746734651,96.1521112776446,7.495598263779363,2344.8171233456005,2343.8171233456005,0.15991473878973766,-0.09952669274055795,2420465.973065423,0.028120424057074198,0.02681472041276793,0.0007190292308149132,0.055152017073563056,1987559.1810011992,510476.5486084345,530.5034686755981,43.54605228659054,0.9101596845671022,0.10859296451371364,-40.06699032645514,77.62565276917944,0.0030974916290251757,0.0003240784005472054,-57583.07482847442,4.788156027821569,-0.01277155899061787,0.003539532645197323,0.18324747008568754,-0.9026647075287908,-0.9990448143165693,1789623686.6479166,Unknown Fault,8,0.7,1
0.06463072188948395,109370.51539306038,1301084.200173541,581.8606765289543,0.6903241583665853,-40.00787296641814,97.87131671931586,7.601528889719777,2236.0751510740683,2235.0751510740683,0.15483792081670733,-0.09020719892722338,1692237.254909202,0.03045758698460241,0.027343548885498354,0.0007476696656536383,0.05564095530883154,1946622.484124525,522703.74128737015,533.6879550002279,44.268346930524054,0.8983498868345741,0.11557942617532234,-40.069894568415954,78.95959948053954,0.0032153220093048486,0.00024492440135524417,-60550.34254829924,4.979673059228681,-0.014046715830572728,0.005402465443804937,0.21004972006347028,-0.9036317209404283,-0.999200567887667,1789623687.6479166,Unknown Fault,8,0.7,1
0.06279416626382452,124949.0707499204,1295115.0454151928,608.9403183300309,0.7146356379136388,-39.58225943314713,101.62437352051488,7.5566928948440655,2126.8341189280095,2125.8341189280095,0.1426821810431806,-0.07988801477935607,1989819.7266439875,0.032644210158464707,0.027654496006402667,0.0007647711493681411,0.05564095530883154,1906697.8719837184,532727.1569302761,538.2630252511076,45.869851479002875,0.8875008463307037,0.11951822762306745,-40.04572372824788,80.40858336379826,0.0032905235096704704,0.00014190028680206819,-63098.17871904628,5.283066329774184,-0.01486742203000773,0.008737354156955677,0.2583176860549236,-0.9050956322771175,-0.9992385659208247,1789623688.6479166,Unknown Fault,8,0.7,1
0.06374884520397307,111511.47478281314,1270612.702872138,598.3238061591527,0.7492667130021581,-39.77174061450728,100.5727121909693,7.773949276278999,2123.620504135779,2122.620504135779,0.12536664349892096,-0.06161779829494789,1749231.290794634,0.03493152211452997,0.02776754330206545,0.0007710364610320798,0.05554572395529242,1861999.5248623642,537322.6563122913,542.132607434311,46.68563169799895,0.8780486093438225,0.12072649222309982,-40.03738652128949,81.81716673858548,0.0033168615792216207,4.3699263770109266e-05,-64155.9990370074,5.470685801435765,-0.015162711501144096,0.011921958450830827,0.3030829822204319,-0.906727955107842,-0.9991493107162159,1789623689.6479166,Unknown Fault,8,0.7,1
0.06388780222196226,115387.07288931416,1307217.361753243,592.3748176786497,0.7887498983439447,-39.72251232950733,97.43598667496808,7.591717689415087,2206.740264341182,2205.740264341182,0.10562505082802764,-0.04173724860606538,1806089.2514103162,0.03716824154150245,0.02775778901246428,0.0007704948508604827,0.05508202771330872,1819928.8784857187,537938.0112398618,546.0603341782369,46.616741424018045,0.8702322539548893,0.11992658648386864,-40.01055882519968,82.9892344746767,0.0033145332630060463,-6.0549817789442554e-05,-64307.22519494452,5.454950466306961,-0.014925905557754608,0.011270307347266988,0.29646174909785844,-0.9045384301639051,-0.9991696885217657,1789623690.6479166,Unknown Fault,8,0.7,1
0.0650363991987131,103736.8386152892,1265022.1298477922,587.1733693659305,0.8268516671300377,-40.070430679751716,101.01875570875353,7.70109818763339,2154.42694755358,2153.4269475535793,0.08657416643498117,-0.021537767236268074,1595058.1504109763,0.03938687756455297,0.027679820392064455,0.0007661724569369471,0.05536989104307875,1774586.2342369491,535018.076752484,550.128345910141,45.57796061942173,0.8639709855190936,0.11792510589626745,-39.99569636139102,84.42076097695956,0.0032958003660359296,-0.00016552863822137196,-63642.84776040451,5.228582825401958,-0.014194830503129724,0.006403309576793291,0.2336175671738441,-0.8947739363787868,-0.9991863370781684,1789623691.6479166,Unknown Fault,8,0.7,1
0.06481525792006845,109366.67310019778,1338794.8401269983,603.1942964755395,0.8575565878510251,-39.76826944693842,102.43319302528208,7.5467848263594055,2219.5084534942853,2218.5084534942853,0.07122170607448747,-0.006406448154419014,1687359.992227001,0.04169353922451378,0.027297324203427367,0.0007451439086670216,0.05537310569175766,1730538.7834286788,523632.23396864766,554.1130522375049,45.688400659225564,0.8588061618059466,0.11523466736761152,-39.99054044360481,85.98952235207724,0.0032081422655748713,-0.0002568629044865502,-61011.58879122067,5.252905292895568,-0.013026978376151997,0.009487924638943311,0.2820669731384883,-0.8764789404961935,-0.9991862581016067,1789623692.6479166,Unknown Fault,8,0.7,1
0.06555230299790776,96660.14458942426,1228722.3510038822,578.0973026604349,0.8760170286650366,-40.10638736973566,97.95042830420329,7.83695859097088,2125.459408561908,2124.459408561908,0.061991485667481694,0.0035608173304260693,1474549.9420898969,0.044012454570925265,0.026757900470864487,0.00071598523760869,0.05564840691972735,1682311.0289812183,511976.4174619821,556.8610996767572,44.97670272234563,0.8544333414002715,0.11238926989670758,-40.00553988501509,87.382770082868,0.0030872358092295738,-0.0003369376572392771,-58604.96618752468,5.027129018138844,-0.01160279506590455,0.011009959488998652,0.33270900164404255,-0.8505383702245892,-0.9991901033696166,1789623693.6479166,Unknown Fault,8,0.7,1
0.06614958721989149,96522.11841296843,1280762.2221261896,565.8805885808101,0.8793184918758192,-40.55187313047402,100.17861288380512,7.6518713646039584,2263.3082808835234,2262.308280883523,0.060340754062090385,0.005808833157801105,1459149.2172447566,0.04629914546093067,0.026101225274685457,0.0006812739608398788,0.05568910038268945,1633364.2563770288,489017.82999898586,559.2901085686314,43.741495586611634,0.8503167682151676,0.10947997240184584,-40.03301796559892,88.78275151506203,0.0029412771761314215,-0.00040723385073445614,-54090.365475997096,4.593328504863629,-0.010095091183560357,0.007373071068436604,0.28681151530445315,-0.8214356042026116,-0.9993893738353252,1789623694.6479166,Unknown Fault,8,0.7,1
0.0647877569095328,108480.98100648086,1311598.7833790851,597.1110108006943,0.8669397490349825,-39.801875581172595,100.58678838509292,7.588975706528743,2196.574438679837,2195.574438679837,0.06653012548250875,-0.0017423685729759525,1674405.5695269655,0.0485379841389112,0.0251741461303037,0.0006337376333898848,0.05499308859212787,1595272.7879861325,475317.28106217843,563.7694462015627,41.59888834016961,0.8456907436505449,0.10618693439780927,-40.00766741919084,90.23001661783945,0.0027371177268017133,-0.00046523952933214056,-50755.29593592577,4.2008191395550964,-0.008618912334331284,0.005480480320769476,0.23539821267651856,-0.7954372365071337,-0.9993540643898177,1789623695.6479166,Unknown Fault,8,0.7,1
0.06264020838033112,121210.77235183612,1263856.324874098,599.7126208957818,0.8408351314532254,-39.76232646305844,100.96549087443758,7.725055321788855,2107.4365968591665,2106.4365968591665,0.07958243427338729,-0.016942225893056176,1935031.4356536532,0.050715467624177224,0.023913909375686406,0.0005718750616285422,0.0044272118708887295,1554292.8445683762,457630.99071505776,567.966557391686,39.67585174478913,0.8399368325803107,0.10232667174615952,-39.98488613621636,91.56786617957563,0.002463943475512515,-0.0005061136468095411,-46883.70360287204,3.8427562399899804,-0.007273811724413531,0.004503254887387173,0.18351644071683368,-0.7733029315627549,-0.9993027865748254,1789623696.6479166,Unknown Fault,8,0.7,1
0.06243088196003379,127187.4543638472,1309340.2527059785,578.6982823814486,0.8051259842582255,-40.18376125458155,99.4466058105,7.577631127452795,2262.5611524502983,2261.561152450298,0.09743700787088727,-0.03500612591085348,2037252.2439338346,0.052970995815776814,0.022191245193758688,0.0004924513632495181,0.002384375960034664,1512914.7151250606,430327.31062301766,570.3118469729384,38.49027479209519,0.8326139824074087,0.09790990502972985,-40.00615702586034,92.82299501627958,0.002125357857148321,-0.000509893596058897,-41249.798008627746,3.4628131714031,-0.00611253857199735,0.005996455791359408,0.29798750372907695,-0.7488985477932592,-0.999206622182376,1789623697.6479166,Unknown Fault,8,0.7,1
0.0623765408520585,131996.33104567492,1353839.0993635722,603.3503849835633,0.7654499966191386,-39.45476921060802,97.38950094015293,7.435650768550531,2243.8687917642646,2242.8687917642646,0.1172750016904307,-0.0548984608383722,2116121.36939009,0.05507317067674153,0.02042297593666337,0.00041709794610953117,0.002384375960034664,1474514.3572881538,398822.5681587098,574.9334116524238,35.093451981546764,0.8240313276718065,0.09393630333492753,-39.970105789714395,94.21186165088403,0.0017806900079894825,-0.0004954828783394943,-34708.85500635266,2.942778501736063,-0.005258489999409682,0.007587258586650138,0.22494515785755223,-0.7193172645957794,-0.999025397295503,1789623698.6479166,Unknown Fault,8,0.7,1
0.06268055518055222,121863.00824551548,1280409.254765021,590.0304379768331,0.7280711345883314,-40.01959594467397,101.33296536315031,7.691921305130965,2170.0732239432277,2169.0732239432277,0.1359644327058343,-0.07328387752528208,1944191.590110958,0.05727789566313882,0.0180072543325222,0.0003242612085961396,0.0022768718705546698,1432668.5646767647,360245.1599418646,577.8927399165918,33.063669899783726,0.8137232981092606,0.08966441762748122,-39.978586830936294,95.51782390993992,0.001375804617232674,-0.0004349536344954161,-27980.19728664257,2.493273865009634,-0.004526870937301594,0.008755785142902003,0.32148448209744535,-0.6683211118745284,-0.9988022912198965,1789623699.6479166,Unknown Fault,8,0.7,1
0.06300601312904386,121310.21727474507,1273466.1287568007,599.0749210343025,0.6988906985938343,-39.79029557661341,101.17199507825217,7.6243509802868354,2125.7209808719117,2124.7209808719117,0.15055465070308283,-0.08754863757403897,1925375.2340476967,0.05943308988680542,0.015105800351562705,0.00022818520426127196,0.0021750495397373365,1388926.8882380908,306524.79091054405,582.0155852881101,28.738889663795593,0.8023764482350317,0.08542925886040353,-39.96541136757757,96.96253383437087,0.000947162166429584,-0.00033894292610551623,-20106.36348312727,1.8699121590091365,-0.0038984776901948635,0.009082904963277962,0.31896615356880875,-0.585627706677535,-0.9982301599731624,1789623700.6479166,Unknown Fault,8,0.7,1
0.06184249008059133,132652.9347374329,1314171.535609842,587.5774920763228,0.6825156378595836,-40.02247368764179,100.3974033990364,7.551163893045787,2236.592710462672,2235.592710462672,0.1587421810702082,-0.09689969098961687,2145012.831219497,0.06155455850968292,0.011017793836300293,0.00012139178101921671,0.0021750495397373365,1346621.8285303263,231840.11032770594,586.0011575610981,21.38350058209398,0.7903609198436414,0.08015512599932946,-39.95221843339144,98.56462019555052,0.000463129629821474,-0.0002021001507671607,-10967.701491344716,0.9804788366892871,-0.0031996111764905355,0.004687319107815334,0.16956415517605267,-0.42600136414067774,-0.9971051160916963,1789623701.6479166,Unknown Fault,8,0.7,1
0.06360834861333373,116643.93182003108,1312788.228882602,588.7540099540147,0.6815312144205874,-40.076044866833136,101.74621696254847,7.624559877369815,2229.773736887395,2228.7737368873954,0.1592343927897063,-0.09562604417637258,1833783.369052595,0.0637786352093535,0.0013848856031632036,1.91790813384871e-06,0.0021347027395162282,1300445.0122997821,37877.89984329863,589.6515294919093,11.440995205372523,0.7783106622669408,0.0726103972539143,-39.94726105530517,99.96344877894094,-5.33935815644213e-05,-7.007525110924413e-06,-74.14358078031765,0.12082532308105932,-0.0022799257327586987,0.0010666970200620249,-0.19668129473803764,0.5350999696760448,-0.9497485969012318,1789623702.6479166,Unknown Fault,8,0.7,1
0.06475229235099324,110292.6413897148,1306013.4534956065,591.4117549769945,0.6960928470923547,-40.09700740885251,103.1607326666209,7.530414518688828,2208.2980977380294,2207.2980977380294,0.15195357645382263,-0.08720128410282939,1703300.9548429218,0.0637609756047019,0.0013694564363008752,1.8754109309258933e-06,0.0021072017289805733,1301093.2442043,37828.947373264105,589.5369320369366,11.408395574048898,0.7709543761506349,0.07123844996128186,-39.96060421563036,100.13609779433844,-3.025450460075978e-05,-4.672796760102856e-06,-129.11614929777838,0.18332517692200467,-0.002021966033962746,0.001522749533142539,-0.24734790047813235,0.45839311891018747,-0.9465398940513223,1789623703.6479166,Unknown Fault,8,0.7,1
0.06313130023863807,124662.27497738734,1340847.3219437914,612.5173139708082,0.7239015742572772,-39.57591485796408,102.9096871264149,7.476210356190566,2189.0766046291624,2188.0766046291624,0.1380492128713614,-0.07491791263272334,1974650.8389049564,0.06363971985427215,0.0012829020097751007,1.6458375666849925e-06,0.0020717371704410126,1305285.1384741687,36158.64521681714,590.345454250998,12.260317112533425,0.7650261951449144,0.0686954527231251,-39.94098847684642,100.13195984932436,-1.2049708648397507e-05,-1.4344646403113976e-05,-412.5882217747355,0.42312504521188143,-0.0014447823574048964,0.004016687099970387,-0.24573651583279618,0.4024606549646804,-0.9413283060925998,1789623704.6479166,Unknown Fault,8,0.7,1
0.06244462262732021,125659.86192058449,1296760.325089233,593.8597489570321,0.7605670093544665,-40.0667359195784,103.6452711351455,7.62475012458584,2183.6137696933865,2182.6137696933865,0.11971649532276674,-0.05727187269544653,2012340.8010733484,0.06361263141451642,0.0013005790373428504,1.6915058323756555e-06,0.002112083970662121,1305093.7698789097,36190.581877330435,591.0552711781289,11.924954742779391,0.7614620486817045,0.06648736697351788,-39.93194356520523,100.27091281010142,-2.8260237689309536e-05,-1.5014546556435854e-05,-528.684791901025,0.31325340392979667,-0.0006394993144956249,-0.0006627608628654367,-0.25360020409303363,0.43180110351844286,-0.9420263014771488,1789623705.6479166,Unknown Fault,8,0.7,1
0.0620454613683591,128134.76021521757,1295522.28498659,593.1595738803766,0.8003004863818752,-39.786490204860975,98.77832927652665,7.645527920286824,2184.104146733135,2183.104146733135,0.09984975680906238,-0.03780429544070328,2065175.3954167801,0.06359291442727023,0.0013203021725208637,1.7431978267633123e-06,0.002112083970662121,1305545.3180158914,35997.402066772695,590.3587243692655,11.25426323988746,0.7608246371190728,0.06603403817378858,-39.94370352310211,100.19055798400348,-5.3468876380788066e-05,-1.297130309857458e-05,-825.6388433065217,0.5278574658042895,0.00026674660885788815,0.005074408617974265,-0.23450827906925928,0.42719709645530873,-0.9532886670374539,1789623706.6479166,Unknown Fault,8,0.7,1
0.0634694296556293,120630.92659131456,1328434.9961629563,589.7338531620392,0.8368289629767975,-39.97205095914425,100.43699182669482,7.522084866941069,2252.6008792612874,2251.6008792612874,0.08158551851160123,-0.018116088855971935,1900614.630473766,0.06356409578742432,0.0013148086511037581,1.7287217890172841e-06,0.002112083970662121,1308046.6408755803,35322.0878304045,590.8166076090002,10.983402085653537,0.7632145937273498,0.06764080921968901,-39.94380960677661,100.37505425029036,-4.8638923566251245e-05,-1.0822968786728496e-05,-1010.7834400158775,0.40136990188547655,0.0011308791078987162,0.004555786535788684,-0.23310379085758962,0.41098034703527514,-0.9529269371035227,1789623707.6479166,Unknown Fault,8,0.7,1
0.06445700919295357,114263.21823805415,1352009.2921552616,568.4300403040149,0.8643853958732493,-40.31805349475285,97.44027304772544,7.469719849413921,2378.4972578721613,2377.4972578721613,0.06780730206337537,-0.003350292870421809,1772704.3135992321,0.06357534953307317,0.0013211836409646011,1.7455262131524799e-06,0.002112083970662121,1307777.3685353135,34958.387252359855,590.0797114867337,11.811429099844155,0.7682545969084684,0.07024698546905661,-39.94896508222064,100.15909814974255,-3.428094833367083e-05,-5.729859453509851e-06,-98.02975341690006,0.1550830227408472,0.001816470661578686,-0.0013523424488992657,-0.2482626851623137,0.43869122562221585,-0.9523429321286926,1789623708.6479166,Unknown Fault,8,0.7,1
0.06428755822716131,108376.61560653272,1256839.384311594,581.9876806776191,0.8786192302278863,-40.036403716515764,98.38322892359821,7.740011344445974,2159.563554417909,2158.563554417909,0.060690384886056825,0.003597173341104487,1685810.1099995412,0.06360095640494358,0.0013285151777980622,1.764952577639817e-06,0.002112083970662121,1302214.1717047377,31371.4323978939,590.1104552463493,11.789305485609129,0.7751489409797488,0.07225365730394688,-39.945116811029465,100.10904811054213,-2.6986345261116377e-05,-2.95992915558153e-07,313.1928345401601,-0.008218894261397491,0.002215281438362769,-0.003995922444677278,-0.2553918879865427,0.4569301858400941,-0.943470323823223,1789623709.6479166,Unknown Fault,8,0.7,1
0.06320702903461883,121744.06702422915,1315499.5217122133,592.409930576283,0.8772832565697435,-40.03819257687861,102.59211986156764,7.555200242952028,2220.5899223068814,2219.5899223068814,0.06135837171512826,0.0018486573194905764,1926115.9539321056,0.0635268250706462,0.0012963315463083726,1.6804754779542567e-06,0.0019905135091528303,1301281.3319371345,30606.463765617544,590.0913069322345,11.785165615081965,0.7828091606052132,0.07252365468423945,-39.95265740646226,100.22484363931686,-1.6029038039173176e-05,-5.38040283316429e-06,801.890276584702,0.04078886368911543,0.00226434798565042,-0.003900692160499643,-0.2765922369675108,0.5109441515357525,-0.9411588521108495,1789623710.6479166,Unknown Fault,8,0.7,1
0.062084328365520386,129472.25834889594,1300647.988459484,585.2368014713214,0.860588395764045,-40.137323249126446,101.33359488934023,7.591973168891711,2222.4302798278827,2221.4302798278827,0.0697058021179775,-0.007621473752457114,2085425.7710034375,0.06359467636329984,0.001168343357060551,1.3650261999875181e-06,0.0019905135091528303,1299975.0011989083,29900.52401552478,590.7560413543581,10.997615498804173,0.790025875538954,0.07090977569604452,-39.94882643773346,100.43210298378467,-6.073218245499953e-05,4.883549137919182e-06,1116.293278878762,-0.21875061609013888,0.001955923774500444,-0.008409700547780742,-0.39969555543095103,0.3641937454352624,-0.9377605305699214,1789623711.6479166,Unknown Fault,8,0.7,1
0.06328865053786857,115529.26412503164,1276496.2063605923,573.3713537742444,0.8311703992453148,-40.19083584734182,97.40245642630947,7.753008883987798,2226.299235143149,2225.299235143149,0.08441480037734261,-0.021126149839474043,1825434.1519875678,0.06354099350923521,0.001150197726526699,1.322954810107187e-06,0.0018168008126224489,1298991.4814463903,30250.206027185293,590.4164684441697,11.391059247210023,0.7956597251741033,0.06831217757111867,-39.956144952970405,100.41334857206444,-5.319658096637013e-05,5.200604949133738e-06,910.6579316560185,-0.4681783035452267,0.001338702206220088,-0.01123409884639706,-0.3809296089563752,0.4340316532755454,-0.931880303035329,1789623712.6479166,Unknown Fault,8,0.7,1
0.06259736548051197,125674.63170760212,1321662.3913463736,588.6414006991555,0.7936737218207833,-39.869872298527454,98.3423466413274,7.5843855263247555,2245.2759689967043,2244.275968996704,0.10316313908960834,-0.04056577360909637,2007666.4687546252,0.06353312147790272,0.0011559412433657962,1.3362001581140629e-06,0.0018596437124415999,1300053.3752836375,30559.86063680824,589.6045117389348,10.746984280182593,0.798821248530389,0.06628815908058415,-39.96764946758562,100.28206749689694,-6.937526599330727e-05,1.036136747544608e-05,1081.163508882351,-0.29932504540982335,0.0005101289949694154,-0.006698880684075486,-0.36845017205689046,0.4147768573076976,-0.9400405562166542,1789623713.6479166,Unknown Fault,8,0.7,1
0.062009327502741046,138096.409256239,1379967.5235075292,582.9053692655557,0.7540182643786244,-40.228378399155666,101.88246948380707,7.33998956528165,2367.3954577674403,2366.395457767441,0.1229908678106878,-0.06098154030794675,2227026.3977646693,0.06346354076985344,0.00119263369786846,1.4223751372913972e-06,0.0020123865656333575,1304427.5681090532,33697.955947498944,588.9877742631909,10.67105442738403,0.7990113105854477,0.06615247634523926,-39.98591497897155,100.33445778861045,-8.128381927255769e-05,1.091681043038816e-05,1524.4258452955858,-0.27397033942344984,-0.0003989823678676427,-0.0071465207524002,-0.3084374617942243,0.44304097442524526,-0.9566668981696341,1789623714.6479166,Unknown Fault,8,0.7,1
0.06354725767216103,121373.22225000362,1325889.4653685428,577.2908845137212,0.718464751704528,-40.22267444933218,99.50810656951431,7.475034866991487,2296.744156085889,2295.744156085889,0.14076762414773603,-0.077220366475575,1909967.8994200744,0.0634499189878614,0.0011896512152501748,1.415270013946218e-06,0.0020123865656333575,1305174.452253665,33957.438103162254,588.3844169365937,10.886742818545667,0.7961999047198708,0.06799664834623201,-40.00592146376455,100.4173425843923,-7.626843334555324e-05,1.7211916161500473e-05,1750.4336025943112,-0.3480711952639657,-0.0012451031876450067,-0.006697966291856048,-0.3317177182402752,0.43045058424250837,-0.9531336816036143,1789623715.6479166,Unknown Fault,8,0.7,1
0.06343604131742313,117860.37362600584,1289359.653303533,601.064050302469,0.6926263016988918,-39.68657432023704,100.25869941776902,7.628582685271554,2145.1285477058527,2144.128547705853,0.15368684915055408,-0.09025080783313096,1857940.2367851525,0.06338590467260978,0.0011447720762674096,1.3105031066015959e-06,0.0018429355998411043,1306147.9531918948,33131.19154668722,588.9400441740552,11.161751932968718,0.790830890102625,0.0706132869686496,-39.99056720938396,100.38694033275293,-6.053173281031246e-05,1.7635661845204194e-05,1202.9276189959007,-0.2431389014394406,-0.0018946495914293,-0.0043952386653199555,-0.31599731039422835,0.40314651639421123,-0.951566858444948,1789623716.6479166,Unknown Fault,8,0.7,1
0.064484255190162,103733.33077950114,1245835.6044267179,600.7493623970765,0.6805822374816185,-39.925807820839786,104.06714918824095,7.86587460736346,2073.802624534888,2072.802624534888,0.15970888125919075,-0.09522462606902875,1608661.3774726074,0.06337266456341353,0.001129982624753819,1.2768607322455304e-06,0.0018429355998411043,1302429.5837638837,34448.80244044584,588.8422468109167,11.046546673853442,0.7837519160878489,0.07241700276871754,-39.99686874434002,100.45229857927126,-3.609958017370546e-05,2.102460361290957e-05,972.6671151299167,0.008412712864830016,-0.0022450724842930534,-0.001574482069687503,-0.36232720045898753,0.29129214578171886,-0.9569942121541629,1789623717.6479166,Unknown Fault,8,0.7,1
0.06318060383756037,122081.94390777565,1307545.3569943744,580.5632972351453,0.6842340519676615,-40.1294336291064,99.31813844587796,7.550815501740625,2252.201203936562,2251.201203936562,0.15788297401616924,-0.09470237017860887,1932269.3436367398,0.06327779659699964,0.0010388952526052151,1.079303345885654e-06,0.0011637259860135182,1305582.5040035034,30992.187443415725,588.9408865939051,10.960837142393926,0.7760805970199537,0.07239482940769675,-39.99779059471485,100.50700698493826,-1.6076064067407758e-05,1.4379179043504678e-05,282.81730965751063,-0.17545780164710803,-0.002241047796553674,-0.003893344183025905,-0.35100389474626,0.21046244580064563,-0.9472167455896369,1789623718.6479166,Unknown Fault,8,0.7,1
0.06057859659671949,142730.0726508876,1336768.6580130076,598.9297130045661,0.703005203945793,-39.8418628674423,101.96022215471385,7.550991230322886,2231.929104513832,2230.929104513832,0.1484973980271035,-0.087918801430384,2356113.8862470253,0.06305495697207275,0.0009955831546583202,9.911858178394127e-07,0.001116375712127242,1307822.761438976,31140.939637847045,590.2628515708554,10.055462784287046,0.7690280655027527,0.0705588486989073,-39.96939018419358,100.57827135577459,-1.2273850148767523e-05,-5.781658426909606e-06,322.4866817413367,-0.3138562302950335,-0.0018832109379103503,-0.007994836673486461,-0.16046580830792212,0.1464561130469543,-0.941562700937586,1789623719.6479166,Unknown Fault,8,0.7,1
0.0625397858642709,126057.03600006811,1305387.9529084752,595.6214608601197,0.7339321412588637,-39.81922697915431,100.28189998921894,7.5866514096430135,2191.6402256953643,2190.6402256953643,0.13303392937056813,-0.07049414350629722,2015629.4790271216,0.06296503813026227,0.000934672480395655,8.736126456089661e-07,0.0010385476955955056,1307574.3282201516,31134.598126510937,590.2032695732324,10.019055750860531,0.7637077611917081,0.0679414934838046,-39.97008424011285,100.56607581993966,2.9872361535423093e-07,-1.389096070167023e-05,337.77174547626635,-0.1959105522495889,-0.0012280564802239517,-0.004933568750606444,-0.24626319942816435,0.05899714514366239,-0.9416887402707775,1789623720.6479166,Unknown Fault,8,0.7,1
0.06494076034124777,108952.97509419819,1323368.728811544,584.0543593586137,0.772132180526816,-40.31719657213547,103.81512539358205,7.5252032564963,2265.83143778743,2264.83143778743,0.11393390973659201,-0.04899314939534424,1677728.6641190683,0.06305706020869895,0.0010084954825039143,1.017063138230803e-06,0.001116375712127242,1309954.8243776495,29953.704436722157,589.5769391117457,9.893656637560053,0.7609596431546517,0.06613159583717401,-39.99227904447593,100.68006120070542,1.5287861909754727e-05,-5.7529137766356444e-06,46.386179013196916,-0.15757621023595894,-0.00037901890682316583,-0.00606010481411741,-0.3255367307802015,0.08497523882346383,-0.9382753032904314,1789623721.6479166,Unknown Fault,8,0.7,1
0.063395919239822,120991.2853623595,1343373.1675359441,585.7764009868644,0.8115743754919243,-39.94980861558161,98.49680990663866,7.529785074968065,2293.3207368421595,2292.32073684216,0.09421281225403783,-0.03081689301421582,1908502.736661307,0.06309566169989048,0.0010022385508767285,1.0044821128634849e-06,0.0011026350448408231,1311316.140970848,30659.868640615987,589.8600638559623,9.677202010522976,0.7612175788039997,0.0663156757855636,-39.98292093891593,100.64206936455098,1.2154008941162105e-05,-3.3489953451314265e-06,348.71747606536104,-0.30144466792244895,0.0005298574180950896,-0.0075828921869183575,-0.35425845517009047,0.11208486490887774,-0.9326185421274794,1789623722.6479166,Unknown Fault,8,0.7,1
0.06295952527458601,120571.44876387584,1272749.7816141238,596.4154043655287,0.846031670824408,-39.68383335733275,98.39485546586333,7.662482068698349,2133.998840905333,2132.998840905333,0.076984164587796,-0.014024639313209991,1915062.8636100157,0.06311898107679158,0.0009919648445508304,9.839942528247534e-07,0.0010074718078901257,1308072.5682608702,30276.612500037387,589.582664631241,9.381398479193622,0.7644408457722105,0.06836958445635752,-39.99208350478492,100.68228354557938,3.706156536954945e-06,-1.8621070202965672e-06,417.9498966997631,-0.1060306211735173,0.0013550809072040955,0.0004594335415439314,-0.32111045391494086,0.10372055652892356,-0.9254351602997816,1789623723.6479166,Unknown Fault,8,0.7,1
0.06299688594947842,114092.56075419665,1211655.6467498555,576.0542775510127,0.870064017238477,-40.203620558330435,98.6969189867817,7.8847227647568285,2103.3706266377944,2102.3706266377944,0.06496799138076148,-0.0019711054312830656,1811082.5485198651,0.06313163430754863,0.0009883024571056048,9.76741746720976e-07,0.0010074718078901257,1305322.4239402635,35360.26759368368,589.0236182142081,9.747347063173535,0.7701205610782162,0.07096112211019123,-39.999444489331175,100.57684169052465,-1.8051343698677763e-06,-7.314094673004142e-07,-748.6855906680953,-0.22643030691970187,0.0019663669165923825,-0.0017683405823821319,-0.3120189421043202,0.08282814286587653,-0.9423954844242792,1789623724.6479166,Unknown Fault,8,0.7,1
0.06277323889541178,121916.33737396509,1278399.675944557,587.5549106839818,0.879877235658721,-39.900624862124985,98.40865819300043,7.665584719503707,2175.7960876479647,2174.7960876479647,0.0600613821706395,0.0027118567247722825,1942170.573309006,0.06312232333820335,0.0009905360751678353,9.811617162088996e-07,0.0010074718078901257,1305519.7658277736,35195.31237465191,588.5628178001954,9.531189552491732,0.7773600225608116,0.0725395369491463,-40.00385766075164,100.46630821511457,-6.369611497717078e-06,-1.2361047727588406e-06,-1315.7662163092464,-0.1394745789977693,0.002267206826337839,0.001235329719006564,-0.31897408788567355,0.05490179781647264,-0.9507904718813928,1789623725.6479166,Unknown Fault,8,0.7,1
0.06274671590355077,122383.48252910681,1290843.7813736445,574.8994584680007,0.873922034669687,-40.20545615517778,98.25810197160571,7.656627013231529,2245.338315004681,2244.338315004681,0.0630389826651565,-0.00029226676160573617,1950436.46136357,0.06315849237112173,0.0009591547468337471,9.199778283737095e-07,0.0009498921916490655,1304586.6556583259,35262.73634496388,588.0556964558623,9.900255708111345,0.7850162784332158,0.07222545785067229,-40.01117695945308,100.38073615801733,-2.2635089624476304e-05,3.659681070668424e-06,-1364.719144218988,-0.2754511531490592,0.00221010462956133,-0.0008117397292131301,-0.3106711384972632,-0.03808329645070735,-0.951264789359246,1789623726.6479166,Unknown Fault,8,0.7,1
0.06266982346511035,123209.7494500134,1283249.9824217085,586.3457736650249,0.8531386095645497,-39.93793548948674,98.53149659936506,7.6485829374430425,2188.5550131974173,2187.5550131974173,0.07343069521772516,-0.010760871752614809,1966013.9862785307,0.06312095136519279,0.0009591796326493607,9.200255676893627e-07,0.0008720641751173291,1303405.12579989,35462.431876369985,587.9593670043029,9.904707541927243,0.7918805742389743,0.07019015561909703,-40.00565258435923,100.25214734349001,-2.2647317103999626e-05,2.2200866199735356e-06,-1479.657318775772,-0.2842519208521894,0.0018040755075704356,-0.0007843436956320842,-0.31089940678951516,-0.02747832277841383,-0.9546880224255739,1789623727.6479166,Unknown Fault,8,0.7,1
0.062912268564855,125212.13651957834,1345224.7533980913,581.2698006070483,0.8208082061813392,-40.09027540162738,98.96738002057076,7.516666528050203,2314.2863296754927,2313.2863296754927,0.0895958969093304,-0.026683628344475394,1990265.799913091,0.06304735041374726,0.0008999441491580755,8.098994716038525e-07,0.0008386758369111624,1304973.5777959893,36397.900325231305,587.553688829505,9.962525249372003,0.7968691886025338,0.06758870054439467,-40.00538330407022,100.084413237648,-8.260210018343852e-06,-3.3979991659544183e-06,-1067.546710142905,-0.31147788479223637,0.0011132225309568393,-0.0024790256384248557,-0.2943065207459794,0.07441250900095665,-0.958387506883398,1789623728.6479166,Unknown Fault,8,0.7,1
0.061288799862644884,140273.01636379986,1355441.6071863112,568.15831992178,0.7820350843331679,-40.360638328315694,98.01595423017847,7.453577041551903,2385.675892897104,2384.6758928971044,0.10898245783341604,-0.04769365797077115,2288721.8656290793,0.06297365039870752,0.0009632683313045887,9.278858780943267e-07,0.0008962554531522227,1305557.3492056904,37079.24241244832,585.7793290675438,9.285659210543816,0.7991945290055693,0.06602012079312881,-40.03677224288428,99.88866392179852,-2.365348608730376e-05,-8.977049116380304e-06,-242.95053583114873,-0.24087580791204843,0.00024661619424859075,-0.0014636183242447596,-0.17175643831619342,0.09412806099728757,-0.9592494112837869,1789623729.6479166,Unknown Fault,8,0.7,1
0.063654253674881,122807.08728775337,1352436.1796606139,584.3003306037584,0.7429406674162359,-40.028134021707906,99.17635498379626,7.396226774754289,2314.6250461011027,2313.6250461011027,0.12852966629188206,-0.06487541261700105,1929283.279558975,0.06302203564060996,0.0009658564924076098,9.328787639259312e-07,0.0008720641751173291,1307784.3833885456,38140.79208787015,585.3969523334129,9.14073438199416,0.79848947532804,0.06652109226120498,-40.03522816696947,99.70990727574456,-2.2661272021114085e-05,-2.0647185891686573e-06,101.80688874203389,-0.17372390252903014,-0.0006589254169332071,-0.0016835176649424163,-0.1739480217283767,0.05714152385893166,-0.9593159919264428,1789623730.6479166,Unknown Fault,8,0.7,1
0.06426239640122465,120373.13352588862,1378922.330448194,588.6767150329574,0.7096971042534611,-39.982681272018716,100.18818653215263,7.308332872450615,2342.410180723717,2341.410180723717,0.14515144787326945,-0.0808890514720448,1873150.4000307505,0.06311071304192457,0.0009738618909845643,9.484069827120314e-07,0.0008774342070506785,1311120.38520701,40496.92644069455,585.2176379795161,9.029995205315133,0.7948653400429037,0.06875429859331791,-40.043075809655775,99.76630156596961,-2.097753079948705e-05,8.611300997779953e-06,635.8438775807714,-0.0658229544482124,-0.001460437193237123,0.0012889102172263078,-0.10607321385483144,-0.0051066571291398175,-0.9630024557160441,1789623731.6479166,Unknown Fault,8,0.7,1
0.06312472291923647,125233.48115117066,1355197.7547632607,586.2444397663595,0.6875528225085878,-40.041424897691655,100.17206989773715,7.458993850100636,2311.6598859399983,2310.6598859399983,0.15622358874570608,-0.0930988658264696,1983905.4392586858,0.06309692477246887,0.0009711218322363208,9.430776130460289e-07,0.0008774342070506785,1312190.895551022,41286.50880038284,585.078061443689,8.985969991717383,0.7888942944241752,0.07128605347521191,-40.04585076719767,99.75570468881129,-1.7261042718022465e-05,9.12637513334047e-06,1215.8580138133239,-0.011182632282888546,-0.0020313780488303273,0.002014397909702667,-0.11261855292580031,-0.01569489086798364,-0.9632237813215315,1789623732.6479166,Unknown Fault,8,0.7,1
0.06304563240339656,124579.7228546116,1323728.1323742557,595.6350532063142,0.6800039173605363,-39.9331255886821,102.15217882996406,7.5021449445785064,2222.381179966833,2221.381179966833,0.15999804131973183,-0.09695240891633528,1976024.6365281907,0.06304046970088659,0.0009305925472460343,8.660024889898627e-07,0.0007662178523127755,1311059.6491597816,40561.067731775875,586.1662619597809,8.540211649437428,0.7815190352836666,0.07261979954147353,-40.03045365095484,99.94418092010085,-4.133666535381461e-06,4.705339678695146e-06,1720.5395505317254,-0.08021368894770253,-0.0022816089764654828,0.0003329107435253156,-0.0283935551246067,-0.07970543449618837,-0.9621558232376948,1789623733.6479166,Unknown Fault,8,0.7,1
0.061956499716462096,127020.96346903294,1265676.8659353538,574.9630046414441,0.688242194946814,-40.20800139256986,98.32504515509252,7.7050300835782,2201.3187904579177,2200.3187904579177,0.15587890252659298,-0.09392240281013088,2050163.647887341,0.06294722736045862,0.0009176594141249053,8.420988003320644e-07,0.0007985537593100389,1311413.148424732,40123.13110327884,585.8852749183338,8.785121434567367,0.7739039538724238,0.07201757191092178,-40.03731755799701,99.94185356936063,-1.6686580519372314e-06,-4.023276566165866e-06,759.4189030551308,-0.22541418470781396,-0.0021716240147480782,-0.0013654921423764295,0.016333852543563294,-0.1043437261456303,-0.9610789998318017,1789623734.6479166,Unknown Fault,8,0.7,1
0.06479991800078075,104898.8433614794,1256038.456727648,585.199484206061,0.7109670123798427,-40.003249903107324,99.13252986836926,7.725739744374153,2146.342385164117,2145.342385164117,0.14451649381007864,-0.07971657580929789,1618811.3596102933,0.0630109429191051,0.0009862239886922557,9.726377558720624e-07,0.0008386758369111624,1309034.7058253493,41547.50271302047,585.596857063525,8.683958824117703,0.7672513041048278,0.06980848121929567,-40.03591985104615,99.8034699696327,1.803111844648455e-05,1.3423590327905734e-06,289.1316356491668,-0.1664980039339178,-0.0017187873707833205,-0.0010597716706723377,0.028966664764285582,-0.17735583330913515,-0.9618156950122863,1789623735.6479166,Unknown Fault,8,0.7,1
0.06467573566314229,107687.77783740488,1288315.0303206528,570.5945833111168,0.7445906206603644,-40.11088361067005,94.9987973739147,7.6531138634530915,2257.8465831986327,2256.8465831986327,0.1277046896698178,-0.0630289540066755,1665041.4059190128,0.06311459921100998,0.0010190240149319098,1.0384099430079492e-06,0.0008774342070506785,1308541.3874997962,41717.026928005274,585.0111683371167,9.168732337855586,0.7626113931006805,0.06725892529478233,-40.0348622655079,99.55007806901567,2.413229054790384e-05,9.320580038364105e-06,14.00591887023515,-0.3085810868012596,-0.0009945919936785006,-0.0027657788172343236,-0.020354319810775966,-0.14267812176962844,-0.9625320795035058,1789623736.6479166,Unknown Fault,8,0.7,1
0.06250659346782483,127193.33793723845,1318529.5536778043,583.0552941295146,0.783804591356977,-40.21248911250444,101.68257964300868,7.557695833217538,2261.414255137384,2260.414255137384,0.1080977043215115,-0.04559111085368667,2034878.736476193,0.06308331692820823,0.0010251860546092381,1.0510064465652556e-06,0.0009498921916490655,1310222.7213924846,41235.8854061292,585.3985259513277,8.868439163475612,0.7607167607851469,0.06595548478594994,-40.0357283961144,99.72128299768363,2.0260443110165462e-05,4.153560750365376e-06,-214.24743549403664,-0.44303345588477344,-0.00011337240986634339,-0.00596514706938785,0.00897614056430579,-0.1601815995565648,-0.964902142246726,1789623737.6479166,Unknown Fault,8,0.7,1
0.06383805649704839,118763.1322779944,1352800.8051260908,599.1023663800049,0.8224179007336997,-39.750129591371525,100.52617415159779,7.4849490500115206,2258.0461721428455,2257.0461721428455,0.08879104963315015,-0.02495299313610176,1860381.3899548387,0.06313294456886968,0.0010304770080588074,1.0618828641378314e-06,0.0009844302097706537,1311468.2579436733,42025.325347437276,585.8169645785615,9.25015040667386,0.7618665279416637,0.06676555088101442,-40.03093868782817,99.80863609809445,2.2367755422496758e-05,6.889168614628675e-06,293.17772927813985,-0.2841077198340886,0.0007857461846305073,-0.0016702894343533577,0.06920603582887327,-0.12186928512330285,-0.9655269373452458,1789623738.6479166,Unknown Fault,8,0.7,1
0.06451318922664384,110527.17492113229,1313458.221316357,590.2704842151697,0.8543343562696175,-39.93407685832264,100.03177171999292,7.592041172275634,2225.1802460743834,2224.1802460743834,0.07283282186519124,-0.008319632638547403,1713249.2788852043,0.0632330990378258,0.0010380531521298386,1.077554346646694e-06,0.0010913405934976222,1308807.8858560263,39642.43703117535,586.1115691765461,9.269991837774855,0.7658791716173033,0.06914539490498985,-40.019166626194846,99.7346081875419,2.3872304679125748e-05,1.4332109571662315e-05,996.5392775876232,-0.27211426093391844,0.0015608127335658437,-0.0027505773521927616,0.04520723658372709,-0.056204173155399564,-0.960459931287514,1789623739.6479166,Unknown Fault,8,0.7,1
0.06358918371376805,112716.2365651302,1261750.8766276198,601.4598505358106,0.8745150514148171,-39.7898825805514,102.10541297234424,7.773442455211253,2097.813969633366,2096.8139696333665,0.06274247429259144,0.0008467094211766085,1772569.3267662653,0.06323477607949007,0.0010385930676325985,1.0786755601344913e-06,0.0010913405934976222,1306242.3423063895,40519.67510260683,587.0783278174298,9.55556052323333,0.7721211836057148,0.07158399269007086,-40.00185495144361,99.83850044365508,3.0300826492714387e-05,1.1877083105803618e-05,732.9826798351874,-0.21864466424588141,0.0020894612710305248,-0.0026691874699343453,0.07559706879668852,-0.02557537871351983,-0.9642508692774998,1789623740.6479166,Unknown Fault,8,0.7,1
0.06488083156301773,110328.48106863291,1352804.3153912162,596.2981318545465,0.879773898139113,-39.661547577688914,97.98877981991417,7.490727615842697,2268.6710608732924,2267.6710608732924,0.0601130509304435,0.004767780632574228,1700478.8380597834,0.06329256768931386,0.001087242074389377,1.1820953283225155e-06,0.0015156804976738797,1308780.1287898968,41360.892110402325,586.8876910795129,9.31925794629077,0.7796070874633239,0.0726568378115091,-40.00085388174168,99.7477036597409,4.7507837181531e-05,1.3701940882292919e-05,993.9586182819459,0.006318444024050485,0.0022882298168859687,0.00362491767679011,0.17021109578092566,0.06828243597961685,-0.9636118798095729,1789623741.6479166,Unknown Fault,8,0.7,1
0.0626328634963758,127878.71180541688,1327807.3743632135,566.4292309846466,0.8692806401762909,-40.57517957121862,100.78722924284146,7.502196472830577,2344.171701829429,2343.171701829429,0.06535967991185454,-0.0027268164154787417,2041719.069938683,0.06321851202156241,0.001066402694715508,1.1372147072964969e-06,0.0011682330319380402,1312058.9995873568,39445.82765685017,585.5148858230156,9.696395242909606,0.7871550235711107,0.07177368422319803,-40.026828751756845,99.61650686192492,5.3335135024430374e-05,1.6751627321063727e-06,540.1494876346175,-0.04391216675292412,0.0021257371882655363,-0.000926089617054865,0.19080817194404004,0.10853098667804907,-0.9653871672725828,1789623742.6479166,Unknown Fault,8,0.7,1
0.061993162955917565,134880.3383694028,1350859.9003701268,608.4251011748476,0.8446919322328641,-39.36756756470102,97.9319170586544,7.442942983803322,2220.256688558154,2219.256688558154,0.07765403388356795,-0.015660870927650387,2175729.256874895,0.0631710143862967,0.0010931424491031152,1.1949604140311568e-06,0.0012051930006725942,1313791.5813223869,40154.413921127685,586.6293579806038,10.62037767848359,0.7935733387817185,0.06941885734676667,-39.99635410918062,99.56105800643599,4.1645138732303726e-05,-7.502399793891267e-06,853.1752227765191,0.1180508583083601,0.0016276373983395386,0.004133349489964803,0.046867324835946675,0.07426536313662262,-0.9684822041952679,1789623743.6479166,Unknown Fault,8,0.7,1
0.06259041807468026,122879.09175957169,1263035.8773813327,601.0231267039495,0.8098897906364468,-39.78750404777261,101.8941898883605,7.6806673322857,2101.4763347092894,2100.4763347092894,0.09505510468177658,-0.032464686607096324,1963225.2913370465,0.06325148724541513,0.000965993279598938,9.331430162303122e-07,0.0012051930006725942,1310842.2700971197,41056.13642097826,586.7130945285791,10.724769647782264,0.7978487222493449,0.0669570342359506,-39.994179756393834,99.55841671578182,1.0361610267764541e-05,-2.2396476568486205e-06,614.4317994576124,0.37391996599425303,0.0008725694517162329,0.007606108628037436,0.09798129990401866,-0.0692485011417966,-0.9705019443086126,1789623744.6479166,Unknown Fault,8,0.7,1
0.06255218129312345,121116.14249313546,1254254.5804728027,579.3250266866534,0.7703687083154239,-40.47379448246594,104.46658274405605,7.751618599426226,2165.0274417562955,2164.0274417562955,0.11481564584228804,-0.052263464549164584,1936241.710350237,0.06325198306256923,0.0009656309692398958,9.324431687551805e-07,0.0012051930006725942,1308796.9351996928,42524.34155417686,586.0612371616403,10.65855281925076,0.7993061849316073,0.06593870721978028,-40.02036245652631,99.72580402597532,-3.2105354109854266e-06,-2.5372051712724344e-06,37.54072334670139,0.3948060799995759,-2.0258025270926043e-05,0.004928423544382547,0.16461699473907226,-0.0868605087987234,-0.9725599713784794,1789623745.6479166,Unknown Fault,8,0.7,1
0.06304457026210167,117886.10749195781,1268035.265633703,584.4897548084151,0.7323681951784982,-40.207420472486575,102.18153356051585,7.7343283444794855,2169.4738961666512,2168.4738961666512,0.13381590241075092,-0.07077133214864925,1869885.1780868326,0.06317613545940338,0.0009024036595459117,8.143323647618537e-07,0.0010213901785052076,1306583.5966725794,43143.803942748375,586.0786529796325,10.655614708727539,0.7977156255176746,0.06704531265374547,-40.015971412540345,99.66046035265266,1.1762657679176302e-05,-1.0278622011845651e-05,-193.0029057593108,0.36023131101646055,-0.0009098872055013852,0.0002333930101960336,0.2718765564292004,-0.05388714733671507,-0.9730295123797655,1789623746.6479166,Unknown Fault,8,0.7,1
0.06603143457924399,96304.63779725382,1262846.7087852408,573.2800839337341,0.7018876966944886,-40.19795648791314,97.48017817674511,7.699564462429399,2202.8442015983487,2201.8442015983483,0.1490561516527557,-0.08302471707351172,1458466.5381104073,0.06328155607298026,0.0010617890492654483,1.1273959851400244e-06,0.0012051930006725942,1303362.5383225512,43282.679159987165,585.5788002975072,10.947180123266572,0.7933281583657772,0.06953748025703273,-40.02589732743361,99.61979508345694,4.0317102743429575e-05,-2.60898593787762e-06,-228.83231608570946,0.2390681537420255,-0.001655865202588297,-0.000784841254426977,0.15666168725540988,-0.18777602520712863,-0.9758736563204711,1789623747.6479166,Unknown Fault,8,0.7,1
0.06387723633506211,110302.43805588303,1236204.3285345824,585.9970195183324,0.6837394133686433,-40.02918210394913,99.8734176800805,7.78359375552676,2109.574430174911,2108.574430174911,0.15813029331567835,-0.09425305698061624,1726787.8885257628,0.0633182645153993,0.0010658769727205715,1.13609372097597e-06,0.0012443728386863084,1301900.7201993696,44879.58081117228,585.1620649036194,10.72272358341425,0.7868364680675465,0.07185123819219727,-40.03971127729826,99.6789375720256,4.259538179408865e-05,-3.0677105610383066e-06,-1154.881819674309,0.3512946795375498,-0.0021404184933601473,0.002605477432592134,0.17970127426627272,-0.20315171069426669,-0.9778548515654326,1789623748.6479166,Unknown Fault,8,0.7,1
0.06397216725262539,113628.77523651707,1285511.0153939498,580.5547898905554,0.680788560093555,-40.037236639998525,97.82206585727982,7.632244747264617,2214.2802673909396,2213.2802673909396,0.15960571995322248,-0.09563355270059709,1776222.0683848069,0.06335727576752519,0.0010712348143466384,1.1475440274682768e-06,0.0013393037562495907,1304854.9349451333,41114.80700052573,585.3420853972011,10.605442063941831,0.7792654497817497,0.07265021311499656,-40.03305592056499,99.64394344684555,4.5417621401581994e-05,-3.5503433602613197e-06,-2208.622136988707,0.21768811358319962,-0.002287046767564611,0.0009892274281141547,0.17183902462819706,-0.21801139570713904,-0.9729870171880715,1789623749.6479166,Unknown Fault,8,0.7,1
0.06498546496985866,102714.17775549967,1261464.8233932524,586.6413260086294,0.6935010117179812,-40.11133407595013,101.47440130253598,7.757914021766984,2150.3170122295414,2149.3170122295414,0.1532494941410094,-0.08826402917115075,1580571.5601656495,0.06344576481050307,0.0011100043951108609,1.2321097571654282e-06,0.0016295329048488516,1304177.540843081,41680.70697563644,585.3055420101871,10.599326543189198,0.7718104008241201,0.07149676919872242,-40.041484289117996,99.76657317122695,5.460669147121844e-05,1.6723021862513154e-07,-2873.6988336272157,0.25180935671034527,-0.0020726006447681455,0.0015909704243435986,0.16200998229163846,-0.24624377729824876,-0.9731677544069485,1789623750.6479166,Unknown Fault,8,0.7,1
0.0621649277882526,125072.77320605287,1280689.5033721388,585.644974773777,0.7198697516518848,-40.01147574887696,99.44440181602697,7.716810093725633,2186.8018313771818,2185.8018313771818,0.1400651241740576,-0.07790019638580499,2011950.7519107594,0.06342249328589114,0.001130328782893683,1.2776431574379146e-06,0.0016719783265443933,1303771.369723021,41857.76283458065,585.7353626624181,10.384321016447451,0.765648309503408,0.06902650539614091,-40.03372507286596,99.81402516500383,3.579309142707584e-05,-6.448365536067977e-06,-3223.8490818995097,0.1508817467985438,-0.0015309364525177252,0.00022825367366296454,0.13935756067182037,-0.18160614137182768,-0.9715597473691095,1789623751.6479166,Unknown Fault,8,0.7,1
0.06300842016344615,121004.51100417507,1304952.9409792575,591.024032851788,0.755731735655708,-40.01962009201589,101.73133974745824,7.6343536666527685,2207.952415543316,2206.9524155433164,0.12213413217214603,-0.05912571200869987,1920449.8492468933,0.06343603715382456,0.0011232352864578299,1.261657508744003e-06,0.0016719783265443933,1304639.4880653229,41647.6821805762,585.9224930298885,10.43566013385812,0.7617520345470544,0.066687546978064,-40.03699245696712,99.94201889092754,2.444417978131434e-05,-8.049792364160752e-06,-3418.156143316602,0.20580435088033483,-0.0007475710566543091,0.0013163493306865676,0.1503395434518045,-0.15110072000618252,-0.9700065204665156,1789623752.6479166,Unknown Fault,8,0.7,1
0.06554000179931378,100665.6991735866,1280204.3921618734,586.1738979900019,0.7954251449887584,-39.997276579756985,99.4253018264123,7.671380937740023,2184.0010217986696,2183.0010217986696,0.10228742750562081,-0.03674742570630703,1535942.8808352672,0.06354114648320291,0.0011902532862415175,1.4167028854087318e-06,0.0019227711519635843,1302038.6736158738,41058.02724438919,586.1186569252068,10.392360100692521,0.7607367120993511,0.06597005321073743,-40.03327250409231,99.96033576316118,3.862770600382683e-05,-9.412526070806128e-07,-3237.8582214053727,0.1615980878222091,0.00015381937145811522,0.0011501279814084106,0.14817374368418915,-0.0909367262342562,-0.9722750922306065,1789623753.6479166,Unknown Fault,8,0.7,1
0.06337795776710577,123654.95364827687,1337173.042001662,583.4304368269568,0.8326832630962612,-39.93409142570025,97.30846089927343,7.443471267395369,2291.915124061761,2290.9151240617607,0.08365836845186941,-0.020280410684763647,1951071.918452631,0.06362471279938135,0.0010990278279124632,1.2078621665259868e-06,0.0018803257302680426,1301307.9310084882,40255.802532806934,586.7295416014138,9.747516671216333,0.7627626392498749,0.06735615013812717,-40.01621062798769,99.932036029925,1.4597882418888154e-05,4.5615031385310715e-06,-2379.5116390629587,-0.04281962158051853,0.00103092510299853,-0.0012080126141295066,0.046108347019969666,-0.07916823901702014,-0.9701279900426746,1789623754.6479166,Unknown Fault,8,0.7,1
0.06451960550962596,110003.77298228687,1297556.1916699926,584.2059878419402,0.861623852360757,-40.21088136849081,102.12325998688968,7.6100504266665245,2221.0593843160896,2220.0593843160896,0.0691880738196215,-0.004668468309995538,1704966.6084191252,0.06365932687277115,0.001112952130340878,1.2386624444302987e-06,0.0018867420132501617,1299112.7314888632,38880.713035419,586.7257678909411,9.748474614778589,0.7675099666476557,0.06992523864545244,-40.02352052185901,100.04991223004872,2.315383926845027e-05,6.082103384533471e-06,-1902.8605925893514,-0.09040607395221295,0.0017452704287625911,-0.003124207232898875,0.0200930650852681,-0.03164374688150956,-0.9695009614291026,1789623755.6479166,Unknown Fault,8,0.7,1
0.06259894915578018,134921.3078606198,1398473.9366879154,583.1614545073601,0.8776778300832262,-39.966620254869056,97.725499641699,7.286038709676708,2398.0904874265234,2397.090487426523,0.0611610849583869,0.0014378641973932793,2155328.6385824513,0.06359278898295337,0.0011245725745858157,1.26466347551057e-06,0.0019206563538457788,1299894.795738452,40635.22243269345,586.5051574699172,9.764221103750954,0.7742291956808462,0.07208450737747288,-40.02287808117302,99.9514047544306,1.939643254999167e-05,-2.4022469272537297e-06,-187.58424731248704,-0.10379795684202778,0.0021840759288412966,-0.002190581500742539,0.007556224746594534,-0.06530272269853218,-0.9743283102502568,1789623756.6479166,Unknown Fault,8,0.7,1
0.06278257646611982,125517.58919614533,1332357.850892036,588.326010002086,0.8783106261762453,-39.851165585144514,97.91511774225779,7.540840025523465,2264.6590975763793,2263.6590975763793,0.06084468691187733,0.0019378895542424834,1999242.4054766218,0.06357910312482871,0.001132241366535941,1.281970512095175e-06,0.0019206563538457788,1298981.199583603,39625.7990599624,586.5884202793462,9.77051596776853,0.7818595078275524,0.07260000386159526,-40.01526770867113,99.86112666821141,7.2368871420513635e-06,-5.011185861619956e-06,665.1043135840655,-0.08959726434989185,0.002278063863230088,-0.0007910112410503263,-0.013543493993392216,-0.12390673035864734,-0.9723803344739919,1789623757.6479166,Unknown Fault,8,0.7,1
0.062449595745431644,123859.2895500849,1279595.9421541793,594.8553621460293,0.863422336050651,-39.98377961502773,102.67477412191249,7.684134157699088,2151.10432481914,2150.1043248191404,0.0682888319746745,-0.0058392362292428585,1983348.1397538998,0.06355526165851011,0.0011493693631546115,1.3210499329584373e-06,0.0019291874349457033,1297215.9119748,39466.73044123521,586.5572326369348,9.742794261804633,0.7891962445751572,0.07119023950047253,-40.017293869724966,99.88203047988937,-8.524042035935346e-06,-7.252527781586786e-06,733.6328036805253,0.07717929753532347,0.002012395603696218,0.0003210692847791727,-0.01236297855625254,-0.1939386942711831,-0.9735655839420507,1789623758.6479166,Unknown Fault,8,0.7,1
0.06447080770680728,109469.54633839507,1290113.2682374963,579.6154058223539,0.8353634933534655,-40.128776941576724,98.92491685100707,7.644723535340956,2225.8091404715055,2224.8091404715055,0.08231825332326725,-0.01784744561645997,1697970.759668899,0.06365583397812392,0.0011145503731345627,1.242222534254393e-06,0.0019206563538457788,1298193.368066886,38973.02703445547,586.7433286841713,9.562317802580333,0.7950810965114232,0.0686367722635521,-40.014124891685235,99.90602534772592,-1.606046716444158e-05,3.6522619975439085e-06,352.6794780186428,-0.10284138378494713,0.0014290143269048636,-0.0026150804530707134,-0.0743767039284179,-0.2774671672871298,-0.9733483972531697,1789623759.6479166,Unknown Fault,8,0.7,1
0.06464351461176998,108445.56698420401,1311913.1152108803,600.3259278415927,0.7985639723885785,-39.74098008529342,100.85756780155533,7.633095997958013,2185.334756284345,2184.334756284345,0.10071801380571077,-0.03607449919394079,1677593.9185159768,0.06364957784256349,0.0011085336198552917,1.2288467863494766e-06,0.0019206563538457788,1300428.354406215,38083.454002472696,587.3483864295926,9.91745777133406,0.7985849749117727,0.06645455134087899,-40.00363409897268,99.9750268650534,4.497425065013454e-06,3.6064055230781482e-06,57.774184416982955,0.007098009810149069,0.0006200231090704913,1.500610709438359e-05,-0.03531816101821402,-0.23371540357085568,-0.9692429881874797,1789623760.6479166,Unknown Fault,8,0.7,1
0.06393832091118284,115822.5875264143,1330879.9852658918,587.0795950142617,0.7588336083682674,-39.940645711203366,98.86769494670463,7.561718662396187,2266.9498251486007,2265.9498251486007,0.1205831958158663,-0.05664487490468345,1811473.7120998881,0.06362008125248511,0.0010905006396150587,1.1891916450008524e-06,0.0019142400708636598,1302130.9526040247,38453.522546052336,588.0077868977183,9.311093000530185,0.7991546944200887,0.06604902760557,-39.996824582994016,100.12978276796497,1.742432390421092e-05,-3.0252825112399885e-07,217.7329207276064,-0.162921172900738,-0.0002868561246144089,-0.00047605773816257533,-0.01623026022767447,-0.21440968087421486,-0.9673368772311958,1789623761.6479166,Unknown Fault,8,0.7,1
0.06447949303342514,110892.39450768141,1326588.736240456,571.2711501894084,0.7224449521798657,-40.44659301382708,100.69266818178063,7.588257269191476,2322.1700164634913,2321.1700164634913,0.13877752391006715,-0.07429803087664201,1719808.7219791969,0.06369899723510912,0.0010783845581204198,1.1629132551925732e-06,0.0018803257302680426,1302453.319906531,38623.05319431921,587.5364211401142,9.83350294323207,0.7967003088530044,0.06769342947989833,-40.00618873904691,100.09018630951587,1.4222477881669942e-05,5.793373365405041e-06,607.4830881093861,-0.36693813173640477,-0.0011484470836168167,-0.006784411625572139,-0.10263700720340953,-0.2543876870776312,-0.9637985884067088,1789623762.6479166,Unknown Fault,8,0.7,1
0.06457246291058702,111356.7788686232,1328238.2810865846,585.6030462518295,0.6951429725215394,-40.01398346229423,99.46836915097293,7.543451459451068,2268.1546648160643,2267.1546648160643,0.15242851373923028,-0.08785605082864326,1724524.2607954734,0.06372837349165067,0.0010916934015832728,1.1917944830604572e-06,0.0018867420132501617,1301470.8189449504,37629.439646593564,586.996448334987,9.55012478823899,0.791609311724518,0.07030349965835074,-40.01674289388383,100.04787410949086,2.367583058239709e-05,6.8008228639087975e-06,1348.972966582407,-0.2691252167678151,-0.0018287235001772312,-0.004295771440331825,-0.1085099975253307,-0.28810417038607056,-0.9632605433408005,1789623763.6479166,Unknown Fault,8,0.7,1
0.062877721496788,121527.37318525865,1293925.3618364788,601.4174421601209,0.6812380516652523,-39.63933986638546,99.62757865358189,7.651138512907532,2151.459653695885,2150.459653695885,0.15938097416737385,-0.09650325267058585,1932757.2674761547,0.06366295478245643,0.0010917059121790336,1.191821798686656e-06,0.0018867420132501617,1300689.5045657554,37575.17425444574,587.442326652785,9.944642078780284,0.7846854595403434,0.07228096352774245,-40.00495341420634,100.03170638683443,2.3671815672058035e-05,-1.807151273430761e-06,1399.1966169875027,-0.10326799188782904,-0.0022202846860425334,1.4609169111090217e-05,-0.15516458845293055,-0.26332056819436594,-0.9633171980834927,1789623764.6479166,Unknown Fault,8,0.7,1
0.06324686407553198,122865.58039612122,1339470.137140922,596.4608207545303,0.6829254708727319,-39.847698091646045,101.07889778005165,7.505917036210431,2245.6967675537776,2244.6967675537776,0.15853726456363404,-0.09529040048810206,1942635.1360186038,0.06364926199692698,0.001094688027953005,1.1983418785436394e-06,0.0018867420132501617,1303798.2749862876,37439.79294031163,587.2423654615338,9.708223936391342,0.7770218763186599,0.07250680498680853,-40.00726603465012,99.99064577914271,1.9093267690486993e-05,-5.196071776881501e-06,1367.7854075307635,0.12015488480468994,-0.002261311739614208,0.0036169050985247527,-0.16271938953220197,-0.2384296387475313,-0.9640169398397177,1789623765.6479166,Unknown Fault,8,0.7,1
0.06254745308117868,129182.96533692558,1348883.8521829075,603.8011501555931,0.6999388237541007,-39.86591045449886,104.28607704650867,7.481706270897768,2233.986887629006,2232.986887629006,0.15003058812294967,-0.08748313504177099,2065359.3227731022,0.06355592685765343,0.0010851355684652888,1.1775192019484855e-06,0.0018805438776449551,1303641.456457955,37241.88763156206,587.5424861935758,10.091927336663506,0.7698284733432594,0.07085791757600396,-40.01544054972252,100.2425376682065,2.123841951371765e-05,-1.6162350315592953e-05,2274.0203703180828,0.36356286898766993,-0.0019453273912363779,0.008378910407994706,-0.25610425091262534,-0.2765068121941301,-0.9655250322926839,1789623766.6479166,Unknown Fault,8,0.7,1
0.06289644380945839,122585.73156418541,1304761.7747359378,589.600032812372,0.7295920759790915,-40.13601456828597,103.07398247558358,7.6098119546120415,2212.960824497022,2211.960824497022,0.13520396201045426,-0.07230751820099587,1949008.944536717,0.06356647007017674,0.0010773685161053822,1.160722919495113e-06,0.0018805438776449551,1302719.6324728641,36916.10726899598,588.4693182666847,9.12833707635725,0.7642409307753715,0.06825506002240635,-39.99787394960522,100.3340077975162,5.920250071448651e-06,-1.6455695462383233e-05,2526.0209488597397,0.17142305491803575,-0.0013222186216522284,0.0016685292524480607,-0.35791788951347564,-0.22395044186481172,-0.9660183849571726,1789623767.6479166,Unknown Fault,8,0.7,1
0.06325732241480587,114691.51377883893,1243595.9047333933,575.9223661965517,0.7672036310372595,-40.25180874696124,99.42511342027444,7.792109753547141,2159.3117019334113,2158.3117019334113,0.11639818448137024,-0.05314086206656436,1813094.6647845225,0.06361703644853227,0.0010310077791931686,1.0629770407568294e-06,0.0016969165673053205,1298429.0726473946,37303.01950008496,587.1692088675529,8.485514876587466,0.761141398727547,0.06626162296563477,-40.03324359689562,100.39373565198099,-1.2666491736104776e-05,-1.1244149647130946e-05,2461.666141006484,0.2551628648907434,-0.0004903606046598732,0.005627579587434463,-0.21808203360499587,-0.16519240980466068,-0.9670093837101545,1789623768.6479166,Unknown Fault,8,0.7,1
0.06297872961250257,116863.94307897381,1243680.777754373,603.5904872967866,0.8068354513880097,-39.719689919137394,101.79046134740506,7.788499830154347,2060.471137184859,2059.471137184859,0.09658227430599514,-0.03360354469349257,1855609.724076967,0.06363256891004516,0.0010182707874882044,1.0368753966518478e-06,0.0016017715366371393,1297654.8686623164,38219.15452904832,587.2719032912663,8.666170458134136,0.7610192251576099,0.06617438614034953,-40.030531031750215,100.38958651034277,-2.882473857643738e-05,-7.739021466535423e-06,1602.3653124102784,0.545283074909174,0.00041891456975646845,0.010979316719509866,-0.20647067168910438,-0.15505680165827743,-0.9731298896137266,1789623769.6479166,Unknown Fault,8,0.7,1
0.0627405867706773,119161.15726104986,1282687.9413011514,596.1215368343918,0.8422305440226536,-39.971172085869256,102.97262273389904,7.770265123918181,2151.722194290548,2150.722194290548,0.07888472798867319,-0.016144141217995886,1899267.4980327329,0.06364010512914732,0.0010109175987288144,1.0219543914196321e-06,0.0016017715366371393,1298792.2030954503,37323.27958915916,587.9437636971759,8.675116174873652,0.7638936985858991,0.06805219616310268,-40.01042613588635,100.32982810993649,-4.786229603212692e-05,-3.306196692966803e-06,1030.2061779505436,0.547503233876509,0.0012620523447042457,0.007094610943561511,-0.3527813699103179,-0.18843538857746164,-0.9610570624481333,1789623770.6479166,Unknown Fault,8,0.7,1
0.0647322377887294,108150.82988575769,1319881.4870828344,607.7189414235822,0.8678008020816811,-39.51254181038385,100.01133542707665,7.618131059969318,2171.8616898644145,2170.8616898644145,0.06609959895915946,-0.0013673611704300564,1670741.4045955932,0.06370761183021241,0.0010251443388427258,1.0509209154612892e-06,0.001641884012837963,1300866.0519534156,36995.63620331254,588.8729311617825,9.463582172653416,0.7693110028620264,0.07066730056166703,-39.98263098940224,100.24302018459892,-4.373642015259484e-05,7.641248636257208e-06,917.3071170627703,0.6955032470788051,0.0019059398044374573,0.009720522889890022,-0.23730244472161408,-0.13170022712666832,-0.9559533066286199,1789623771.6479166,Unknown Fault,8,0.7,1
0.06433277815189603,116778.56792530793,1366959.3323101555,595.062599945505,0.8795092440565538,-39.86819806932025,100.86039053816289,7.414598574796487,2297.1689574094216,2296.1689574094216,0.06024537797172308,0.004087400180172951,1815226.5653689355,0.0636396655731185,0.0009197453191195093,8.459314520422479e-07,0.0016017715366371393,1305030.556894412,38317.72496925244,589.7442318022535,8.978152779468376,0.7764158647565089,0.07243823791372582,-39.96944065265852,100.37822867905562,-1.4727426615968929e-05,3.900733301992874e-06,1147.2055040586229,0.596710178955757,0.0022489212768654118,0.00862357178246096,-0.13634447297071495,-0.0005296070274990137,-0.9626702247212604,1789623772.6479166,Unknown Fault,8,0.7,1
0.06188439269273715,132882.30615687292,1320164.6421652178,579.1768715639012,0.8755073644047295,-40.24640714680934,100.66158607508845,7.533382730938287,2279.3808022763264,2278.380802276326,0.06224631779763523,-0.00036192510489808233,2147266.869316279,0.0635599518274255,0.0009800810637374396,9.605588914967114e-07,0.0016969165673053205,1308388.9694396376,35730.22173266111,589.4714258840762,9.18900997729009,0.7840865827979523,0.07237172392033821,-39.978129654372935,100.40975541485595,-2.855423789236075e-05,-1.710176209005509e-06,598.6424691139168,0.46169319237791,0.0022368475289703317,0.0054695434773935365,-0.02526423109498249,-0.07754726380265906,-0.9616518397047934,1789623773.6479166,Unknown Fault,8,0.7,1
0.06307383408223033,122047.60350431176,1306351.1524358087,558.6035311216701,0.8564269719298776,-40.67072326039873,99.07468630646679,7.580964691573637,2338.6016730196266,2337.601673019626,0.0717865140350612,-0.00871267995283087,1934995.7915226212,0.06352401850060971,0.000980776857260354,9.619232437374967e-07,0.0016969165673053205,1309222.574921312,35428.57495919121,588.5933755333208,10.890351377671712,0.7911121192714053,0.0705040018485947,-40.00346911918894,100.45986023282342,-2.8919324365240426e-05,-2.4054946328702193e-06,351.0523101601583,0.08759241925126135,0.001871624740067207,-0.0015146981267928083,0.035972222897525566,-0.0716048956687424,-0.9633897968148836,1789623774.6479166,Unknown Fault,8,0.7,1
0.06215976276275759,130906.0304709524,1335398.9824095387,566.9668620130323,0.8252804410639981,-40.31016637446773,96.71524383185915,7.526492854820709,2355.338683584021,2354.338683584021,0.08735977946800094,-0.025200016705243355,2105960.9086761745,0.06341099041232566,0.0009685879476989369,9.381626124276385e-07,0.0017302209361299836,1312179.9412819634,34389.154787038184,587.8063969734969,11.684872334064615,0.7963832964452461,0.0678867498391348,-40.011422411129644,100.26949393399634,-2.6897989560616527e-05,-1.0629594277422605e-05,115.10317169396565,-0.13155743156754635,0.0012109135580030547,-0.005424399281593493,0.12725253856551952,-0.007817447881679282,-0.9609787946271079,1789623775.6479166,Unknown Fault,8,0.7,1
0.06408525111747292,111951.36012500142,1276318.9821294148,572.2899759646888,0.7869851241807128,-40.06079128773197,94.88261590365079,7.662392824253152,2230.1962916229127,2229.1962916229127,0.10650743790964362,-0.042422186792170705,1746913.0287058789,0.06348780334549448,0.0009425182243020001,8.883406031413953e-07,0.0016882312406874683,1312005.1204322544,34559.482535201656,587.2721970211334,12.070392490477229,0.799067911346399,0.06611175213800116,-40.013395032683846,100.0870224975013,-3.3134670830757065e-05,-3.0792631949996974e-07,-530.8254457354963,-0.2964001551845128,0.0003590257507045224,-0.005880645366165053,0.1256395787469516,-0.0768291716472613,-0.9575706792547131,1789623776.6479166,Unknown Fault,8,0.7,1
0.06365047881630462,116356.25366429487,1287143.9642866554,580.4204351947853,0.7475870097782437,-40.07497542226568,98.37786953180238,7.623258620283221,2217.6062148030646,2216.6062148030646,0.12620649511087817,-0.06255601629457355,1828049.9350224717,0.0635134856916088,0.000937841790059688,8.7954722318236e-07,0.0016882312406874683,1311292.7613645503,34879.566104725425,586.8480531148532,12.117313709809086,0.7987421223113005,0.06634416324268577,-40.01560924589384,99.95288368887506,-3.642688292068503e-05,5.533921312390136e-06,-830.8348354556093,-0.32212882912117946,-0.0005495443283699764,-0.006511330324856279,0.12413946693562528,-0.09554672826327909,-0.9551168616185758,1789623777.6479166,Unknown Fault,8,0.7,1
0.06259823003882746,120268.84788810567,1258879.3000419957,599.0600589286792,0.7133061938347738,-39.850401156918984,102.15210414290192,7.768919097711893,2101.4241915798816,2100.424191579881,0.1433469030826131,-0.08074867304378565,1921281.9246407952,0.06339581482118936,0.0008572851360215622,7.349378044435084e-07,0.00159219138121873,1310439.7576797553,35875.951353139004,587.3634995524004,12.349524304463284,0.7954573642651411,0.06842726198229654,-40.00973422898032,100.06195578153465,-2.4610235561616986e-05,-2.8865918449335316e-06,-1625.535093536728,-0.216144172857454,-0.0013713534413787203,-0.004803005919104482,0.10295743012851966,-0.05002864698177631,-0.9585547117169126,1789623778.6479166,Unknown Fault,8,0.7,1
0.06310350004146376,117629.85220783728,1261190.0304164588,577.870616797981,0.689554863420998,-40.17533700390671,98.97463226596159,7.727614856596378,2182.478211826716,2181.4782118267153,0.15522256828950098,-0.09211906824803723,1864078.0959938134,0.06338483651216367,0.0008591987217268566,7.382224434170643e-07,0.00159219138121873,1307400.437216347,36691.703454710725,587.1411067512414,12.467843663280236,0.7897322282781306,0.07101194185469399,-40.01938405210858,100.12860263620217,-2.7487096376843046e-05,-1.4305187102915818e-06,-1812.8151173634708,-0.34310141015268353,-0.0019766559993211474,-0.005575218885624387,0.11076859595744784,-0.028399547302407162,-0.9642580171935247,1789623779.6479166,Unknown Fault,8,0.7,1
0.06613934202006166,99979.71871231392,1323954.505697292,575.1352209075409,0.6800828313648621,-40.192489803429034,98.14412499025036,7.508848406344168,2301.9882239313106,2300.9882239313106,0.15995858431756893,-0.09381924229750727,1511652.7570230083,0.06344962597258111,0.000992979740907857,9.860087658534347e-07,0.00159219138121873,1308456.3697774392,36772.968731809684,586.7782760738654,12.67819129003665,0.7824705874382949,0.07255444744118654,-40.018648389506104,99.96943723633662,9.286798286068915e-06,5.708573991430049e-06,-1758.4507868490612,-0.4832761608798527,-0.0022698880376942833,-0.00908809129240479,0.05447543382488596,-0.23050402134033815,-0.9630386631895719,1789623780.6479166,Unknown Fault,8,0.7,1
0.06501719947223969,101706.32535552431,1252725.4716116888,565.7426755128173,0.6863855232569338,-40.56699722913239,100.36790876311943,7.789693125251534,2214.3025899118466,2213.3025899118466,0.1568072383715331,-0.09179003889929341,1564298.7729569885,0.06354635598523949,0.0010227401897413228,1.0459974957121168e-06,0.0016882312406874683,1302626.43117439,33442.09729593071,586.0815249140837,13.320198043456605,0.774818895165243,0.07219637296375654,-40.04266346847665,100.07513360119343,1.5249939345677396e-05,1.3869119290222808e-05,-1372.7141777358377,-0.71361915095458,-0.0022047546652267627,-0.013629491542584622,-0.05928974086174658,-0.25260292818419383,-0.9557735168046304,1789623781.6479166,Unknown Fault,8,0.7,1
0.06255365055530655,125302.86760047884,1302492.7883674868,597.0688104982218,0.7074678826310808,-39.847174699917296,101.310966597809,7.608231098541464,2181.4785255331403,2180.478525533141,0.14626605868445958,-0.08371240812915302,2003126.3801253745,0.06353719894880695,0.0010305327947559729,1.0619978410675562e-06,0.0017302209361299836,1301431.8286734081,32887.523745245155,586.4312369339291,13.48824253444334,0.7679851854234364,0.07013302717233517,-40.042503833067556,100.21096755541548,-1.5512905833617361e-06,1.2322610999045427e-05,-1076.6336064692525,-0.5897532023748197,-0.001791539009278237,-0.009910000999484832,-0.06557683397112689,-0.17818376184113424,-0.9544048629835679,1789623782.6479166,Unknown Fault,8,0.7,1
0.06367446561537679,115287.20812236928,1297880.3326281712,562.8748443026598,0.7400014685011649,-40.336236022485814,95.45893150918285,7.655393493444531,2305.806247632371,2304.806247632371,0.12999926574941756,-0.06632480013404077,1810572.0559754253,0.06358619374360476,0.0010064967995680044,1.0130358075406356e-06,0.0015930862100192872,1302163.2042923677,32595.806404523937,585.1520162201942,14.129889984069,0.763048350721457,0.06753712098689582,-40.056602089365875,99.92233385090628,-1.1160245694931734e-05,1.7670491476045634e-05,-1327.7755120791096,-0.7229555745424574,-0.0010954787361347528,-0.012034132875255205,-0.05999896551275825,-0.12707418710794205,-0.9532580916045468,1789623783.6479166,Unknown Fault,8,0.7,1
0.06337992447853544,115361.4328856618,1272928.935450709,586.7421835429867,0.7788499430069742,-39.985904979698965,99.46768833964678,7.73401654183679,2169.485970421027,2168.485970421027,0.1105750284965129,-0.04719510401797747,1820157.3106123009,0.06354255841447388,0.000990722953920545,9.815319714250503e-07,0.0014550566551080335,1301475.8309808963,33021.080747351014,585.4370873290196,14.08713982756921,0.7607878087075974,0.06600728050447903,-40.050887210890764,99.94404471045189,-4.218130048161774e-06,1.419743434954071e-05,-1718.1296619354425,-0.7636432109258549,-0.00022646645794835603,-0.0121032926927461,-0.0529624200339102,-0.17472052208048505,-0.9548400468663731,1789623784.6479166,Unknown Fault,8,0.7,1
0.06287653077034049,127030.88905307346,1346685.872356671,575.8699754145301,0.817879986224522,-40.21110311728868,98.74335016387302,7.465708765107982,2338.5241979099223,2337.5241979099223,0.09106000688773902,-0.028183476117398534,2020322.8056118398,0.06347187906081671,0.0009725204015171414,9.457959313670619e-07,0.0012087203471324304,1302866.741266728,34144.656681008164,584.4588492319372,13.866673757247058,0.7615604492610352,0.06655571526036688,-40.06969213217057,99.85947600494457,6.434844404908636e-07,7.541199484483124e-06,-1196.4333607822957,-0.7030666080877189,0.000678299894402297,-0.010483137495830387,-0.0952521029229791,-0.22488093113220314,-0.9604830226247771,1789623785.6479166,Unknown Fault,8,0.7,1
0.06417317690297678,113442.09974958391,1303308.8936424756,590.0946628616992,0.8509296125225733,-40.04075817763972,101.70564838162939,7.581722155553421,2208.6437578031996,2207.6437578031996,0.07453519373871337,-0.010362016835736593,1767749.474536638,0.06348127330048847,0.0009780990267727837,9.566777061738668e-07,0.0012966461326362894,1301763.8976017912,33663.91929186635,584.5794519458345,13.902009191044236,0.7652442894272073,0.06881329103219558,-40.07369663082803,99.97299414234159,1.1781421487168263e-05,7.848618490079735e-06,-912.2195142452916,-0.6248362552205147,0.0014759776078888181,-0.00892559062895041,-0.10095862423746536,-0.17877361975914138,-0.9594342879772617,1789623786.6479166,Unknown Fault,8,0.7,1
0.06194314461057881,127618.12980817904,1274355.620221845,598.6118858588711,0.8727810126040398,-39.976021505720446,104.04711272384183,7.688519644915893,2128.8511810844457,2127.8511810844457,0.06360949369798008,-0.0016663490874012712,2060246.2243478692,0.0633798193635746,0.0010005801787555597,1.0011606941185077e-06,0.0013446643467956154,1299674.5729610466,33679.24920266012,585.6730813726131,13.887467964323381,0.7712577318441745,0.07133303635407251,-40.05487377050376,100.10717192402403,7.56550783275356e-06,-2.8883285218828446e-06,-916.9706113658361,-0.6283891135875161,0.0020406309108938554,-0.011752937919486377,-0.061507934290133015,-0.2287902927626683,-0.9629807083388708,1789623787.6479166,Unknown Fault,8,0.7,1
0.06341321114869183,119789.27251026974,1324676.6910545675,587.8683624129532,0.8799843308647691,-39.83479192967249,97.46994938068997,7.566881817638175,2253.3559819707343,2252.355981970734,0.06000783456761544,0.003405376581076397,1889027.0708636225,0.0633334492930988,0.0009706488375957062,9.421591659258957e-07,0.00093387884469949,1299532.109359766,33565.46365639017,585.7636940190581,13.894104144043608,0.7786513861779035,0.07262820816320929,-40.04770610919889,100.02723513321271,1.9800175165498175e-05,-8.690542239267884e-06,-400.54474770872764,-0.6088253321152906,0.002283113462472997,-0.009312510152794688,-0.06771343132636684,-0.17320858591684885,-0.9619813833996949,1789623788.6479166,Unknown Fault,8,0.7,1
0.06197280458980878,129615.0023540485,1304979.1880314688,586.817673485941,0.8714023217379951,-40.10154613180512,101.38505723112212,7.615711402416037,2223.8239354301477,2222.8239354301477,0.06429883913100243,-0.00232603454119365,2091481.9526396464,0.06329725261681964,0.001003292387055076,1.0065956139226725e-06,0.0010762355765493309,1299974.2624075655,33561.49956544559,585.1797032720908,13.525824427630937,0.7862579569808134,0.07198285791683132,-40.066194359815675,100.0975342763143,2.6830999412514196e-06,-1.3273954203764729e-05,-406.3314967412666,-0.4425588094718966,0.0021651425994396387,-0.005725832548717897,-0.030679766903369484,-0.2597494250007616,-0.9619304180023981,1789623789.6479166,Unknown Fault,8,0.7,1
0.06335297833322688,114703.61725440786,1247837.1762583568,574.9840379367283,0.8483898957635696,-40.18967688888557,98.03739832135663,7.765503736520911,2170.211856204032,2169.2118562040323,0.0758050521182152,-0.012452073784988318,1810548.1426790159,0.06330149718712744,0.0010032946982619887,1.0066002515606149e-06,0.0010762355765493309,1296308.943972263,34048.10947903447,584.3206319593788,13.463931154231938,0.7928765339764468,0.06974981919469535,-40.07987351170525,99.97587429796651,2.693605756749495e-06,-1.3123595029001797e-05,-492.6381600157843,-0.4238614685123867,0.0017053433271227308,-0.004680708596897493,-0.030152429617784294,-0.26946322984818544,-0.9616130931559315,1789623790.6479166,Unknown Fault,8,0.7,1
0.06478914292592271,107625.06970013438,1312792.7476326795,599.8257555176183,0.8145802090054992,-39.86239654640241,102.65273918044508,7.621623326889876,2188.6235053374926,2187.6235053374926,0.0927098954972504,-0.027920752571327687,1661159.0281907038,0.06339116478091719,0.0010316686810222344,1.0643402674021568e-06,0.0013446643467956154,1294865.2997902539,32519.124264997772,584.1616161738598,13.254768455178032,0.7974621893865026,0.06721126619316642,-40.0797329553814,99.91054078332398,8.885279209218378e-06,-5.019425820617185e-06,185.2691097252748,-0.08593206908957156,0.0009763078405520621,-0.000533598345114858,0.0458740745936675,-0.29968074239236425,-0.9557279912625184,1789623791.6479166,Unknown Fault,8,0.7,1
0.06276700422939771,126467.18098128341,1335351.9241492476,602.7281900927111,0.7753110675952957,-39.556947879389455,98.79988746463627,7.513226325660684,2215.5126408536576,2214.5126408536576,0.11234446620235217,-0.049577461972954456,2014867.2464767871,0.06338598719771477,0.0010344595507864082,1.0701065622132175e-06,0.0013446643467956154,1296088.905766786,33431.202383432006,584.6867424650734,13.71199405048966,0.7992909490511508,0.06594985017029675,-40.05657028782554,99.73957698288608,-1.8234125193956575e-06,-5.860828385577563e-06,657.9565455728251,0.13983585654648534,9.313481302065483e-05,0.003729293919611256,-0.007957319688950134,-0.31603024270485375,-0.9580456713951173,1789623792.6479166,Unknown Fault,8,0.7,1
0.06452974796666919,107070.09150356444,1256276.04647122,591.4888110489065,0.7367822055115222,-40.07004070720289,102.74695339123927,7.720056078801567,2123.921911968925,2122.921911968925,0.1316088972442389,-0.06707914927756972,1659236.1643635759,0.0634368842197893,0.0010579137101704896,1.1191814181666907e-06,0.0014325901322994744,1296596.1114362993,32719.56569887006,585.3094002591675,13.653176624428301,0.7980740920301213,0.06680577728114614,-40.049299566235206,99.87245058172468,7.447731364940894e-06,-1.214947936132311e-06,-234.47678133556244,0.1149804192504982,-0.0008047421536379075,0.0016525669955402725,-0.014922874130821367,-0.34698908503159565,-0.9525606975319272,1789623793.6479166,Unknown Fault,8,0.7,1
0.061646031285361044,135373.75201688166,1319513.3755092807,568.4038284195038,0.7050764829043642,-40.32499363306378,97.54139258469714,7.5150540846860885,2321.4364674113863,2320.4364674113863,0.1474617585478179,-0.08581572726245686,2195984.8703030553,0.06338357628670364,0.001111858635789512,1.2362296259797146e-06,0.0015749468641493153,1299629.4153464956,31150.855286298443,583.9019339040763,13.508970317351448,0.7940037332907753,0.06920488287168396,-40.07351171479226,99.70248783121635,-1.3664764871879439e-05,-6.065133089001261e-06,-552.0861420965372,0.14173985726056204,-0.0015755680289121666,0.0024037951573316063,0.06934001354312933,-0.23286426393258314,-0.9456291152724631,1789623794.6479166,Unknown Fault,8,0.7,1
0.06341018587315611,122856.92049238467,1353049.076637804,580.4268194642142,0.6851995362278814,-40.18604866887203,100.184169610945,7.461799665406181,2331.127768849119,2330.127768849119,0.15740023188605928,-0.09399004601290317,1937495.0380707616,0.06341036025080278,0.0011040847555064356,1.2190031473417056e-06,0.0015749468641493153,1302443.8607599617,32636.184655509118,583.2741452092691,13.289411927304283,0.7877224929789846,0.07162655202112088,-40.082106778112376,99.5909497062982,-1.9849033080273786e-05,-1.8582864150655722e-06,-228.39631678405613,0.23185790711883722,-0.0020976463560201,0.002388388793517639,0.07925978492461531,-0.2102277308989963,-0.9647598515839882,1789623795.6479166,Unknown Fault,8,0.7,1
0.06305351230607169,124642.99216772513,1335821.3873052944,574.1703225442295,0.6802894983078717,-40.10865330341267,96.40435219673391,7.498043878722103,2326.5246127422292,2325.5246127422292,0.15985525084606417,-0.09680173853999248,1976781.1119337555,0.06334321123149649,0.0010722375509947702,1.1496933657632622e-06,0.0014870210786454563,1303081.45676886,33122.70458248021,581.932200454095,12.418571361228542,0.7802220408280323,0.07265864492388958,-40.10595123783352,99.44667037708446,-9.924238729294752e-06,-6.907792057725282e-06,254.0801914785095,0.392270583123141,-0.0022885524465726405,0.007838993621877021,-0.03281422262514811,-0.25452664950519027,-0.9734221910541168,1789623796.6479166,Unknown Fault,8,0.7,1
0.06452620555304348,112185.93961166796,1347635.4438286962,593.8925580298412,0.6911215561699623,-39.689744176235074,97.5028301033423,7.525958869749166,2269.1569806823236,2268.1569806823236,0.15443922191501885,-0.08991301636197538,1738610.5172331266,0.06335094832754237,0.001080019823013714,1.166442818102574e-06,0.0014870210786454563,1302308.5012296017,31822.996241129433,581.8853987774685,12.37111291511068,0.7726865333125685,0.0717337627224078,-40.09881308211012,99.31236795969166,1.0891378058211487e-05,-6.2069682527556276e-06,1304.1265197514874,0.6339778787364361,-0.0021181464265157624,0.014058436644841653,0.007240761262373893,-0.36034666141959654,-0.9638223913481767,1789623797.6479166,Unknown Fault,8,0.7,1
0.06486161890312973,113193.42021314584,1361407.4693890703,582.0089122435389,0.7159855660530801,-40.18421653577869,100.79527414582061,7.389677631592349,2339.152271983415,2338.152271983415,0.14200721697345997,-0.07714559807033024,1745152.55905344,0.06347003737595808,0.0010758783495212994,1.1575142229686752e-06,0.0014061726735790647,1303958.2143185558,33718.47249243541,581.998680404654,12.358752666339234,0.7663056613785026,0.06935944234884613,-40.09632545766889,99.31771548252094,1.0170473177119412e-05,4.281739263963495e-06,2028.2168659642794,0.6080327309029517,-0.0016133316595278934,0.011794156425524201,-0.046355807432964795,-0.32901850102008434,-0.9669902582756704,1789623798.6479166,Unknown Fault,8,0.7,1
0.06429014548987368,116552.73090238494,1363169.4873125358,595.6311938643995,0.750956047506674,-39.59830941624383,96.71029707318635,7.4349734012161495,2288.61332541773,2287.61332541773,0.124521976246663,-0.060231830756789326,1812917.5165849193,0.06351868983226382,0.0010843298263010534,1.1757711722060728e-06,0.0015231412604759659,1306230.947713625,35662.024872508926,583.4797869143632,11.665572746544678,0.7620868244015745,0.0669140049520703,-40.0534289039027,99.22313991318971,1.377866898367816e-05,7.825496290565761e-06,2598.7118440043137,0.49991982385537953,-0.0008538072974464078,0.010647249549841805,-0.0277966814343322,-0.3228109645639232,-0.970244723613082,1789623799.6479166,Unknown Fault,8,0.7,1
0.06627867222873236,93103.5447886197,1268236.1185331186,593.3572617382945,0.7905119304403686,-39.91654453262074,100.97391246463135,7.759282739679064,2137.390405938076,2136.390405938076,0.1047440347798157,-0.038465362551083335,1404728.574937543,0.0636834462109028,0.0011745038568889495,1.3794593098470177e-06,0.0016496747827029895,1303544.433158568,35892.5614774185,584.5354029033737,11.312240060778743,0.7606960839766294,0.06594036729086127,-40.03768403022882,99.3934866585006,2.566615887140248e-05,2.1838439740947435e-05,2539.6706908357,0.4259672655245134,4.051446338208215e-05,0.009343422886794189,-0.03151967101175653,-0.2145962424085596,-0.9694131732605613,1789623800.6479166,Unknown Fault,8,0.7,1
0.06431606488638239,106805.58535844523,1238809.01949366,593.2412038666688,0.8284082106939161,-39.80206613545626,99.06306937631088,7.7928056973296576,2088.204614614198,2087.204614614198,0.08579589465304194,-0.021479829766659547,1660636.1963705763,0.06369267876165918,0.0011785263841248602,1.3889244380784178e-06,0.0016496747827029895,1302044.034653138,37735.960537399966,585.3734520194529,11.148904361048219,0.7623530074371574,0.06709053123868282,-40.02733502413779,99.56070479740703,3.552376494153052e-05,1.977443866364423e-05,1669.858515945014,0.3838742357988506,0.0009284398812747952,0.011287284725047805,-0.008155947171457125,-0.1940642360314921,-0.9729852617531835,1789623801.6479166,Unknown Fault,8,0.7,1
0.06393645974118677,115091.1969690989,1326182.9652503298,581.1189028626897,0.8586618988789104,-39.988307092692786,97.25924091418666,7.588808281701179,2282.1198187106443,2281.1198187106443,0.07066905056054479,-0.0067325908193580225,1800087.1089044542,0.06370411799865447,0.001179448818371973,1.3910995151590435e-06,0.0016496747827029895,1303605.594691685,37894.47562461073,585.4013907261691,11.1373264473545,0.7667960030011842,0.06959665141126956,-40.02386829095487,99.51595965270239,3.7352051452854826e-05,1.7359108112735257e-05,1743.6787101004202,0.2950713061051306,0.0016697850564556852,0.011171138572492,-0.007207284259245611,-0.17641177412760492,-0.9717263426773421,1789623802.6479166,Unknown Fault,8,0.7,1
0.06518882318732197,107057.02213672742,1339601.3539930119,578.7770102049564,0.8764966028492114,-40.03026642697483,96.99700246890228,7.523368620535386,2314.5379487665423,2313.5379487665423,0.06175169857539431,0.003437124611927661,1642260.3891635835,0.06380774172459425,0.0011914764333733313,1.4196160912840345e-06,0.0014762356605974997,1306834.4768497255,37381.48917655948,584.5900687772202,10.847798168247701,0.7733236193617617,0.07188884885157927,-40.0310629017571,99.30975558574241,3.9998142826900106e-05,2.3634337948474812e-05,1628.6843110003917,0.3705098602421149,0.0021475078864656803,0.012846750195743571,0.02200058656178074,-0.1285233857088935,-0.9700421023708515,1789623803.6479166,Unknown Fault,8,0.7,1
0.0626605790623311,124074.07958900835,1304283.6055433983,595.6960495238277,0.879096614997482,-39.865605378715884,101.06903791924627,7.621580609505759,2189.511927409932,2188.511927409932,0.06045169250125898,0.0022088865610721264,1980097.877256874,0.06379002488542895,0.0012050324634263233,1.452103237911313e-06,0.0016532171963287018,1308558.2198548033,36212.26451464425,585.3030860862539,10.967862250856593,0.7809052894248211,0.07264539733263048,-40.01867363674947,99.39353181187379,2.2366532190089204e-05,1.8909779815740666e-05,1148.6933423016262,0.4058320858030249,0.0022861864406185407,0.012931309386935739,-0.01932828824144212,-0.20661960759828848,-0.968663336028526,1789623804.6479166,Unknown Fault,8,0.7,1
0.06668985313059098,96511.18491215009,1329460.4004116845,580.6356304249083,0.8660514505745925,-39.94354034626563,96.34710485399512,7.4730664581265245,2289.663828309653,2288.6638283096536,0.06697427471270373,-0.0002844215821127538,1447164.4542860736,0.06381204532985012,0.0012518813250597006,1.5672068520332315e-06,0.0016532171963287018,1308778.455643379,36321.80913511258,585.5231024669487,10.815802399651941,0.7883440341932102,0.07145212983710246,-40.00871565846294,99.32165100642358,7.26273488763736e-05,1.644828260684585e-05,1495.599405866958,0.26106922791116455,0.0020639264244783823,0.01188668578614488,0.06788975966929808,0.01229328322343994,-0.9663953014868572,1789623805.6479166,Unknown Fault,8,0.7,1
0.06345423009737151,119707.95709759455,1324125.7671256103,582.791205083787,0.8394206542057668,-40.02312245285109,98.49040351712114,7.558500000257677,2272.0414370962285,2271.041437096229,0.08028967289711658,-0.016835442799745068,1886524.4588721793,0.06374952655485538,0.0012289522627642576,1.5103236641533888e-06,0.0016496747827029895,1311634.4674639357,34566.76342042188,586.2050436497875,10.058054319024185,0.7944654394311635,0.0689671413250794,-39.98696066741169,99.24655079658365,8.137598046200528e-05,2.968046890525557e-06,1076.7370561552705,0.03804744406374268,0.0015158178075392187,0.006170884285098179,0.19641641158881581,0.06685346747678687,-0.9627333279951727,1789623806.6479166,Unknown Fault,8,0.7,1
0.06361150868942814,117652.07090841694,1306822.231379095,574.2203256640199,0.8034086430795381,-40.358711875742216,100.4706897257234,7.587720435021908,2275.8202260916228,2274.8202260916228,0.09829567846023096,-0.034684169770802825,1849540.6465335104,0.06379184088022026,0.0012050271129802484,1.4520903430175122e-06,0.0014726932469717874,1311807.6451844,34531.35728027357,585.2911042564194,10.067455133852878,0.7983030698491019,0.06664979681455376,-40.00742215444468,99.21293972170022,6.814320940103457e-05,-1.6676176325771018e-07,940.8996244076358,0.03605694652561598,0.0007283948886003112,0.004137194344683337,0.22825846750609283,0.016099518485775694,-0.9624081375912725,1789623807.6479166,Unknown Fault,8,0.7,1
0.0633933195425802,118617.6566550642,1305148.7113640711,564.8137724998937,0.7637009219204295,-40.36238309395856,96.67228785655864,7.613712200505006,2310.759359828317,2309.759359828317,0.11814953903978526,-0.05475621949720505,1871138.1185109064,0.06378059503730839,0.0012073796280313027,1.457765566185007e-06,0.0014726932469717874,1312098.3803338362,34443.358768769496,585.3686613843088,9.900552206121924,0.7992510479858724,0.06597898172702624,-40.008468037303594,99.26147397559525,6.32907982513072e-05,-7.602785602681294e-06,740.1594174269261,-0.37712717691837094,-0.00017402556729757146,-0.002427506854317634,0.24209288244864827,0.019853357148578343,-0.9631058445228373,1789623808.6479166,Unknown Fault,8,0.7,1
0.06344635400721785,115408.0223519349,1275761.6680481145,613.0095292887673,0.7265664668058616,-39.62534063226876,103.91798662204704,7.713859946297467,2081.144920419578,2080.1449204195774,0.13671676659706922,-0.07327041258985137,1818985.8843394804,0.06378325221845568,0.001206567740474815,1.4558057123545e-06,0.0014726932469717874,1312211.6896377322,34318.74960086891,586.41935521414,11.28725905956598,0.7971597089378278,0.067405682705537,-39.99404546340638,99.43948590689126,5.6198790847357273e-05,-1.311849704249139e-05,13.04916288130236,-0.10824548236735819,-0.0010489712125943452,0.0013346843835886418,0.21043649759615451,0.027442810961987252,-0.9634687438247065,1789623809.6479166,Unknown Fault,8,0.7,1
0.06482487812923197,112659.99703591331,1377663.4378744718,581.0958258082283,0.6978679916858125,-39.875329726524306,95.43837176327241,7.420318871293033,2370.802502252227,2369.802502252227,0.15106600415709376,-0.08624112602786178,1737912.9785839226,0.06386118611281134,0.0012084062440281401,1.460245650606197e-06,0.0011767696334423067,1313450.7922584445,36056.34038261169,586.628389229888,11.137349051959456,0.7923592291562795,0.06998329846347014,-39.98061452777581,99.30728677086724,5.6746584773371004e-05,-1.104495051637625e-05,961.9609737944377,-0.2628795518026417,-0.0017583073682075467,0.0002599454159848755,0.19842368876949018,-0.009216950679308802,-0.9641173584744968,1789623810.6479166,Unknown Fault,8,0.7,1
0.062357602130084365,122430.99219763136,1266745.063888854,594.244043773939,0.6821363547595009,-39.838741049637065,100.05551787979073,7.7568598201642445,2131.6916461526143,2130.6916461526143,0.15893182262024957,-0.0965742204901652,1963369.1485158093,0.06378856312189565,0.00124157505346848,1.5415086133952592e-06,0.0014762356605974997,1311988.2390682995,37162.65999834574,586.7943644663775,11.21839212079003,0.7856074988457565,0.0721167102060656,-39.9725338426557,99.2412815507937,4.598725591139161e-05,-2.3024652087204775e-05,429.4121873000717,-0.15791846584713357,-0.0021900454520533347,0.0009681102540111434,0.16582286819935702,0.051692341913394634,-0.9669354573898458,1789623811.6479166,Unknown Fault,8,0.7,1
0.06464661538451492,107777.28556228099,1282620.296004691,588.3691313731957,0.6818552355902677,-40.02408688093197,100.74091138744397,7.658112210410765,2179.9585117784495,2178.9585117784495,0.15907238220486614,-0.09442576682035121,1667175.998638551,0.06389670195285309,0.001192913230194646,1.4230419747734243e-06,0.0012936370512880435,1312318.8260996132,36861.96540486097,586.3846542869504,10.96346215858058,0.7779704677652057,0.07258862219664437,-39.97445645766416,99.10903349733779,3.545355322240111e-05,-1.651079446492955e-05,-218.00270636701205,-0.025206942013105794,-0.0022760235137519375,0.00045735942389050875,0.16554091753980046,0.09617726207291978,-0.9661092375701875,1789623812.6479166,Unknown Fault,8,0.7,1
0.06388841379186443,117857.02653386966,1328610.8166003549,590.2359988926898,0.6970690167136849,-39.94774503118979,100.2408033810298,7.502902964407291,2250.9823512847242,2249.9823512847242,0.15146549164315753,-0.08757707785129311,1844732.394168121,0.06391571005858,0.0011888367760656891,1.4133328801262616e-06,0.0012936370512880435,1312476.1911214448,36922.7330365498,586.4793597461398,10.98607263754376,0.7706538551991622,0.07114143598266338,-39.978974581724856,99.21986765735137,3.054213907935464e-05,-1.7862460206376458e-05,55.96354780475949,0.0251810125306692,-0.0020026675078472648,0.0021005717174168563,0.178032828159704,0.12375893939641379,-0.9652911453628479,1789623813.6479166,Unknown Fault,8,0.7,1
0.06424697924383659,114775.07338183354,1340267.9837004233,569.7893218334178,0.7253757766110729,-40.2356210895737,96.66861320956016,7.511820918197114,2352.2167445817117,2351.2167445817113,0.13731211169446356,-0.07306513245062697,1786466.4569866804,0.06400667704474111,0.0011218075557134582,1.2584521920558037e-06,0.0012532958419347179,1313887.742948203,37281.93776489596,585.7982256800391,11.461569035478828,0.7648127933940856,0.06857827605220754,-39.9843375800356,99.0312098964889,1.417095379401093e-05,-1.1233432213678012e-05,237.5331407109546,-0.1254977384964475,-0.0014131343371182239,-0.001494188471221262,0.1355636655455016,0.23693955032759068,-0.9656761758368198,1789623814.6479166,Unknown Fault,8,0.7,1
0.06378185686716085,117721.81183162845,1347256.6889595482,568.3447810136418,0.762306500303833,-40.35820549092908,98.05312319612962,7.537790526904498,2370.4918809260794,2369.4918809260794,0.11884674984808352,-0.05506489298092267,1845694.3339985996,0.06402383218609847,0.001114938015072267,1.2430867774532867e-06,0.0012364295113588136,1317864.5234562508,35272.65893309885,585.5326554031155,11.78151434027386,0.761369457575696,0.06642265700284487,-39.991078724117344,99.03183889147982,5.558703501204732e-06,-1.0529054174088128e-05,-114.95148608278161,-0.39474833592706754,-0.0006004983265641747,-0.006998669967968501,0.12419700111181729,0.2767474305100359,-0.9567764509074858,1789623815.6479166,Unknown Fault,8,0.7,1
0.06341964589038813,125194.92837104185,1366619.982043549,593.7305153903185,0.8020306385538443,-39.87403912351132,100.42770097953571,7.380178192252569,2301.751293926897,2300.751293926897,0.09898468072307787,-0.03556503483268973,1974071.7030716876,0.06396905230467709,0.0011096213606911593,1.2312595641021001e-06,0.0011195620935130768,1320017.6128326855,36518.20843948851,585.2888457980235,11.543878244593838,0.76086747475763,0.06606508366300977,-39.991544427201696,98.94283736344345,7.634706631351713e-06,-1.6459159148741538e-05,284.38114264118434,-0.17614478105401304,0.0003069431659936879,-0.0046314826467635855,0.0986451024356678,0.24357814494540198,-0.9599925719845509,1789623816.6479166,Unknown Fault,8,0.7,1
0.06355520000577217,123218.21908502627,1373599.0361355816,590.0296989513113,0.8382766233860113,-39.80380388207096,97.82401374577185,7.409592481090751,2328.016773692827,2327.0167736928265,0.08086168830699436,-0.017306488301222195,1938759.048415164,0.06400058013573207,0.0010859648824764593,1.1793197259721102e-06,0.0011101020762810526,1321547.4973121388,37903.45780920117,584.7809061523675,11.033445545706622,0.7633860969892584,0.06774654366199984,-40.00141866730896,98.90380241468885,-8.205949188256697e-06,-1.3385395638265432e-05,932.3220093720014,0.042010383307825805,0.0011659250817092528,0.0014474724787194814,0.18319093439884243,0.2336493631465538,-0.9622875472454261,1789623817.6479166,Unknown Fault,8,0.7,1
0.06295167562178176,124768.27763793037,1322873.004541259,593.1877854617433,0.8653220107722585,-39.95414030745944,101.52207302145494,7.520973902785269,2230.1083012212084,2229.1083012212084,0.06733899461387077,-0.004387318992089009,1981969.1279950552,0.06393745724193657,0.0010991553619459158,1.2081425096944574e-06,0.0011160196798873645,1324211.3756349403,35485.65418808903,584.8488651288811,11.079688057542072,0.768527689199688,0.07035968125829979,-39.996782651319215,98.85480719989751,-1.259646639227287e-05,-1.847927834408465e-05,291.8429523085391,0.18669139512899122,0.0018408330633903525,0.001197667709160272,0.1802286834503731,0.1784480392883737,-0.959543153475896,1789623818.6479166,Unknown Fault,8,0.7,1
0.06366629816055534,116301.13018387236,1316628.9912512554,591.4121636989801,0.8788969287184314,-39.76192496246745,97.69308159585638,7.620759445860183,2226.2460464397886,2225.246046439788,0.060551535640784304,0.003114762519771039,1826729.8954712446,0.06401826791694434,0.0009972602056720922,9.945279178171438e-07,0.0011065596626553403,1324096.0002646195,35505.42487551745,585.7691985400601,10.621580866076762,0.7754805070322507,0.07230736898146208,-39.97425990449537,98.86087476034385,-3.801373286308557e-05,-8.226546495248708e-06,174.87171058715893,0.08282532252844109,0.002225113980610133,8.347501957719426e-05,0.041984675122550094,0.08633815457399852,-0.9609610978529163,1789623819.6479166,Unknown Fault,8,0.7,1
0.06412522758324332,110350.18078622925,1275638.1351523397,575.6598633354826,0.8768581961662031,-40.234034393252635,99.02975545559858,7.711255321691467,2215.958096784879,2214.958096784879,0.06157090191689846,0.0025543256663448644,1720854.411674089,0.06404686958534783,0.0009896347438884537,9.793769263111654e-07,0.0010798515458256275,1320999.5626052008,36213.84585767003,585.5785202949108,10.757691558367611,0.7831468534297835,0.07248899246454442,-39.97617933347059,98.81469819413002,-4.310723330436188e-05,-1.5442130182238322e-06,17.099104051809903,-0.06391540857996425,0.002258098326110619,-0.0044323309819489015,0.012710550962322983,0.05916440243535889,-0.9624899156554977,1789623820.6479166,Unknown Fault,8,0.7,1
0.06402413945420897,114835.36181647186,1305281.9512326936,588.3497118098367,0.8595276841579076,-40.024269850083,100.7361202761046,7.573209475158523,2218.54778719528,2217.54778719528,0.0702361579210462,-0.006212018466837235,1793626.0103676028,0.06408569467127333,0.0009687207327175731,9.384198579968716e-07,0.0010719754556719613,1319777.9851622968,36208.350599644094,586.1456958655351,10.512256684309543,0.790316380863785,0.07080556289515401,-39.9728039953374,98.98796891730484,-5.325062269225121e-05,6.861971901950347e-06,20.231707614219317,-0.15241715671823097,0.001934578596997263,-0.006200983142407396,-0.012799389550278019,-0.002776665050962593,-0.9601984638722982,1789623821.6479166,Unknown Fault,8,0.7,1
0.06511925873547425,103681.84282747708,1260264.2818545892,571.4634159497987,0.8296414994762568,-40.327098214892075,98.82721747748094,7.678267283176932,2205.328016947457,2204.328016947457,0.08517925026187162,-0.02005999152639737,1592184.0150031615,0.06410941679857056,0.0009863190722009538,9.728253121873505e-07,0.0011923852871434104,1316283.1386833324,37542.83442092679,585.2485301823333,10.766840443646737,0.7958571785960367,0.06819825045925852,-39.99829815688368,99.04094441227038,-3.930492251269491e-05,1.3625247254578481e-05,-250.5509670237013,-0.21047727275889078,0.0013056314449433936,-0.0066407931318887845,-0.10164879552618532,0.04536911119380534,-0.9575167703990453,1789623822.6479166,Unknown Fault,8,0.7,1
0.06615038306168343,98884.50402787772,1308836.399772782,588.5375081367862,0.7919180135448819,-40.07026585418658,101.56437883108137,7.550894142313025,2223.8793308456156,2222.8793308456156,0.10404099322755905,-0.037890610165875624,1494844.0122511552,0.0641609673649127,0.0010555364809136734,1.1141572625396214e-06,0.0011923852871434104,1314180.2958986808,36411.70713562615,585.5096740180633,10.76427178678744,0.7988944764957089,0.06623607694010815,-39.993740129619994,99.0717085996808,-1.2943212884522664e-05,2.113004281407135e-05,131.95321162859747,-0.21251365564419442,0.0004705537959647072,-0.009164294126711747,-0.09851428911352442,0.07118377997663812,-0.9535939958352498,1789623823.6479166,Unknown Fault,8,0.7,1
0.0646571708351745,108729.59307037956,1291500.8936053528,597.4136596009794,0.7523129353281202,-39.944153246157434,103.04221615236672,7.618153716749817,2161.820160703998,2160.820160703998,0.12384353233593992,-0.05918636150076542,1681632.3953851224,0.06417564837872472,0.0010597749601733045,1.1231229662103293e-06,0.001202940737802985,1311313.5521503936,35244.44315537183,585.5809726475264,10.836736222479745,0.7989487520085666,0.06619731733785796,-40.007573882816544,99.32498536284803,-7.071091909419344e-06,2.351537288257433e-05,412.49679690565625,-0.001415513338530008,-0.0004388139508572265,-0.004752261914834085,-0.10984450823262634,0.06128117334550786,-0.9488078396935792,1789623824.6479166,Unknown Fault,8,0.7,1
0.06324985281494307,118443.14199214394,1272868.3490031331,594.37714068839,0.7170790358397112,-39.69395871607242,97.76052554948922,7.658874118457243,2141.516323337965,2140.5163233379644,0.1414604820801444,-0.07821062926520132,1872623.2033880907,0.06405449560217315,0.000982761667665589,9.658204954328496e-07,0.0012002613772970766,1311498.8413691942,35029.004775428155,585.6217678055302,10.867808597775564,0.7960114362245403,0.06810811858662515,-39.998670450154606,99.19644988624233,5.413341386518529e-06,1.1889875173383888e-05,-373.1563375494975,0.15754277486942853,-0.001278902623482486,-0.0009470591813918908,-0.20301684585490223,0.11481106928066208,-0.9464888836048753,1789623825.6479166,Unknown Fault,8,0.7,1
0.06518125999583356,106340.44013921196,1318142.8504467185,593.6730588418662,0.6917789730856887,-39.843619955787716,99.90909071907394,7.55355070908447,2220.317784031068,2219.3177840310686,0.15411051345715565,-0.08892925346132209,1631457.2646495225,0.0640891034065512,0.0010063150479070395,1.012669975644147e-06,0.0012108168279566511,1314672.1946073167,31739.16052569885,585.6390420045382,10.88024193565627,0.7905462667202113,0.0707208735433722,-40.000332602967866,99.23029073995286,1.8429936323937606e-05,1.4081775223898175e-05,-1038.7252417430764,0.3080567450469912,-0.0019170806923781262,0.002450219298209105,-0.17549296282454793,0.03986554003542689,-0.9349884100859618,1789623826.6479166,Unknown Fault,8,0.7,1
0.062355458637785056,130220.8928866378,1350057.4296657476,602.2265361642387,0.680407070676987,-39.608113304248235,99.4352505599992,7.4979872622814305,2241.776721206388,2240.776721206388,0.1597964646615065,-0.09744100602372144,2088363.9657447543,0.06402586336241513,0.0010620544413021344,1.1279596362895889e-06,0.001237524944786364,1315627.1731839334,32422.93952694693,586.4833473366001,11.307313795509621,0.7834160735921343,0.07245852901571151,-39.985124851430086,99.31733112578534,9.006248816825875e-07,7.037782495504167e-06,-596.9845963120412,0.41597068433343354,-0.002252593872728587,0.006190960235294998,-0.26808511164434895,0.13566130748849853,-0.9406296494846267,1789623827.6479166,Unknown Fault,8,0.7,1
0.06335299163336783,111678.73693741018,1230395.956345363,578.8734720895876,0.6847587019584843,-40.10342229787753,98.21525793960039,7.877725043868387,2125.500676173574,2124.500676173574,0.15762064902075784,-0.09426765738739001,1762801.314635777,0.06395243010025696,0.0010423907255317224,1.0865784246745505e-06,0.0012532958419347179,1311258.9572780274,36052.04094777613,586.4872058119855,11.304699604758703,0.7757465575565051,0.07234769265799178,-39.98805108626619,99.36606134461329,6.31909947800651e-06,-4.0599763377218483e-07,-1143.9924821157485,0.26866231073687946,-0.002232472010622276,0.004647568051101891,-0.24974257616933634,0.10875881669962423,-0.9516866367104877,1789623828.6479166,Unknown Fault,8,0.7,1
0.06356795087467328,117238.58883456545,1302065.9878452297,579.5677998785418,0.7041468400345264,-40.104113810523884,98.50617932704618,7.614513864777157,2246.615474700457,2245.615474700457,0.14792657998273678,-0.08435862910806351,1844303.4142425947,0.06398872497275065,0.0010121358178297167,1.0244189137338295e-06,0.0012269694941267895,1311170.2525701006,36071.81717326895,585.8420758261739,11.220653077862448,0.7687485665579868,0.07044876267165273,-39.997591423538516,99.26354700092529,-1.0148449906640111e-05,3.285746106131646e-06,-1298.604178841708,0.2968793084696688,-0.0018598919056461568,0.004800676902687842,-0.21961553096498165,0.20893229784032044,-0.9520746134974046,1789623829.6479166,Unknown Fault,8,0.7,1
0.062428619231191376,126077.99406341922,1293351.173842799,591.1202843291231,0.7355105242093976,-39.825355498730374,98.60306164875273,7.614965772704442,2187.966151949353,2186.966151949353,0.13224473789530122,-0.06981611866410985,2019554.4225720523,0.06381827561677467,0.0008949186526003011,8.008793947719385e-07,0.000853659701256379,1309725.883507345,36033.44827430767,586.2614619823426,11.214154769626104,0.7635269295033793,0.06783243558420635,-39.992864029637104,99.3537852727156,2.4618555958312155e-06,-1.2811457644649258e-05,-1280.1865040624982,0.29353677909961956,-0.001193675764082464,0.00693105775056875,-0.3250622261405794,0.09173480559606459,-0.9551385107701081,1789623830.6479166,Unknown Fault,8,0.7,1
0.06275698944112976,121257.14714516937,1285795.0358896267,593.3710204433116,0.7738981183767544,-39.93524613958552,101.2854818330953,7.692635037009532,2166.932646843791,2165.9326468437916,0.11305094081162281,-0.050293951370493056,1932169.599354613,0.063790385990525,0.0009164352305407579,8.39853531776292e-07,0.0008939876104687577,1308192.6542579057,36203.200899715834,586.6846545967236,11.274675194921574,0.7609060280702187,0.06609295240296788,-39.98934897710648,99.46558840535454,-1.0975087373384256e-05,-1.5094840288214054e-05,-1357.0877997357086,0.3244609035999317,-0.0003390044659197383,0.007160330965058852,-0.330836835006713,0.10170890904724295,-0.9548440382186693,1789623831.6479166,Unknown Fault,8,0.7,1
0.06262348260022611,121819.2840483176,1280541.248611159,589.149148134575,0.8132490654842133,-40.01914488580469,100.97259248019799,7.708475159787858,2173.543410298973,2172.5434102989734,0.09337546725789336,-0.03075198465766725,1945265.2422092818,0.06375086494695692,0.0009441812729710943,8.914782762293161e-07,0.0009971264288935189,1307141.4149471885,36607.04219561797,587.2818074955458,10.990463069071621,0.7612996449664057,0.06637361128041558,-39.97576629750898,99.48566451553353,-2.3535276294804246e-05,-1.7246131277005018e-05,-1626.0357729553252,0.22256678539152341,0.0005691881833795608,0.003191662821487235,-0.3446173684709646,0.06441802200479037,-0.95527540639751,1789623832.6479166,Unknown Fault,8,0.7,1
0.06275327661850977,114735.60709216804,1198717.9090984075,598.2649601205952,0.8473507162323586,-39.75991637073545,100.35656733381258,7.926104899199802,2003.6572238106273,2002.657223810627,0.07632464188382071,-0.013571365265310942,1828360.4183677877,0.0637252632299941,0.0009620377220215404,9.255165785923948e-07,0.001295303622054822,1302884.1828565618,42332.24472381676,588.6198550003738,10.180009290183486,0.764645636738883,0.0684851914129073,-39.951667628580054,99.63303569462369,-3.631923798577594e-05,-1.6828204689809612e-05,-2646.795170467551,0.09926938274315192,0.0013875185338362882,0.0013179557195162608,-0.42890913508912915,0.010977541346740963,-0.966310108312927,1789623833.6479166,Unknown Fault,8,0.7,1
0.06379950285375383,115887.21151465946,1315239.9785869776,585.2897556602818,0.8708191697953521,-39.91232181563237,97.69740369132532,7.59849853221235,2247.160429287231,2246.160429287231,0.06459041510232394,-0.0007909122485701137,1816428.1276659025,0.06373938918385554,0.0009604300509185209,9.224258827073527e-07,0.001295303622054822,1304463.3152781164,42026.26178113157,587.5110640552343,8.891147607426007,0.7704157448584624,0.07106222015042257,-39.963146875914596,99.38421237739483,-3.842304137883342e-05,-1.185264009621102e-05,-2803.9668195020313,0.3124267471031607,0.001986790216565793,0.004944417802146339,-0.43366044893020056,0.007798014936032828,-0.9653390639433844,1789623834.6479166,Unknown Fault,8,0.7,1
0.06179967907361357,135295.05962542893,1350275.439298819,579.9994941198236,0.8799492733800885,-40.14793843939243,99.39103506807928,7.479003560466986,2328.0631327927713,2327.0631327927713,0.060025363309955726,0.0017743157636578438,2189251.815762187,0.06361838122163081,0.0010055598034106124,1.0111505182351895e-06,0.0013682381421135648,1303367.7953350903,40430.51107415418,587.4672107876981,8.925318969824682,0.7776989961262335,0.07256838208805239,-39.974051224429324,99.5423189095871,-4.547316832730275e-05,-1.9491273658691086e-05,-1649.0844487319894,0.1789367959985377,0.002272391409654304,0.004116821017792347,-0.3603623930084285,-0.05392479787849258,-0.9648287855089382,1789623835.6479166,Unknown Fault,8,0.7,1
0.0636904140248907,117267.88024615892,1330283.669654797,579.1443862932905,0.8732995843833089,-40.24806965568343,100.67552494473134,7.5794423307566445,2296.9810312226946,2295.9810312226946,0.06335020780834555,0.0003402062165451525,1841217.1131487659,0.06367169369742307,0.0009720767924617284,9.449332904426821e-07,0.001173551961461558,1305909.3395657279,40043.68079876599,586.8632244884723,8.957135532809144,0.7853455253111856,0.07216641069296519,-39.99042436867118,99.56711919218473,-5.741604105882972e-05,-9.369816606969248e-06,-1766.857538704748,0.16987905360487415,0.002199231964513828,0.0029405218618308955,-0.32622978131283775,-0.12667660489202168,-0.9613976254612044,1789623836.6479166,Unknown Fault,8,0.7,1
0.06279342638409732,116220.36243923621,1215043.5834653007,564.8449984788521,0.8519199424842048,-40.19170625374964,93.96031408275105,7.86155568908259,2151.109749997711,2150.1097499977104,0.07404002875789761,-0.01124660237380029,1850836.4510694938,0.06359756613740636,0.0009655431851535315,9.322736423964268e-07,0.001230713070111647,1303206.2710641522,43643.5337233115,585.9222591726984,9.9320814570881,0.7921481135869434,0.07007561732352095,-39.99712914358389,99.29589529999701,-5.577390708014871e-05,-1.1063786263704959e-05,-2838.5087998575223,-0.01830704071361634,0.0017788621489017464,0.000745910107729497,-0.28080843669654326,-0.09880541510779485,-0.9671468752171376,1789623837.6479166,Unknown Fault,8,0.7,1
0.06271461711007581,122874.18945136483,1273782.060044523,600.1727163470307,0.819185723042955,-39.620522693198815,98.83678686496343,7.648130248997085,2122.3591565398638,2121.3591565398638,0.0904071384785225,-0.027692521368446688,1959259.1825235542,0.06355061427013481,0.0009787080410554264,9.578694296265502e-07,0.001267150013079213,1301013.120801919,43689.402126764806,586.3197278708722,10.289166529725877,0.7970327818401141,0.06748608794294918,-39.98404025006425,99.23973463935435,-6.1015729249388474e-05,-9.958187143586372e-06,-2856.071446215151,0.15637303809551695,0.0010776491136092715,0.004716118465994201,-0.3238148539421657,-0.0954546985931871,-0.9648814227455038,1789623838.6479166,Unknown Fault,8,0.7,1
0.06482823277699103,110522.41519967678,1337061.3836966548,599.0437594564587,0.7802649395491263,-39.64030713713359,98.71721657376244,7.4990810188895,2231.9928429098986,2230.992842909899,0.10986753022543683,-0.0450392974484458,1704850.0393319933,0.063573864411461,0.0010016108303394968,1.003224255453376e-06,0.001267150013079213,1300884.8568017683,43578.535156683865,587.4899053757938,10.002174699760173,0.7992283483576362,0.06599552196155911,-39.960227691966644,99.32167877392244,-4.2258677910621106e-05,-2.7226948821200594e-06,-2130.769621278701,0.10852157697254168,0.0002062989786328192,0.005373231113336536,-0.19945274938801127,-0.07891900460477191,-0.9649854566083084,1789623839.6479166,Unknown Fault,8,0.7,1
0.06273703961396124,128556.29794266696,1355980.9086619986,608.9159821140333,0.7413023279259844,-39.579062465944986,101.56248954168262,7.452338948570635,2226.8768573856555,2225.8768573856555,0.1293488360370078,-0.06661179642304657,2049129.1704822264,0.063532071721333,0.0010137841100098877,1.0277582217085402e-06,0.0012708628356992019,1301233.8255898664,43981.54239796394,589.1127534198096,10.055421525355538,0.7983881814625223,0.06659122372911151,-39.929061970967275,99.46205342774456,-4.7903289945927895e-05,-2.4049853361981113e-06,-1158.4723594526215,0.11484950324246317,-0.0006976212289666146,0.004911901363912075,-0.23823674865975278,-0.044522390149310295,-0.9704972213224552,1789623840.6479166,Unknown Fault,8,0.7,1
0.06267359183751678,120277.68915103716,1262989.4547530462,587.9289490609672,0.7084492278386914,-40.00813479797777,100.30422115232153,7.748827029043423,2148.200827277305,2147.2008272773046,0.14577538608065432,-0.08310179424313754,1919112.749479251,0.06350222955921815,0.0010275415285072374,1.05584159280699e-06,0.0012870998402477324,1297088.6044982462,42481.57849706432,588.8806907666353,10.013029295040274,0.7946449250339163,0.06887241119970887,-39.934425797945934,99.457114234656,-5.69519779521418e-05,-2.2281414449010975e-07,-857.6357564864425,0.15009969809670154,-0.0014914023838118336,0.004732226819913352,-0.2219250862996323,-0.00017751909025056226,-0.9691230311257167,1789623841.6479166,Unknown Fault,8,0.7,1
0.06272476333487312,123093.16859020351,1297024.7178495706,578.2596654965415,0.686892421416878,-40.21955244282764,99.8508190127257,7.638115331250199,2242.979746366778,2241.979746366778,0.156553789291561,-0.09382902595668788,1962433.3683498704,0.06346901209238219,0.0010386549509705135,1.0788041071755596e-06,0.0012993761193358516,1294025.631766806,39511.37844894291,588.4098894284446,10.222452742980684,0.7885895569551508,0.07137938511418067,-39.9510557403762,99.53818644533416,-6.359888478824813e-05,2.391481945774014e-06,-93.12116302394057,0.06354954668105506,-0.0020497238952173883,0.0034065077182166394,-0.17856922342012718,0.04106908901018583,-0.9646270763677013,1789623842.6479166,Unknown Fault,8,0.7,1
0.06478738302431726,107533.34901044062,1294393.8434438203,579.3772445770152,0.680035254403365,-40.204945301921505,100.06658263917038,7.625875134529922,2234.1123258798607,2233.1123258798607,0.1599823727983175,-0.09519498977400025,1659788.4339621977,0.06354244038848361,0.0010640634323768124,1.1322309881215233e-06,0.0014004642483702034,1292886.4653229082,39071.34388913083,587.8574677930555,10.322004927314707,0.7811780867003951,0.07263562082951995,-39.961087940154684,99.47996683004277,-5.6602671661005606e-05,1.5292841784039194e-05,198.75144173918775,0.027950246847000506,-0.0022844390729089502,0.001032066094658438,-0.22348579707622346,-0.007086646819379671,-0.96463204888019,1789623843.6479166,Unknown Fault,8,0.7,1
0.06317841117697422,122099.3751816413,1331906.1144354302,593.3526844676339,0.6889603226941575,-39.758786298484594,98.40580167702048,7.550722305496858,2244.712376468708,2243.7123764687085,0.15551983865292124,-0.09234142747594702,1932612.3102339301,0.06352292490914035,0.00106608498486411,1.1365371949527097e-06,0.0014004642483702034,1293497.5502502753,39554.386706034384,587.9350886238017,10.355685513708018,0.773580622459424,0.07194732591914398,-39.960962393595366,99.50847563328932,-5.8724363584990385e-05,1.8978642584016047e-05,796.3580774459393,0.11422228290235492,-0.0021584915512477027,0.004891095640793243,-0.2394674398817343,0.0021209564328107636,-0.9681523509498735,1789623844.6479166,Unknown Fault,8,0.7,1
0.06482787435126555,109677.0091641261,1319942.5505983725,593.6815612663316,0.712258554250592,-39.71448042944409,97.81907343478399,7.5312723863361155,2223.317409054974,2222.317409054974,0.14387072287470398,-0.07904284852343843,1691818.6854291793,0.06355103077986125,0.001090574269086971,1.189352236394581e-06,0.0019324075003013808,1295269.7268681163,39706.72576726147,588.6559565410356,10.100208096015603,0.7669966367827997,0.06969099218888701,-39.94018023504303,99.46004835245677,-4.065564968588217e-05,2.649515247351565e-05,861.8716219874826,0.04451439287328701,-0.001691765674569132,0.004435593774847877,-0.1581678877661699,-0.07027772416424567,-0.968057441865763,1789623845.6479166,Unknown Fault,8,0.7,1
0.06180972065502203,138019.85457830108,1369253.9710912462,587.1897543634024,0.746251670591559,-40.084672841290505,101.25845901887872,7.392595826141925,2331.8764690908365,2330.8764690908365,0.12687416470422053,-0.0650644440491985,2232979.7500401256,0.06346245402789379,0.001137470685657637,1.2938395607304547e-06,0.001942553725098689,1297828.6076624587,42249.41597819426,588.6095582431783,10.104171876031575,0.7624655962401456,0.06716426445387448,-39.94259635469133,99.4809419021677,-5.199819486399789e-05,2.2413043324478123e-05,1644.9253507698363,0.027917771613913636,-0.0009579471964295058,0.0022609197206253386,-0.10553347204760877,-0.07917587863789212,-0.9726225929478562,1789623846.6479166,Unknown Fault,8,0.7,1
0.06387659721521849,116149.21875768916,1323130.8073529263,578.1999958376715,0.7855729060876571,-40.283580295350426,100.87107861993411,7.56741567010824,2288.3618417119337,2287.3618417119337,0.10721354695617147,-0.04333694974095298,1818337.6044022709,0.06341274756708354,0.0010901510620579342,1.188429338106042e-06,0.0011619801051426792,1300343.268682392,41807.35030929831,588.8790214386931,9.726069640087054,0.7607028525046018,0.0659453181496977,-39.940855637909664,99.56269634786584,-3.16072875975035e-05,2.1649398920663564e-05,1502.8408590646911,-0.2396319196784057,-7.288991932213713e-05,-0.004731642949004506,-0.028240017910398756,-0.14195998601087334,-0.9765291051651986,1789623847.6479166,Unknown Fault,8,0.7,1
0.06249648176425223,126895.1750076637,1304318.947219565,588.4342623526045,0.824014302249604,-39.98672550872938,100.15723305296898,7.570159374331031,2216.592456742406,2215.5924567424063,0.08799284887519798,-0.02549636711094575,2030437.0970246727,0.0632665915151863,0.0009491383162667336,9.008635434056499e-07,0.0011259110162370467,1300162.5705802634,41780.004761186516,588.8748916073259,9.726235693251896,0.7619867040527906,0.06684680131965025,-39.93751402409137,99.50641051674134,-1.2688770831486055e-05,9.667947453731538e-06,1624.470741080957,-0.2471525211844476,0.0008236750733422241,-0.00644915930395562,0.04635157444040685,-0.24834239999390953,-0.9769909959224837,1789623848.6479166,Unknown Fault,8,0.7,1
0.06579077688240925,105677.68004914428,1360982.737247831,617.3484508432465,0.8555068078730717,-39.47481128912122,103.11162476802541,7.389991990309504,2204.561678884659,2203.561678884659,0.07224659606346417,-0.006455819181054923,1606268.9187882163,0.0633119357570757,0.0010374581823139049,1.0763194800500716e-06,0.0011259110162370467,1302941.8443259627,43391.32581875502,589.6722832570166,11.112027177170342,0.7661144589545887,0.06926437473065201,-39.91874034580993,99.5091868613677,2.4517194988915516e-05,1.3477612169738529e-05,2099.270894417091,0.10106801323750828,0.0015901998828981136,-0.0022444493556608883,0.2279678562647259,-0.08298411662796147,-0.9779933643325537,1789623849.6479166,Unknown Fault,8,0.7,1
0.0639217791888613,111093.53243247255,1263206.9951511356,597.546931558767,0.8750784487775076,-39.82119381878214,101.07467993016733,7.740934992281052,2113.9879203394466,2112.9879203394466,0.06246077561124619,0.001461003577615111,1737960.5799807145,0.06333881281203242,0.0010441835531890228,1.0903192927504528e-06,0.0012030053777017102,1302555.3901718827,43699.376817258046,589.7990748918317,11.182846147764963,0.7724344354721007,0.0716683935774289,-39.92382974991832,99.64175303659482,2.9525689553302623e-05,1.346366170458097e-05,1431.7527180365485,0.22080564879816988,0.0021056670962685906,0.000903796421970667,0.24262990821689817,-0.048062306077241115,-0.9808439318109247,1789623850.6479166,Unknown Fault,8,0.7,1
0.06218756963531044,122251.83791350824,1246975.1324923644,593.528128566146,0.879639293205456,-39.75106086292262,98.34982660695894,7.806985258665225,2100.953724813052,2099.9537248130514,0.06018035339727201,0.0020072162380384284,1965856.4988217994,0.06321906519761149,0.000996599102279867,9.932097706650366e-07,0.0011760202535277126,1299708.6814537083,44892.97972653033,589.7932776808029,11.180873755809857,0.7799488482768911,0.07265944779946357,-39.92012738620371,99.57938247211023,3.732330129849579e-05,-1.335575961778956e-06,1074.578788358585,0.29396752221526407,0.0022886957745585222,0.0033006840893908037,0.19462115369676306,-0.023332002390393857,-0.9817940345783713,1789623851.6479166,Unknown Fault,8,0.7,1
0.06414555226498625,113236.36762419842,1277040.9388694556,579.4840736344286,0.8684692841056163,-40.045163809676666,97.5204002802073,7.597314895651709,2203.7550244652375,2202.7550244652375,0.06576535794719185,-0.0016198056822055995,1765303.495344732,0.06329066894269954,0.0009962856790037178,9.925851541878992e-07,0.0012030053777017102,1296788.0218218567,43886.24591298965,588.8835791796105,11.056768851813802,0.7874713368140362,0.07169309313730185,-39.93760940642085,99.50278846091857,3.7239424014459944e-05,1.980596253831965e-06,1368.8255697012573,0.3231382235446295,0.002110389713901558,0.005266642538426035,0.2340847682929415,-0.03340817327401362,-0.9727784981109864,1789623852.6479166,Unknown Fault,8,0.7,1
0.06731302282325545,90183.7383045943,1320994.7719273532,579.4149066888759,0.84333192030863,-40.17050768669532,99.52138392219376,7.5385203516792565,2279.8770909714926,2278.877090971492,0.07833403984568499,-0.011021017022429538,1339766.578918774,0.06344907019029505,0.0012706345123024672,1.6145120638541287e-06,0.0012481873513445207,1300411.9744451363,41952.258144431544,588.9052365635821,11.037654143498159,0.7938142655480422,0.06929998294259977,-39.940292821973564,99.5550335002223,7.499207135704351e-05,1.1863253249943209e-05,928.3518389870565,0.1356340219606981,0.001598899520680747,0.001458683344402587,0.05579589923492254,0.06646676534090921,-0.9714466094008878,1789623853.6479166,Unknown Fault,8,0.7,1
0.06263994600183313,134912.32279738452,1396516.4329447595,608.5977312575488,0.8081958388375392,-39.49288244147409,100.03068196754484,7.275452366933985,2294.646136881138,2293.646136881138,0.0959020805812304,-0.033262134579397265,2153774.57051825,0.06341194999538144,0.001280139105094888,1.6387561283931412e-06,0.0012818331870281668,1304189.9922491175,45989.6922387718,590.0664338187422,11.511111799608303,0.7979762255001627,0.06687173560843128,-39.915843567211574,99.61601360584221,6.871203953810046e-05,1.3345334082834388e-06,1832.0100514460487,0.22403652920845205,0.0008349782497563304,0.003950415432740684,0.011095655043190758,0.06971720903754543,-0.9756150845670253,1789623854.6479166,Unknown Fault,8,0.7,1
0.062482941556660364,125680.71089025497,1315340.784025109,587.1417483652278,0.7686082543842693,-39.914706595026345,98.47230216909841,7.614114125908748,2240.2440086868246,2239.2440086868246,0.11569587280786536,-0.053212931251205,2011440.3669085589,0.0634141228884002,0.0012785132374854647,1.6345960984255644e-06,0.0012818331870281668,1305069.57665641,45984.26394321051,589.9072923801865,11.52293782981435,0.7993001347071576,0.06594313340511082,-39.91941761106341,99.61078322665605,5.030326938492834e-05,-4.205057069277207e-06,1826.5522530073977,0.2075779378182817,-6.0767727298030465e-05,0.00486579124541627,0.02254479016883068,0.05455657480740539,-0.9740289260959542,1789623855.6479166,Unknown Fault,8,0.7,1
0.06565163208962325,103029.76720894851,1315321.9254550268,589.4529412362094,0.7308191760819537,-39.94924364234048,99.95311744996683,7.539642743991262,2231.4282166384887,2230.4282166384887,0.13459041195902316,-0.0689387798693999,1569340.5316763353,0.06352990859433995,0.0013431957009486936,1.8041746910470525e-06,0.001505606263153117,1306250.652239026,45853.04461245429,589.7505692119024,11.501386655223783,0.7975769770153656,0.06713644867936146,-39.919977511173606,99.55748865133091,6.438586600043673e-05,1.441429717877765e-06,1728.4439111729512,0.23802120788974584,-0.0009469198163731759,0.004432188748406826,0.012154945379076838,-0.022152283252353244,-0.97400018473351,1789623856.6479166,Unknown Fault,8,0.7,1
0.0641123258118314,105270.7043197842,1205920.1348525598,591.9274484924618,0.7007946684880577,-40.007914968349084,101.90091323045968,7.912341871572308,2037.2769296707434,2036.2769296707434,0.14960266575597114,-0.08549033994413974,1641972.9433736647,0.06358946232280416,0.0013346655437861854,1.781332113770074e-06,0.0014719604274694709,1303265.807688682,49697.10227576072,589.861701226218,11.50845899814345,0.7930788011355193,0.06965570465156812,-39.919528314475386,99.59462148134136,6.0697764989988915e-05,1.1527256569112633e-06,545.2220220961309,0.2521012673985594,-0.001683574087321387,0.002628784628168509,-0.00534150886690515,-0.03674672916515855,-0.9785926426027212,1789623857.6479166,Unknown Fault,8,0.7,1
0.06407145660345884,112572.11270014776,1274968.3205850762,584.0620252351213,0.6832749411726118,-40.17445610578073,101.46703910734115,7.6430893101515895,2182.933088436664,2181.9330884366645,0.1583625294136941,-0.09429107281023527,1756977.5789063403,0.06364218952220212,0.0013266033447848768,1.7598764343944227e-06,0.0014719604274694709,1306315.8241481488,45335.623534631784,589.2935838307989,11.429905091434577,0.7865157701331295,0.07192566781300797,-39.93610990387719,99.63904035228252,5.67850859223191e-05,5.716410136081601e-07,-761.4645370706678,0.28259838565528816,-0.002154429028318296,0.0018717244535184818,-0.0013105548881165924,-0.035338867617046354,-0.9719373522265853,1789623858.6479166,Unknown Fault,8,0.7,1
0.06317453579585304,121958.98349619217,1324294.2977441745,589.5223880540664,0.6810259738548584,-39.91708490026752,99.45759234661449,7.556622735460487,2246.385081515718,2245.385081515718,0.1594870130725708,-0.09631247727671775,1930508.5816585915,0.0636171908398861,0.0013292891337915373,1.7670096012162557e-06,0.0014719604274694709,1306677.9969144366,45441.51176377186,589.4628891265503,11.40065500619043,0.7789240422955097,0.07263958091671226,-39.9363004272626,99.7094478984941,5.404141560999861e-05,-7.197627883221925e-06,-506.2678517959883,0.2446721429341251,-0.0022851469973416486,0.0022852207539022264,-0.0028793550914950005,-0.021943888606690012,-0.97276565174683,1789623859.6479166,Unknown Fault,8,0.7,1
0.06394268207924957,104749.64495669784,1175482.3830081378,591.7077667964468,0.6944028290239646,-39.83884098273285,99.0539050099868,7.981702026699438,1986.5927894985957,1985.5927894985957,0.15279858548801772,-0.08885590340876816,1638180.344497792,0.06370291096011152,0.001277405762966226,1.631765483259326e-06,0.0014309351549104399,1299686.2746628094,51268.98571616918,589.9312200336152,11.241661174383488,0.7715021845212648,0.0714068222932692,-39.92393652899622,99.6959626961704,3.887083246447486e-05,-3.404005063105564e-06,-1281.3298640103071,0.17076014058897998,-0.002055090501310124,0.0010684662744170044,-0.052316026793667765,0.05220021226087422,-0.9786900352051332,1789623860.6479166,Unknown Fault,8,0.7,1
0.06344990107207181,118456.97354348986,1308730.299034525,608.6724835740451,0.7212935953790981,-39.53805403495525,100.7966881986878,7.603545226631623,2150.138759928545,2149.1387599285445,0.13935320231045095,-0.07590330123837914,1866937.0880332238,0.06369329044199877,0.0012783689772881718,1.6342272420928061e-06,0.0014309351549104399,1298824.1398379987,50927.29495830528,591.1123439248454,11.592025681097505,0.7654219449610963,0.06890785607688318,-39.89553590416709,99.70080922632864,3.6410387222669306e-05,-7.970297619272895e-06,-891.8726121976715,0.23588808202047123,-0.0015005804024635291,0.001389127260230706,-0.06406675502322043,0.05973447240908653,-0.9815279712082787,1789623861.6479166,Unknown Fault,8,0.7,1
0.06342926599643949,114079.565327383,1254764.175141169,584.6265195293835,0.7574528121871087,-40.25157547702728,102.96422960073875,7.767366895120115,2146.266262692355,2145.266262692355,0.12127359390644565,-0.05784432791000617,1798532.0109771835,0.06371872402649245,0.0012664827350890378,1.60397851827861e-06,0.0014309351549104399,1300412.9635050332,48866.644714405964,591.9036047668666,10.384250811854114,0.7616432597492125,0.06661289895544563,-39.897930673098195,100.06096584704815,2.4974597915415338e-05,-8.478404679693461e-06,-2136.3855423569216,-0.08665452070526394,-0.0007091616528384847,-0.004859095369688897,-0.0857646313091638,0.10141417940237206,-0.9801368749603562,1789623862.6479166,Unknown Fault,8,0.7,1
0.06267162075331786,124840.48170627073,1312245.5470122246,598.5794897462249,0.7971717341830777,-39.845827518944134,101.88674961340891,7.592782919368083,2192.2661392366904,2191.2661392366904,0.10141413290846113,-0.038742512155143266,1991977.8714141778,0.06371700417222213,0.0012678735516540231,1.6075033429837867e-06,0.0014719604274694709,1301951.5029837412,48608.78585656818,591.8398757028344,10.338093290698586,0.7607627001948174,0.06598900225542903,-39.90694286612801,100.18296435698598,5.26796007579115e-06,-1.0105567314081978e-05,-2293.4707292033336,0.057660148751991755,0.00019421812871923478,-0.0016040633785037528,-0.05851250563171568,0.11208023253333864,-0.9813656974158855,1789623863.6479166,Unknown Fault,8,0.7,1
0.06330876018983785,123024.55279426761,1332393.8310034715,578.0721672727884,0.8341796169237304,-40.397856525929626,102.69427730661042,7.4837948668655425,2304.891856823689,2303.8918568236895,0.08291019153813478,-0.019601431348296935,1943246.9128342713,0.063656225268736,0.001249432924713714,1.5610826333586655e-06,0.0014387339743146266,1301764.800876014,48482.372768214496,591.0010120154876,10.567811257417455,0.7629192872898016,0.06745580630053027,-39.93724484167985,100.34204678629989,1.2611840132240459e-05,-1.6841683602984837e-05,-1661.3658172766893,0.002612446933964328,0.0010669351382215212,-0.003469216794420656,-0.07459614724617397,0.0883065489382185,-0.9809471124024716,1789623864.6479166,Unknown Fault,8,0.7,1
0.06364307668676299,124091.63913377476,1369984.4160470183,590.1888192343256,0.8626337294538546,-39.91737117261311,99.72729477868414,7.355752492067899,2321.2646044775147,2320.2646044775147,0.06868313527307268,-0.005040058586309695,1949805.7855456313,0.06369246675164808,0.0012353056354463727,1.5259800129655665e-06,0.0014387339743146266,1302324.9411714147,49181.37751334657,590.2519255002993,9.914940458945855,0.7677725433509164,0.07004112214276673,-39.95077718994658,100.26863899577995,3.2986120585879336e-06,-1.4108711929877595e-05,-489.4852147614188,0.17426498378561894,0.0017712065491746081,0.0002960562158517414,-0.032994166548025845,0.07419455479798646,-0.9816605373537671,1789623865.6479166,Unknown Fault,8,0.7,1
0.06377051671967393,111630.95516871371,1239920.1733049818,607.5880944026152,0.8780417930541361,-39.57111219102279,100.91656553132219,7.7633019440074404,2040.724933104688,2039.7249331046883,0.06097910347293195,0.0027914132467419805,1750510.4382237864,0.06373634374693436,0.0012176921821727873,1.4827742505247248e-06,0.0013875624769582873,1301402.1699134922,50118.253857687545,591.0382913139653,10.463915826229506,0.7745562459595342,0.07214805774659303,-39.933296285668376,100.29313277093998,-6.169675839409499e-06,-9.730689980438832e-06,-1458.8840900198704,0.31106139387521403,0.0021958433913128474,0.003227080125605501,-0.038291464599871594,0.046080545345703536,-0.9812819600351002,1789623866.6479166,Unknown Fault,8,0.7,1
0.06430427978929285,108463.83896383691,1266282.7642337838,583.2174407995436,0.8779712132746804,-39.80984943606533,95.2323740838068,7.731788674113084,2171.201811965385,2170.201811965385,0.06101439336265979,0.003289886426633054,1686728.15120926,0.06379952440511115,0.0012044719638425899,1.4507527116828253e-06,0.0009710164691332096,1300172.4917688607,50585.52840638504,591.2366023260853,10.264945404646646,0.7821993976338463,0.07257625536181285,-39.916908165397885,100.10839497378323,-1.1042993415174444e-05,-2.7947486467104275e-06,-1826.8377400102409,0.11108266941400897,0.0022738048441799433,0.0015040279349640539,-0.07275110933116505,0.02708460810807815,-0.9818273435185315,1789623867.6479166,Unknown Fault,8,0.7,1
0.0629615456359539,117613.53624713793,1257817.473987361,600.7145048609826,0.8624331331107558,-39.75940664760817,101.31186532440711,7.766261806834948,2093.8689906920845,2092.8689906920845,0.06878343344462212,-0.005821887808668227,1868021.7434175452,0.06372649090957662,0.0011976946901667274,1.4344725708535731e-06,0.001150780175877511,1298709.4369906022,51255.99813740115,592.0900927374439,10.129566085855723,0.7894953127821419,0.07109205349653612,-39.89908661922535,100.15820628119269,-8.899595861488074e-06,-8.887714916875233e-06,-2275.5936181667967,0.07997742301466815,0.001992782508585064,7.75167339406015e-05,-0.049125510887561716,0.049891126540153145,-0.9819830232116775,1789623868.6479166,Unknown Fault,8,0.7,1
0.06325852911526351,127909.69764212455,1399999.7444203226,583.5415022083653,0.8338806737688487,-40.10600094957149,100.1379279878573,7.334286183600591,2399.1434013213075,2398.143401321307,0.08305966311557567,-0.01980113400031215,2022015.0457349394,0.0637296956271082,0.0011963302949206814,1.4312061745450044e-06,0.001150780175877511,1301433.182189998,54644.915926216694,591.6976454470733,10.26223487834241,0.7952921268251296,0.0685199829160993,-39.91297520526883,100.22749133362616,-1.8700040519633053e-05,-7.244764605558659e-06,-1008.6393905211011,0.01369327389430282,0.0013971436321978982,-0.00042945849261620046,-0.02473301871515134,0.01457326776905086,-0.983760938468248,1789623869.6479166,Unknown Fault,8,0.7,1
0.06168942730326299,132871.83565170568,1310961.5445981638,583.2417918269595,0.7968216407674059,-40.09041647052353,99.76342335067004,7.582658507365971,2247.715378028174,2246.715378028174,0.10158917961629704,-0.039899752313034054,2153883.436111549,0.06360415774518807,0.0012384322135957978,1.5337143476717876e-06,0.0013998358501409736,1301073.9419499894,54551.494038985096,591.2800546694983,10.384686041447154,0.7986746502858021,0.0663916952893725,-39.92801264691201,100.30526533026163,-2.655149934432284e-05,-1.7187963831463568e-05,-735.5915919004417,-0.044521601329547855,0.0005809264966889201,-8.243010595070206e-05,-0.011025312897976688,0.06253642537164235,-0.9837143554365265,1789623870.6479166,Unknown Fault,8,0.7,1
0.06400943971507266,115467.59774278669,1320979.15608448,578.5863277627363,0.7571068405631253,-40.023614555803256,96.81366174422199,7.554480134298777,2283.115055954416,2282.115055954416,0.12144657971843736,-0.05743714000336471,1803915.1452781253,0.06369214650759011,0.0011847963055077201,1.4037422855447427e-06,0.0011099109675049429,1299142.949349719,52934.34439477474,590.9359176054717,10.653604071306887,0.7991088570846648,0.06608220053885473,-39.925570315492514,100.12747343927532,-4.075480590858744e-05,-5.435121799726779e-06,129.9491376766498,-0.20259746814523377,-0.00032700615923206695,-0.0025315112087319082,-0.05738764189001761,0.008518967636862275,-0.9826064772140465,1789623871.6479166,Unknown Fault,8,0.7,1
0.06470372740789969,106650.28170667688,1279617.5626306136,581.2515384525266,0.7210063668590041,-40.24675472426694,101.51144641191578,7.6851959626776125,2201.486753974632,2200.486753974632,0.13949681657049795,-0.07479308916259826,1648286.5204092697,0.06372523171529737,0.0012009240645223045,1.4422186087487723e-06,0.001150780175877511,1297402.4195608264,52832.26578859306,591.0579793100659,10.523674287079448,0.7965261955155186,0.06780013397980059,-39.92409729264917,100.15308815095459,-2.9572628983292216e-05,1.1589772488904352e-06,189.593378763134,-0.41935095492734453,-0.001183311732823627,-0.009076390165228846,-0.09357145343617122,-0.02834561101276873,-0.9832954551969061,1789623872.6479166,Unknown Fault,8,0.7,1
0.06430157017322363,107868.84840482827,1259738.5831757814,601.5671727764113,0.6942196906755012,-39.81942843640197,102.63388850934712,7.755459380760131,2094.0946251467035,2093.0946251467035,0.15289015466224942,-0.08858858448902579,1677546.1021284184,0.06379743525165622,0.0011789397105542354,1.3898988411217042e-06,0.0009710164691332096,1295619.204999075,53318.82878344865,591.5832957270181,10.70579905603621,0.7913344110525545,0.07041551347962519,-39.91740540975607,100.25215436920975,-3.6540081189808714e-05,1.1329015069702569e-05,-88.90752666528175,-0.34858018481261627,-0.0018527984024675499,-0.00873649826836441,-0.09920771456526391,-0.03542224729011755,-0.9837956235937453,1789623873.6479166,Unknown Fault,8,0.7,1
0.06313688300343237,120409.719800515,1300657.5926384844,571.0853857638766,0.6809758391963996,-40.36063514444708,99.21636553959277,7.620572341740858,2277.518607657489,2276.5186076574896,0.1595120804018002,-0.09637519739836783,1907121.7024440223,0.06369127949649715,0.0011122708902951326,1.2371465333979269e-06,0.0009754428083990352,1293206.1992147013,51644.89002797977,589.7327731238433,10.071868908554908,0.7843531723054876,0.072332866381012,-39.952838363969114,100.09634400007243,-2.2704070250498494e-05,3.934456669806726e-06,611.235989416823,-0.28014011023317825,-0.0022297689437038087,-0.008401908459163557,-0.21067692454043854,-0.07311649591236853,-0.9829199077089177,1789623874.6479166,Unknown Fault,8,0.7,1
0.06402284788285156,110431.36916829193,1271100.4306126134,579.2056894991844,0.6833657253643677,-40.14826435260484,99.07552834370158,7.737409361434906,2194.5579155337414,2193.5579155337414,0.15831713731781616,-0.0942942894349646,1724874.366263092,0.06369532224425675,0.0011132845499037824,1.2394024890544674e-06,0.0009754428083990352,1293521.9366331603,51484.40041727564,588.9991234414601,10.143699431589688,0.7766846633689621,0.0724702219917547,-39.965921185322024,100.0163779366138,-1.7338442068200723e-05,6.2594812030397865e-06,107.19070014650862,-0.2991716054961789,-0.0022547079969016393,-0.008889395210085202,-0.22346491224184528,-0.09949617867522798,-0.9820986937400547,1789623875.6479166,Unknown Fault,8,0.7,1
0.06548423497334645,104056.04489827219,1301434.0977829946,581.0818791199622,0.7010120387023134,-40.079769002424435,98.72147038204056,7.55080865110905,2239.6742086571217,2238.674208657122,0.14949398064884328,-0.08400974567549684,1589024.3650342,0.06382718885777819,0.001122091492790781,1.2590893181934436e-06,0.0009710164691332096,1295700.2952447857,50613.616081239474,588.5012734636126,10.214382916606596,0.7695395731888364,0.07075272697655459,-39.97906951090209,100.03124368761705,-1.590292758145127e-05,2.0606080077075114e-05,-285.24200757067473,-0.3269638095246842,-0.0019236782339211488,-0.007791694913190433,-0.1997801713611132,-0.0792383580200952,-0.9797633013570607,1789623876.6479166,Unknown Fault,8,0.7,1
0.0641942379652793,113776.2373577213,1316979.3127090468,572.8091332766896,0.7311288143414159,-40.514430120122775,102.44105598546656,7.563506439635857,2299.159067481023,2298.159067481023,0.13443559282929207,-0.07024135486401277,1772374.608126969,0.06382913628578991,0.0011226844246039545,1.2604203172483125e-06,0.001019702169426262,1297297.8301983692,50629.74437074803,588.2342758493031,10.528991664755083,0.7640459543982684,0.06814176747729013,-39.997840163319935,100.22806991582742,-9.331147901668154e-06,2.2013274835846e-05,-275.4138716538725,-0.5619863326188926,-0.0012889419756526154,-0.013394428139896315,-0.20654907138776682,-0.10593079563580547,-0.9854225757312395,1789623877.6479166,Unknown Fault,8,0.7,1
0.0750488020839902,26161.571098809887,1093589.7272726707,621.117994764388,0.88,-39.80698909522678,110.14548318692316,8.274633792492816,1760.6795109639481,1759.6795109639481,0.06,0.015048802083990204,348594.1197240084,0.0641385674562193,0.002390483230794535,5.7144100767098776e-06,0.001019702169426262,1288201.628412182,64172.018622788084,589.9023993723237,12.174536429793298,0.765512677585923,0.07019624099667053,-39.98329941966119,100.6530338864166,0.00012907386330252832,4.6125334036711814e-05,-1918.826942908943,-0.346638003468536,0.0005742627197746785,-0.013359401206636456,0.0748418299477757,0.193274074173194,-0.9909610165182935,1789623878.6479166,Unknown Fault,8,0.85,1
0.07468825984716457,29069.311234448687,1143626.6951669024,601.6636230988042,0.8721060994002885,-39.91792356872642,104.30016560601422,8.187613358460906,1900.774205488401,1899.774205488401,0.06394695029985575,0.010741309547308814,389208.5756708424,0.06462050001003257,0.0031375399314567745,9.844156821485782e-06,0.0010430410579601174,1278086.0389010676,66200.56948881905,589.625035045974,11.819257348947824,0.768069088008433,0.07281887961649013,-40.00030106475129,100.8238132319554,0.0002114694246750844,7.623749923714182e-05,-2170.2167429242104,-0.05111954252569394,0.0019850336105772886,-0.007851762031521327,0.1496631338789946,0.3446358382654063,-0.9899175686231614,1789623879.6479166,Unknown Fault,8,0.85,1
0.0779194051836509,8537.578420931246,1130700.1708685302,601.1519203590371,0.8496706709347166,-39.97299770654969,105.01112913433586,8.216897121034762,1880.8892271245197,1879.8892271245195,0.0751646645326417,0.0027547406510091965,109569.34797960453,0.06523795855511218,0.004044078470258252,1.6354570673606325e-05,0.0009955195994549998,1270700.4143748046,71703.24311674411,590.1854419257263,12.018688917725306,0.771311584670451,0.0745547889100724,-40.00263270921222,101.08536631056488,0.0003128529648209162,0.00011056574564599412,-3158.15422736876,0.030449608941276244,0.002743670655193652,-0.006743786335487922,0.14080524392108018,0.39864010053753773,-0.9917959613782878,1789623880.6479166,Unknown Fault,8,0.85,1
0.07544892534892367,23267.763882143383,1092580.3357536548,599.0460034337673,0.8162357754476673,-40.090434224091915,106.12514834067815,8.339518828933507,1823.8671646099287,1822.8671646099287,0.09188211227616633,-0.01643318692724266,308390.9250468246,0.0656298502854842,0.004512726473886821,2.0364700228118985e-05,0.0009955195994549998,1261790.7507867496,79065.79724813686,590.5691644136285,12.141686870959761,0.7747282486450794,0.07457804547759031,-40.00828033248228,101.33224754619334,0.00041124477826274836,0.00011344911364891064,-4356.124457684843,0.10491440058187174,0.002753431407252215,-0.007020371188736864,0.09360015054618083,0.4096623337161821,-0.9931764310657889,1789623881.6479166,Unknown Fault,8,0.85,1
0.0786599957941,4344.638558502738,1201821.1470553854,595.917913481258,0.7770800477698712,-40.12164771489677,105.38556947272158,7.9962967491961665,2016.7562005889986,2015.7562005889984,0.11145997611506442,-0.032799980320964414,55233.139979758475,0.06621175708477495,0.005169657354502405,2.6725357162960807e-05,0.0013949672180618433,1261626.7912748626,79185.64590653531,590.7287830131804,12.18464809557912,0.7777796638163521,0.07303525176297813,-40.01282964234419,101.47163379588383,0.0005163477997595971,0.00012486075715418304,-5468.396189931644,0.16787030968678418,0.0020358045206800724,-0.008063185692769405,0.03534332912126303,0.35181623762863146,-0.9926744367751883,1789623882.6479166,Unknown Fault,8,0.85,1
0.07497008613880364,28592.51179331947,1181540.3026740106,600.9477921774277,0.7383853163452858,-40.08283046597211,106.76319185782533,8.00719507407633,1966.128036501988,1965.1280365019882,0.1308073418273571,-0.05583725568855345,381385.60679231124,0.06664770226618874,0.0054240581328462685,2.9420406628495747e-05,0.002175474783508602,1257889.67055842,80658.75288193522,591.4042136908727,12.264124191063885,0.7799840788232589,0.07095152877131652,-40.00916461675184,101.68347990590318,0.0005757909092913162,0.0001142207404284186,-6074.240791606604,0.1955320472684757,0.00072711716374052,-0.010325611776007932,0.0026518883260988686,0.28578084312782404,-0.993801270345302,1789623883.6479166,Unknown Fault,8,0.85,1
0.07494213520189301,27770.327467578452,1162165.478942903,613.805740997442,0.7062606284458754,-39.90302150500349,108.8774210790397,8.14278536525058,1893.3766847054405,1892.3766847054408,0.14686968577706228,-0.07192755057516927,370556.92892610544,0.06711840624243033,0.005609655398597615,3.146823369101536e-05,0.011258993850725083,1251404.517806369,81571.55793658883,592.3755478086076,13.01525022898705,0.7809934650068997,0.06970508014760196,-40.00860208094128,102.0602730552002,0.0006176232409175372,0.00010204652797790392,-6293.802442353833,0.3834971198841295,-0.0009429880432731809,-0.008425032041179873,0.03868008641255775,0.1823392952048056,-0.9933133355250667,1789623884.6479166,Unknown Fault,8,0.85,1
0.07550751114992824,23951.775805598154,1137558.469397585,588.8352961527579,0.6857777659331341,-40.10191238668667,102.20382864798349,8.172368802803389,1931.8788748398588,1930.8788748398586,0.15711111703343295,-0.08160360588350471,317210.50582688843,0.06758099940525747,0.005802233668532899,3.3665915544256744e-05,0.011512869205453524,1249887.561261947,83303.58932533208,592.2606489828601,13.033304830136181,0.7806484624832665,0.07015271068212095,-40.019124937099434,102.18627000072006,0.0006633038907395563,8.486098179419358e-05,-8103.9103910326185,0.3441400637085227,-0.0026878085483988306,-0.00758874695828375,0.034109878182848705,0.07003613580062601,-0.9946237635047371,1789623885.6479166,Unknown Fault,8,0.85,1
0.0748899013386997,26211.948557898922,1076635.792994733,608.630653697893,0.6801705224205247,-39.99534339682388,108.37369479630742,8.410867432477268,1768.9476966915054,1767.9476966915051,0.15991473878973766,-0.08502483745103796,350006.450660842,0.06803859941592261,0.005908526105202978,3.491068073586507e-05,0.011512869205453524,1240603.7810203554,88968.80192334375,592.258975787814,13.031200312501557,0.7790035395649235,0.07198339872674821,-40.03741651157418,102.48935026462485,0.0006894596944856278,6.372264537414777e-05,-9114.7301050042,0.6593661454514455,-0.004208845896942748,-0.002558516026606019,0.11249687299088111,-0.023330836523211648,-0.995279718021206,1789623886.6479166,Unknown Fault,8,0.85,1
0.07722017737051583,12392.590579803682,1095225.0427284956,596.8965434509148,0.6903241583665853,-40.191913604361204,106.95590766542138,8.353534711556028,1834.8657815917816,1833.8657815917816,0.15483792081670733,-0.0776177434461915,160483.83986923366,0.06859023587088565,0.006093323782960594,3.712859472399321e-05,0.011327009452040654,1234222.2157238484,93338.64029151404,592.7497767446753,12.965392466755645,0.7763183934121026,0.07396204184823657,-40.03503003666753,102.64901738721214,0.0007281193875639649,4.8538772324704104e-05,-10315.083748028617,0.6258498997573009,-0.005242932074090171,-0.006126232691478808,0.033992565464581605,-0.09981433921152703,-0.9956346453124028,1789623887.6479166,Unknown Fault,8,0.85,1
0.07572840119557471,22148.339006882074,1135386.216816411,601.0966075924274,0.7146356379136388,-40.10171933503776,107.13988140918586,8.237750851004789,1888.8581344086667,1887.8581344086667,0.1426821810431806,-0.06695377984760588,292470.70659371506,0.06911250708857593,0.006123133468321034,3.749276347087318e-05,0.01127828536431627,1227147.842516016,93857.82648971134,592.8504614585233,13.019931861043794,0.773016949561325,0.07479492043610565,-40.04526570931128,102.85914265904323,0.0007348239932315707,2.8326166266009027e-05,-10447.182732751971,0.7611946991366629,-0.0056037779479047025,-0.004849801037662211,0.05890896975503392,-0.12213368564862702,-0.9954110636128459,1789623888.6479166,Unknown Fault,8,0.85,1
0.07727741563187764,13075.861143058142,1159010.6174217856,599.2724617316411,0.7492667130021581,-40.17101523334777,107.56737249035332,8.078902275251808,1934.029496487692,1933.029496487692,0.12536664349892096,-0.048089227867043324,169206.76029523212,0.06967125330625751,0.006204825241159857,3.849985627333447e-05,0.011439485633851013,1220212.5139727488,92216.22061981996,593.6984732368775,12.716653098543967,0.7696204334044622,0.07386252009882165,-40.03619205760801,103.05406646639292,0.0007521549107977442,1.047657840774167e-05,-10023.681848747234,0.6726917598004,-0.005211384227134497,-0.009536474041105534,-0.043909668890089085,-0.10384971251931378,-0.9950985586775069,1789623889.6479166,Unknown Fault,8,0.85,1
0.07671721689940163,16509.171544694476,1149858.831087967,591.3549305300767,0.7887498983439447,-40.31904190681451,106.83120054291714,8.119102093019222,1944.4478632439243,1943.4478632439243,0.10562505082802764,-0.028907833928626017,215195.13105308232,0.07019421891476306,0.006225643005317488,3.875863082965857e-05,0.011484663267076672,1211407.4905743862,87903.49043205233,593.7451176887075,12.705828236359098,0.7666650801600657,0.07152283754176442,-40.05225888697606,103.33822269696226,0.0007569128085395138,-1.1897165665986297e-05,-9175.381439248677,0.6159625178659504,-0.004104671590276119,-0.010959186876139684,-0.07641488296387992,-0.04094036990987176,-0.9945465129826272,1789623890.6479166,Unknown Fault,8,0.85,1
0.07632328302067547,17717.894800346745,1083606.058895941,577.870292277809,0.8268516671300377,-40.462783084579144,103.68301697387996,8.380225813264973,1875.1717701643008,1874.1717701643008,0.08657416643498117,-0.010250883414305703,232142.72367643155,0.07069632956680313,0.006193429970516669,3.83585747996941e-05,0.011534163230295408,1205154.9259980249,91152.28127073361,592.5564056037152,12.745207642555,0.7646174751231019,0.06899296867564446,-40.08792572271832,103.44888075466457,0.0007492517629508907,-3.6145632690637545e-05,-10069.960135128375,0.6078554350582709,-0.002435335966227983,-0.009937174048327726,-0.04631156017985747,0.06124903966301942,-0.9957957871205205,1789623891.6479166,Unknown Fault,8,0.85,1
0.07516043688591914,26043.38703995016,1138878.217653199,598.4026396762389,0.8575565878510251,-40.160700996208206,107.04219010628604,8.190032885531087,1903.197182200567,1902.1971822005669,0.07122170607448747,0.003938730811431673,346503.93370490416,0.07113057585066818,0.006110057537910762,3.733280311658013e-05,0.011534163230295408,1200058.7441348014,91153.75411765446,593.1638135587831,12.647128567253908,0.7638008901061556,0.067756234137216,-40.10195978512403,103.92127339556373,0.0007265384096599358,-6.548368123559994e-05,-10070.466752876866,0.5684310246090799,-0.00044389908260829004,-0.007828182937089123,0.008051154889272917,0.17416806998130563,-0.9957981010179089,1789623892.6479166,Unknown Fault,8,0.85,1
0.07537525470656048,24851.99561582819,1148973.9007370295,610.8353989446786,0.8760170286650366,-39.72651127465717,104.74599313705559,8.162894008400363,1880.987746817025,1879.9877468170248,0.061991485667481694,0.013383769039078786,329710.270467121,0.07162712421349245,0.005927698760698493,3.5137612597586454e-05,0.011426831022351078,1195705.0012047882,90890.01829834189,593.5686493221309,13.038283960619964,0.7643442459283268,0.06859429804747365,-40.100643970205994,104.05863850806968,0.0006840297584902604,-8.565138377191267e-05,-9964.43185494609,0.8070602642701102,0.0015782646264427662,-0.0009369730037748252,0.1664075005156289,0.3027913185525743,-0.9957333465384407,1789623893.6479166,Unknown Fault,8,0.85,1
0.07512788861380416,26327.320377036132,1150990.0236296922,600.0994651120625,0.8793184918758192,-40.35000444841529,110.93447642314436,8.178854665582842,1917.9987494485708,1916.998749448571,0.060340754062090385,0.01478713455171378,350433.38582789205,0.07210189859343406,0.005709735596721887,3.260108058447304e-05,0.011024673787675021,1185744.612373163,81069.78207172736,594.2309678382788,12.932227103115851,0.7661617586526056,0.0709734095947046,-40.11040411015974,104.49050044548116,0.000632658555818541,-0.00010338759413063479,-8334.238061945478,0.7670732465779757,0.0033349296366709915,-0.003292331827054085,0.13799709990257347,0.3988525226647788,-0.9954158771320225,1789623894.6479166,Unknown Fault,8,0.85,1
0.07625762270846238,18033.826312183286,1077549.1775726199,595.7951357604067,0.8669397490349825,-40.28391922834814,108.0545552683761,8.395729060156706,1808.5900889361171,1807.5900889361171,0.06653012548250875,0.009727497225953632,236485.5560883103,0.07268462640964204,0.005349348395716451,2.861552825875417e-05,0.010773387735115936,1176408.117692141,79537.52769644115,594.7331015956167,12.73804320967472,0.7689664829833087,0.07347111942726303,-40.11814422047273,104.82214572218942,0.0005668943732093993,-0.00010503480652734938,-8080.79583016202,0.671619959592116,0.004571786830579395,-0.004694133444738661,0.12982845787454111,0.48220735115459895,-0.995235695509738,1789623895.6479166,Unknown Fault,8,0.85,1
0.07385044197333593,34563.431997659995,1152596.6754693664,611.2925212662764,0.8408351314532254,-39.9260203298531,108.26636395235734,8.172083883269107,1885.5075685889183,1884.5075685889183,0.07958243427338729,-0.005731992300051364,468019.2978417014,0.07307826649997257,0.005050206550999219,2.5504586207755428e-05,0.0024071807351264546,1169672.8184675365,73942.55907103,596.0413493357584,12.691968942867307,0.7723156146189127,0.07475136632707699,-40.114240451434725,105.28025381051482,0.0004909038806978028,-0.00011810331248126918,-6854.88337444886,0.6630084028386323,0.005116593315330637,-0.0019753855000166215,0.17568354698742317,0.4965064769632952,-0.9942380075731618,1789623896.6479166,Unknown Fault,8,0.85,1
0.0744018746237252,31637.04098039788,1149608.6359818764,606.3001639077829,0.8051259842582255,-40.0977223694631,109.1683753042293,8.095944404747163,1896.104775186453,1895.1047751864533,0.09743700787088727,-0.023035133247162068,425218.3313981915,0.07346619238860559,0.0047559290418495515,2.2618861051107994e-05,0.00185574808473718,1164472.4614015871,70519.83631822134,597.0432943539686,12.471662785917879,0.7756803993148815,0.07425766121904095,-40.10827915724257,105.58653096620738,0.000419376410919406,-0.00012459744360934454,-5940.643771147263,0.6098070439019266,0.004906365788248282,-0.0031480536255238433,0.13932884639317358,0.48328873663649735,-0.9928116128888014,1789623897.6479166,Unknown Fault,8,0.85,1
0.07703985205291151,14008.817408366851,1118270.01175862,609.2619092128971,0.7654499966191386,-39.843586832910425,106.0768526202893,8.222070770467923,1835.4503947297612,1834.4503947297612,0.1172750016904307,-0.04023514963751919,181838.58139739803,0.0739757236637931,0.004417065615602554,1.9510468652538365e-05,0.0016350231735108994,1158813.7185449007,68288.99793843253,597.351083811428,12.672837141663155,0.778529611552627,0.07242123171306616,-40.10924549310291,105.72424953064503,0.0003607178164361025,-0.00011305308017844987,-5414.466703955788,0.7678330422087714,0.003997324215432235,0.002183767345948072,0.31814972882290476,0.4310985823530926,-0.9918951560207905,1789623898.6479166,Unknown Fault,8,0.85,1
0.07617176370921218,20088.13644071121,1172384.4280398984,597.5712711019847,0.7280711345883314,-40.26729234592831,108.49833886593342,8.105144576922434,1961.9156487859555,1960.9156487859555,0.1359644327058343,-0.059792668996622125,263721.56114696554,0.07449711889202429,0.0038382679256836545,1.4732300669331906e-05,0.001433381681975765,1153682.7919609572,61964.828841515184,598.4105192249523,11.484113433974729,0.7804134233683042,0.07044472181608614,-40.10551178116216,106.09552846369867,0.00027260054871328657,-9.327181972854713e-05,-3870.7598753738175,0.5072085597999352,0.002556015935276461,-0.001789023193574321,0.2038682372359369,0.3335770959222923,-0.9895712263313372,1789623899.6479166,Unknown Fault,8,0.85,1
0.07631404515541879,19086.624623205866,1166762.3965321814,637.5304768204926,0.6988906985938343,-39.53197442820431,111.87207568063043,8.118867903598035,1830.1280314489231,1829.1280314489231,0.15055465070308283,-0.07424060554766404,250106.31508701504,0.07498876678292699,0.003199096393612342,1.0234217735623492e-05,0.0013811478187824577,1149509.27059774,57250.22882362469,600.7435107178047,13.149290321455476,0.7810344222974831,0.06965042103783257,-40.080860184186136,106.60739035717583,0.00018462946566827758,-6.785801453899087e-05,-2575.848677430571,0.6762675634241658,0.0008330214957804473,0.003077642042378972,0.22769600144404714,0.19434741625880744,-0.9876413480407725,1789623900.6479166,Unknown Fault,8,0.85,1
0.07805858370409749,7126.375178290439,1071306.896217054,587.7796246491763,0.6825156378595836,-40.32110980555743,105.40355571982221,8.433307875850794,1822.6336049952004,1821.6336049952006,0.1587421810702082,-0.08068359736611072,91295.21495425695,0.07549174073215703,0.0025970639157376317,6.744740982426481e-06,0.0017471307605979869,1140304.1825351024,50142.13182401376,601.0114205389732,12.8098151306757,0.7802945662637739,0.07058844469338793,-40.09051381631146,106.8746737706871,0.00011792091915250756,-3.3877458324531655e-05,-1778.4684767843569,0.3599846068122489,-0.0008766065042133979,0.00087086504733789,0.23318116550720644,0.006305350319150932,-0.9857011181752398,1789623901.6479166,Unknown Fault,8,0.85,1
0.07619446479613524,19260.72515359761,1127118.3506338047,616.3444610090802,0.6815312144205874,-40.003323084568635,111.59457812962889,8.230625343127159,1828.7149831580941,1827.7149831580941,0.1592343927897063,-0.08303992799357106,252783.78429629127,0.07597174980539127,0.00119530011534286,1.4287423657386545e-06,0.0016684148154114259,1132709.7440520925,34856.110936570614,602.7528336482688,11.77489571054472,0.7783106622669408,0.0726103972539143,-40.070069534889285,107.24081465645361,1.143257515122147e-05,6.2512688331854635e-06,-133.4325464415063,0.21949749237501603,-0.0022799257327586987,-0.0025634604669954415,-0.24606975889640625,-0.2636895680559831,-0.9701722808821879,1789623902.6479166,Unknown Fault,8,0.85,1
0.07356395799286569,36702.83071433439,1159135.630809881,606.4250151259845,0.6960928470923547,-40.159428041418586,110.2654425924957,8.140464950285766,1911.4244991510966,1910.4244991510966,0.15195357645382263,-0.07838961846095693,498924.08885739767,0.07591235604174629,0.001273985833209997,1.6230399032197703e-06,0.0017471307605979869,1135331.580193581,34275.246403114754,602.1651144627326,11.196025460516234,0.7709543761506349,0.07123844996128186,-40.08416709273696,107.24561303267649,-2.0022672639948364e-05,9.277214997920079e-07,-280.7014518561409,0.4370461633305056,-0.002021966033962746,-0.0007575038229485096,-0.17069224107802147,-0.12836686528236801,-0.97616240824435,1789623903.6479166,Unknown Fault,8,0.85,1
0.07739691724625057,11295.375220815324,1109860.861937377,604.1295519432036,0.7239015742572772,-39.85373449535668,104.2142468751108,8.360600870186218,1837.1239386775087,1836.123938677509,0.1380492128713614,-0.06065229562511083,145940.89303166035,0.07602070233770973,0.0012804379728920737,1.639521402423963e-06,0.0019119634391073503,1133980.9468644,34585.636438368296,602.2637516165087,11.202033639723016,0.7650261951449144,0.0686954527231251,-40.08159952980217,107.24217628344034,-1.8559992698033723e-05,1.3259859531911227e-05,-432.8646244878895,0.4501645187417221,-0.0014447823574048964,0.0030320015468209777,-0.08607402032486512,-0.1006045088022218,-0.971319741932414,1789623904.6479166,Unknown Fault,8,0.85,1
0.07591837373317259,20926.178216328517,1125695.0136527184,587.2275087803921,0.7605670093544665,-40.356913011569944,105.77452543955366,8.24382010468687,1916.9657361431603,1915.9657361431603,0.11971649532276674,-0.04379812158959415,275640.49632934656,0.0759406610796906,0.001220381393369931,1.4893307452835344e-06,0.0015893282855974633,1133780.7405757676,34618.519512121195,601.7067751533629,11.583152942107374,0.7614620486817045,0.06648736697351788,-40.09695614200298,107.27271213564906,-5.175359728110012e-07,6.448024393389352e-06,-542.1579217851884,0.30025011844900773,-0.0006394993144956249,0.0015766645630278804,-0.120287289302828,-0.191580290479168,-0.9714062748388033,1789623905.6479166,Unknown Fault,8,0.85,1
0.07473706001742791,28897.68913237594,1148814.9407989858,620.5002436882835,0.8003004863818752,-39.68089291912909,107.77047463816758,8.16829021222219,1851.4335046355086,1850.4335046355086,0.09984975680906238,-0.02511269679163447,386658.0933961986,0.07591218646643078,0.0012396749578861051,1.5367940012099168e-06,0.0017471307605979869,1136030.1247775808,33682.70055499681,602.5649447635435,12.1357969304691,0.7608246371190728,0.06603403817378858,-40.08057448980447,107.33852518754865,-1.65450569321358e-05,4.521133880600396e-06,-815.3847371766096,0.4471205723446268,0.00026674660885788815,0.005482467337897516,-0.1796515064820205,-0.19979583791044067,-0.9703597091929518,1789623906.6479166,Unknown Fault,8,0.85,1
0.07404814388689165,32736.682253713036,1143784.8658803164,600.4269022827659,0.8368289629767975,-40.249506247508414,109.3605086518645,8.23818428250518,1904.952728686465,1903.952728686465,0.08158551851160123,-0.007537374624709575,442099.9708475912,0.07572771239014243,0.0011574676072667574,1.3397312618718324e-06,0.0013811478187824577,1133708.6735305781,30958.07288372206,602.7453043156039,12.068991904912394,0.7632145937273498,0.06764080921968901,-40.08568883110894,107.49752275471435,-6.273510543496747e-06,-1.2200102114618495e-05,-85.8922888348513,0.36091448277613214,0.0011308791078987162,0.003512365015861188,-0.1294754607766941,-0.2984751945930404,-0.9608855572740643,1789623907.6479166,Unknown Fault,8,0.85,1
0.07877147053901265,3424.491261878708,1182409.296990641,619.4443042955119,0.8643853958732493,-39.649125181740914,106.82426187851794,8.102245481588206,1908.8226153526164,1907.8226153526164,0.06780730206337537,0.010964168475637276,43473.75056534817,0.0758797677661508,0.0012900500260775302,1.6642290697826362e-06,0.001775081697508618,1133743.4333032432,31012.19933489738,603.4851648003273,12.495526962944338,0.7682545969084684,0.07024698546905661,-40.068340619739686,107.49996555554206,1.424645600960967e-05,2.1060721148794213e-06,841.9682191539008,0.49708397659352177,0.001816470661578686,0.007570766969088101,0.05165157019367591,-0.13870197172757862,-0.955830804583581,1789623908.6479166,Unknown Fault,8,0.85,1
0.07574342561345115,21233.358035606474,1096025.6033849223,614.80386010991,0.8786192302278863,-39.78396641506865,107.26647370857303,8.37860486995976,1782.7240108560525,1781.7240108560525,0.060690384886056825,0.015053040727394329,280332.68714262743,0.07591181938261313,0.0012762363174375793,1.6287791379466339e-06,0.0015893282855974633,1131097.8382809241,31294.57165678209,603.525089564826,12.529985750737207,0.7751489409797488,0.07225365730394688,-40.06357841614229,107.43552766072338,3.6115874190351862e-06,4.340139240290925e-06,778.0240916890732,0.7047700029608184,0.002215281438362769,0.011848950774951999,0.06547486359749519,-0.17044758354912426,-0.957057709393472,1789623909.6479166,Unknown Fault,8,0.85,1
0.07810138444403152,7665.123915109786,1172886.2003245465,582.2923448601139,0.8772832565697435,-40.36270281075904,103.84684809113025,8.1193234556608,2014.2566026800732,2013.2566026800732,0.06135837171512826,0.01674301272890326,98143.25276913261,0.07601557431437725,0.0013428489313872763,1.8032432525279498e-06,0.0019119634391073503,1132510.9475180025,32334.724915794235,603.2633715131202,12.89703932161713,0.7828091606052132,0.07252365468423945,-40.07401003310519,107.50124843844925,1.977987488989466e-05,1.3234747994847304e-05,1228.3691294121973,0.36187750233510385,0.00226434798565042,0.008704462811507488,-0.014432693620032189,-0.09254062669203776,-0.9588065749303514,1789623910.6479166,Unknown Fault,8,0.85,1
0.07664732350265724,17315.07179299329,1174190.9487597574,598.0824052169339,0.860588395764045,-40.17861323701522,107.21320243832373,8.045087541657796,1963.259474810766,1962.259474810766,0.0697058021179775,0.0069415213846797386,225905.7590235751,0.07608587120093556,0.0013279986053520636,1.763580295817026e-06,0.0018794151669923737,1136413.1537486035,31223.625771753053,602.8414415738819,12.887086021989699,0.790025875538954,0.07090977569604452,-40.08134082671285,107.4548287441299,1.4354676101857556e-05,1.837770558542023e-05,1054.3560571803166,0.3677260199103435,0.001955923774500444,0.008525561138227989,-0.010415362439068803,-0.12929764013154402,-0.9550374293994586,1789623911.6479166,Unknown Fault,8,0.85,1
0.07523799860119124,25956.320647240078,1160109.1649399684,628.4883111869212,0.8311703992453148,-39.52641814440305,108.2769497415335,8.129068772360885,1845.8723007100377,1844.8723007100377,0.08441480037734261,-0.009176801776151378,344989.5150032488,0.07600658405016257,0.0013170358164838573,1.7345833419013006e-06,0.0015567800134824866,1139008.5186370625,30377.302475850254,604.1051122833221,13.761428950748414,0.7956597251741033,0.06831217757111867,-40.054721008314516,107.5076704271744,1.7871221492328194e-05,9.160304660774976e-06,861.2073579764515,0.5450173735702682,0.001338702206220088,0.012542196583065488,-0.0418006110285341,-0.09559609226416844,-0.952558459476579,1789623912.6479166,Unknown Fault,8,0.85,1
0.07597244133682134,21082.080154812174,1152056.9050893676,619.124425725282,0.7936737218207833,-39.66895863566751,107.03188959030184,8.154891826459295,1860.7841287149581,1859.7841287149581,0.10316313908960834,-0.027190697752787,277496.4155929314,0.07601634565581242,0.0013158416523001326,1.7314392539279433e-06,0.0015567800134824866,1139675.3461679807,30473.290263679435,604.8262250086362,14.054112217980709,0.798821248530389,0.06628815908058415,-40.0374105803397,107.50335075441905,1.4774229438684424e-05,8.52638004090648e-06,945.4309839450616,0.6535721430486441,0.0005101289949694154,0.015633096755651606,-0.04362841892211783,-0.10926340996416366,-0.9537154472817152,1789623913.6479166,Unknown Fault,8,0.85,1
0.07424231998883338,32379.54672511076,1148322.7207116694,609.9957275386475,0.7540182643786244,-39.95389482907633,108.21977398970006,8.131639346549674,1882.5094486238268,1881.5094486238268,0.1229908678106878,-0.04874854782185442,436133.2826072905,0.07589494183009066,0.0013337822717110755,1.778975148330757e-06,0.0015194348888530745,1139247.8302995763,30273.348419993894,605.2551556409165,14.041697459464155,0.7990113105854477,0.06615247634523926,-40.028725764168854,107.5294468143929,1.1009307657991345e-05,-4.449039695336346e-06,1218.60561534793,0.6457529951711046,-0.0003989823678676427,0.015067964852617511,-0.03827436819036552,-0.043390351970356254,-0.9549886619941851,1789623914.6479166,Unknown Fault,8,0.85,1
0.07781246950889019,8494.128227720492,1069906.0284085858,607.0691930693706,0.718464751704528,-39.94414208705841,106.88932070466096,8.464753808332812,1762.4119962324069,1761.4119962324069,0.14076762414773603,-0.06295515463884584,109161.53003921853,0.07593875193447021,0.0013773477656202477,1.8970868674590886e-06,0.0015194348888530745,1136049.7181924009,33076.81045050459,605.8837261424883,13.754168299612603,0.7961999047198708,0.06799664834623201,-40.0137297713786,107.53177162086266,3.693231384771203e-05,-2.5321997314047243e-06,684.6374519303909,0.5234957049407444,-0.0012451031876450067,0.012945575830257228,0.002070613496788427,-0.10192506353969408,-0.9650461130539849,1789623915.6479166,Unknown Fault,8,0.85,1
0.07639453427587865,16743.1853446285,1062157.1418114647,619.128732752336,0.6926263016988918,-39.780239075803344,108.90768696398067,8.493577984800647,1715.567515482033,1714.5675154820333,0.15368684915055408,-0.07729231487467543,219167.3200619944,0.07594160198467834,0.0013782139457037003,1.8994736801321621e-06,0.0015194348888530745,1135191.7615090217,34665.98213898501,607.5340637614693,12.731089516832805,0.790830890102625,0.0706132869686496,-39.98642801102758,107.74075842046668,4.498484632276573e-05,-6.214183294410421e-06,-521.8844614736182,0.36562296576946873,-0.0018946495914293,0.010610341426638848,0.03221414710718904,-0.12217642406214842,-0.9691506861798053,1789623916.6479166,Unknown Fault,8,0.85,1
0.07764479137511854,10923.964754815193,1194572.834028724,590.0311233144187,0.6805822374816185,-40.40018993454605,107.650856955259,8.016249998994898,2024.592918621607,2023.5929186216067,0.15970888125919075,-0.08206408988407221,140691.5333449631,0.07604097616424631,0.0014075595405150358,1.981223860094899e-06,0.0019119634391073503,1137419.5461640428,36568.677386238196,607.1992031069965,13.072387286431013,0.7837519160878489,0.07241700276871754,-39.99600756856108,107.76510509442559,5.289494355462189e-05,-1.341305552450917e-06,63.113077073100456,0.11274312079054268,-0.0022450724842930534,0.005048270742354263,-0.05318426326540037,-0.1629803611158501,-0.9723322646841617,1789623917.6479166,Unknown Fault,8,0.85,1
0.07444549293311038,29612.804779486843,1103698.921191611,607.0163004311229,0.6842340519676615,-40.04272861030255,108.52671145863658,8.317211867352002,1818.2360513345818,1817.2360513345816,0.15788297401616924,-0.08343748108305886,397778.34241884976,0.07600378569330829,0.0014366405243591077,2.063935996230812e-06,0.0023027920354836,1135608.546982226,37069.28034504516,607.0464391664543,13.051300083657098,0.7760805970199537,0.07239482940769675,-40.0086562619869,107.91633382728885,3.1510191459585844e-05,-9.01213052299267e-06,-132.61068463486242,0.1474167467746832,-0.002241047796553674,0.007311962526856857,-0.028389160677310798,-0.07778458680764042,-0.9727618739013933,1789623918.6479166,Unknown Fault,8,0.85,1
0.07444431814866027,29339.326308394728,1081694.632138367,602.365646018175,0.703005203945793,-40.23426486286197,109.89068257094273,8.354390027573762,1795.7442282585441,1794.7442282585441,0.1484973980271035,-0.07405307987844321,394111.02200984734,0.07597644287470255,0.001459375928148252,2.1297780996585717e-06,0.0025943591198011318,1132836.731322573,38382.983193673565,607.1370864026989,13.010541571802941,0.7690280655027527,0.0705588486989073,-40.00402667856477,107.87458207320078,8.356135637024181e-06,-1.3579858267346728e-05,-476.46282441120667,0.03473968486203279,-0.0018832109379103503,0.0018159397314184717,-0.02272041762539525,-0.0010436824853721947,-0.9713983218281346,1789623919.6479166,Unknown Fault,8,0.85,1
0.07399530570597979,33259.93121833966,1128506.779682758,611.7080268525557,0.7339321412588637,-39.86740816007259,107.44473572585599,8.215561477477426,1844.8454657188436,1843.8454657188438,0.13303392937056813,-0.05903862366458834,449487.043820022,0.07588595019460324,0.0015084504863608489,2.2754228698022818e-06,0.0025955339042512404,1134875.0354069786,36709.400847293735,607.7736020463847,12.828062438104729,0.7637077611917081,0.0679414934838046,-39.98736623583375,107.85018929149999,-7.119486044356807e-06,-2.2382853909437178e-05,-1069.3071462782607,-0.03648652510067126,-0.0012280564802239517,0.00027810825043560455,-0.03798700688204684,0.010645740694977356,-0.9689717289729365,1789623920.6479166,Unknown Fault,8,0.85,1
0.07611351605755473,19846.49551191051,1126218.0603911222,604.0190272422412,0.772132180526816,-40.13866941917542,108.9410991715301,8.216812483403448,1864.540700866785,1863.540700866785,0.11393390973659201,-0.03782039367903728,260748.6362461983,0.075976473157972,0.0014503682853091427,2.103568163030583e-06,0.0025943591198011318,1133819.8908038489,36563.67388584946,607.4826622854233,12.827435501718828,0.7609596431546517,0.06613159583717401,-39.99587219940664,107.87717870026687,-2.5373960291323926e-05,-1.2066942166771712e-05,-972.0012842622863,-0.03595494647846469,-0.00037901890682316583,-0.0005050774590657334,-0.0278437748230521,0.08023998208618288,-0.9679948711423473,1789623921.6479166,Unknown Fault,8,0.85,1
0.07465559247885194,30150.21125241423,1145836.9144616774,628.4395235792703,0.8115743754919243,-39.54994703446049,108.65511777537438,8.07363767635596,1823.304982372172,1822.3049823721717,0.09421281225403783,-0.01955721977518589,403857.3702426249,0.07598662187217706,0.0014401665791176335,2.074079775607387e-06,0.0023842595740595773,1133669.021943041,36505.9510484172,608.3682366722828,13.46367441938313,0.7612175788039997,0.0663156757855636,-39.973961186006534,107.85664839911269,-5.331269036413086e-05,-7.285102598384667e-06,-703.187460255899,0.1456680201498715,0.0005298574180950896,0.0025926531321802918,-0.10245502154555247,0.08168255554685692,-0.9609842775906602,1789623922.6479166,Unknown Fault,8,0.85,1
0.07699200152967506,14468.856604927474,1143803.8690699828,587.609256597231,0.846031670824408,-40.34978804221519,105.81209126192033,8.185035530580596,1946.5382075388034,1945.5382075388034,0.076984164587796,7.836941879058035e-06,187926.74975920373,0.0759847078512476,0.001438796681194151,2.0701358898153035e-06,0.002336409050823121,1134690.3762354953,36417.91759318181,607.5021305676562,14.061502523291818,0.7644408457722105,0.06836958445635752,-39.99420923437873,107.84605794477791,-3.3499960949112586e-05,-3.2761842672579112e-06,-763.6251270821817,-0.03701660898292612,0.0013550809072040955,0.00042722568275381105,-0.14998351578846209,0.11222757273954402,-0.9642518056375788,1789623923.6479166,Unknown Fault,8,0.85,1
0.07462585312723022,28773.28463662546,1100686.4962271145,619.9881345974994,0.870064017238477,-39.92425763392918,111.69667548123101,8.279070080439983,1775.3347762722713,1774.3347762722715,0.06496799138076148,0.009657861746468738,385567.245543842,0.07592287142796832,0.0014624541009039393,2.1387719972507494e-06,0.00236614840244484,1131822.4589629842,36158.770235026874,608.3988051074768,14.114282165892584,0.7701205610782162,0.07096112211019123,-39.98048784589876,107.97399140938984,-4.4172676745012e-05,-5.498416579549404e-06,-700.5665783462819,-0.021069781825703487,0.0019663669165923825,-0.0016578983516693313,-0.15256276747678896,0.05706538882071361,-0.96017425219482,1789623924.6479166,Unknown Fault,8,0.85,1
0.07401808959311243,32983.96413702141,1145613.4484849866,602.6607683994268,0.879877235658721,-39.90184105314803,104.4297067301221,8.231346499685879,1900.9258749786509,1899.9258749786509,0.0600613821706395,0.01395670742247293,445620.31144465867,0.07583103320547607,0.0015064344712844944,2.269344816274194e-06,0.0025465085965646755,1130976.5010410962,35574.101623092654,607.0040167706342,12.831147933546765,0.7773600225608116,0.0725395369491463,-39.9952825108965,107.67629665136953,-5.784354102302342e-05,-9.44335509242263e-06,-223.86576091274475,0.21728044261476262,0.002267206826337839,0.003553206219897284,-0.19233178403803447,-0.006049035152355488,-0.9555566700118721,1789623925.6479166,Unknown Fault,8,0.85,1
0.07421383568988593,30225.278167111002,1090004.546890264,608.9131384561091,0.873922034669687,-39.93651447718307,107.49580584793304,8.422509503111735,1790.0821612323155,1789.0821612323155,0.0630389826651565,0.011174853024729425,407272.82030552946,0.07567724328490762,0.0014669108152258734,2.1518273398266364e-06,0.0022030053539969646,1131724.4070680244,34491.83837298658,607.8493573229115,12.218283691666848,0.7850162784332158,0.07222545785067229,-39.979898697761534,107.75998665649391,-5.04960131037952e-05,-1.9068489730592075e-05,-1198.7644628531564,0.04265918311226021,0.00221010462956133,0.0008374074306429472,-0.1306257854385713,0.02568113447160177,-0.9516307563819313,1789623926.6479166,Unknown Fault,8,0.85,1
0.07411720326267916,31477.228969141197,1097375.7788311292,583.4450219945542,0.8531386095645497,-40.30444242642068,103.35516119743194,8.339593510729806,1880.8555004542861,1879.8555004542861,0.07343069521772516,0.0006865080449540012,424695.3147649485,0.07559415282356936,0.0014938445656199819,2.231571586232352e-06,0.0024050035138238612,1130534.7041959174,35137.10320529538,606.5333797623305,12.980402585332447,0.7918805742389743,0.07019015561909703,-39.99194347143562,107.43040997920608,-5.9724167427473794e-05,-2.1771907225529966e-05,-1561.88928784362,-0.09766056767242783,0.0018040755075704356,-0.0023926247019740014,-0.0745401232770142,0.011265997655794953,-0.9532171814465851,1789623927.6479166,Unknown Fault,8,0.85,1
0.07313309554196544,41115.50881976114,1210450.6310909272,604.3428293059233,0.8208082061813392,-39.98284016105613,106.44977340133828,7.981946035644716,2002.9204822056179,2001.9204822056179,0.0895958969093304,-0.016462801367364957,562201.1281632148,0.07557691832553334,0.0015194337873097959,2.3086790340185902e-06,0.0024050035138238612,1132587.3042071594,38120.133126549765,606.4500923295279,12.987508814901673,0.7968691886025338,0.06758870054439467,-39.98487995622112,107.27778321155976,-0.00010274356756470067,-1.5588393268034322e-05,-538.194542673127,-0.1189646797873382,0.0011132225309568393,-0.003983439844454614,-0.1099881489124917,-0.0911341214275132,-0.958081841581018,1789623928.6479166,Unknown Fault,8,0.85,1
0.07423152393227735,32220.658302011332,1143736.8337592224,600.7739131994878,0.7820350843331679,-40.0918040470431,106.8436200554948,8.159470579418208,1903.7724651993055,1902.7724651993053,0.10898245783341604,-0.03475093390113869,434056.26875458966,0.07545030259297443,0.0014941737149230245,2.232555090366872e-06,0.002163010343601307,1133942.3430800333,37889.59293102132,606.3158667797794,13.028074792240526,0.7991945290055693,0.06602012079312881,-39.99440273828857,107.38295813877512,-9.69626035260456e-05,-1.8174156264512976e-05,-662.5402310442162,-0.19456558331249146,0.00024661619424859075,-0.0036589768433977756,-0.12489946450178437,-0.029949534260618305,-0.9597170764386002,1789623929.6479166,Unknown Fault,8,0.85,1
0.07564668607032976,22739.61203461865,1132782.6860318815,602.311756826385,0.7429406674162359,-40.10194385892502,107.63315627226963,8.224787872776021,1880.7248458847591,1879.724845884759,0.12852966629188206,-0.0528829802215523,300602.8844869334,0.07543943508646071,0.0014917157982620942,2.225216022784717e-06,0.002163010343601307,1134225.8499751997,37853.32126498758,606.9192367016191,12.467292286052981,0.79848947532804,0.06652109226120498,-39.984203972182776,107.45730337208377,-9.046912156386094e-05,-1.0169484184200844e-05,-755.7180519156879,-0.4224101782607732,-0.0006589254169332071,-0.008276766843624798,-0.11373874011094454,-0.027015123033435964,-0.9596636517231557,1789623930.6479166,Unknown Fault,8,0.85,1
0.07687263467583264,14671.350142371562,1108803.159097188,614.2723620937729,0.7096971042534611,-39.834765367360895,107.91084728344525,8.31174912038941,1805.067633708582,1804.0676337085822,0.14515144787326945,-0.06827881319743681,190852.70336108265,0.07552485807279691,0.0015100821663754605,2.2803481492052044e-06,0.0024157995703798923,1132625.3787071279,38048.01293270133,606.6701214378387,12.25382824351901,0.7948653400429037,0.06875429859331791,-39.99035887011205,107.46291827789486,-8.426333758306357e-05,6.525126048616208e-06,-844.4981363979364,-0.21872510477424725,-0.001460437193237123,-0.003864223037809035,-0.0675972131066729,-0.07137562587077097,-0.9601048827339074,1789623931.6479166,Unknown Fault,8,0.85,1
0.07316301213277329,37024.0430802163,1087624.6912418792,629.3405527355568,0.6875528225085878,-39.60416694393181,109.92321197952991,8.377819448087742,1728.197375036929,1727.1973750369289,0.15622358874570608,-0.08306057661293278,506048.64399276726,0.07548945280263218,0.001554026986365377,2.4149998743518553e-06,0.0024157995703798923,1130378.9717215903,38969.552890909494,607.8266674559503,12.954440733659867,0.7888942944241752,0.07128605347521191,-39.96454529796898,107.48542641100148,-0.00012083213427310327,1.3012320808360178e-05,-1148.29422588373,-0.07189177665373003,-0.0020313780488303273,-0.002890848262416609,-0.19442544527823677,0.04508919444500396,-0.9651986616724567,1789623932.6479166,Unknown Fault,8,0.85,1
0.0765007616852988,18395.11131883709,1195666.8836438446,594.9651615872374,0.6800039173605363,-39.992253694617865,102.8583163687472,8.021336698419292,2009.6418426485106,2008.6418426485104,0.15999804131973183,-0.08349727963443303,240456.57734113894,0.07539862444848362,0.0014201388290601366,2.0167942938042957e-06,0.002269237753021458,1130909.2751877182,39756.24603221232,606.8475017476193,12.964440718231332,0.7815190352836666,0.07261979954147353,-39.97827043848406,107.32678859061065,-7.867679799237571e-05,1.3874747087025554e-05,-25.33332468010736,-0.07443700089238703,-0.0022816089764654828,7.5830846436767494e-06,-0.3467767633273741,-0.09687055024010106,-0.9696376389034328,1789623933.6479166,Unknown Fault,8,0.85,1
0.07531737772322385,26029.907504680847,1187117.9032851637,608.0353342349151,0.688242194946814,-39.99235708462356,108.08532111097331,8.044063043320781,1952.3830877014777,1951.383087701478,0.15587890252659298,-0.08056152480336913,345602.9443873564,0.07538158253287452,0.0014184542271066653,2.012012394396767e-06,0.002269237753021458,1134552.967183728,40558.40455168425,606.5767607126195,12.865757448889244,0.7739039538724238,0.07201757191092178,-39.98660606526626,107.35954248670667,-7.5978756114329e-05,1.969946799951466e-05,144.67883203757856,0.016091190305558643,-0.0021716240147480782,0.0018205927390486046,-0.3600467641774251,-0.10920931042517365,-0.9709266183663544,1789623934.6479166,Unknown Fault,8,0.85,1
0.07593478936804472,21098.469531467043,1137046.3092886675,609.9211757951189,0.7109670123798427,-40.001180053529886,108.98842655418703,8.194288099114926,1864.2512416565405,1863.2512416565405,0.14451649381007864,-0.06858170444203392,277849.8459935916,0.07529491872983506,0.0013118118745846657,1.7208503943013347e-06,0.002163010343601307,1133119.3715422929,39804.524654716035,607.6819139500199,11.88126430197468,0.7672513041048278,0.06980848121929567,-39.97214515497709,107.56520562522891,-4.3674212370418806e-05,1.710649033795876e-05,551.0266290298185,-0.19588144438104205,-0.0017187873707833205,-0.002074903838312658,-0.2705350632846834,-0.26614302967127923,-0.9719531912031812,1789623935.6479166,Unknown Fault,8,0.85,1
0.0751516467924468,25183.461552299654,1112603.00862746,612.6633410155217,0.7445906206603644,-39.608956503590115,103.51203839371055,8.325472212188718,1816.010415741967,1815.0104157419669,0.1277046896698178,-0.05255304287737099,335101.9256018585,0.07523509166142664,0.0012825491192646852,1.6449322433266194e-06,0.0018819921252773847,1130655.853937001,39085.71518702495,608.2651513819632,11.752907615524371,0.7626113931006805,0.06725892529478233,-39.94935888564009,107.41715906344442,-3.1472674833473085e-05,1.4956381661004769e-05,772.3605896829291,-0.24589412803034283,-0.0009945919936785006,-0.0007870740305064208,-0.23408468662574047,-0.3427791371256826,-0.9701926888612299,1789623936.6479166,Unknown Fault,8,0.85,1
0.07307585635550858,39494.31511160581,1131228.152773661,595.8219217909431,0.783804591356977,-40.33965349675965,109.00631057428943,8.178925672903238,1898.6010943897038,1897.6010943897038,0.1080977043215115,-0.035021847966002925,540456.4117520419,0.07514860597159932,0.0013505347144826322,1.823944015022685e-06,0.001899680367668799,1129500.6134503488,38622.16657537572,606.9584958061241,11.236449591908386,0.7607167607851469,0.06595548478594994,-39.98188829973436,107.44633349675463,-5.1375008259686096e-05,1.0602579894751538e-05,1072.1764582048481,-0.1585231108209487,-0.00011337240986634339,-0.00016038610539355274,-0.12721889695986255,-0.354435336897284,-0.9675623076254899,1789623937.6479166,Unknown Fault,8,0.85,1
0.07487334653809675,27472.583929069162,1138789.9294650275,604.0521310024919,0.8224179007336997,-39.99697859836801,106.57025562358939,8.24514942173339,1885.251075226038,1884.251075226038,0.08879104963315015,-0.0139177030950534,366920.7428185499,0.07510464217965035,0.0013408555932276297,1.7978937218898187e-06,0.001899680367668799,1128969.9344253752,38399.09288940516,606.3556040172125,10.968673809778387,0.7618665279416637,0.06676555088101442,-39.99500909824238,107.42786813808614,-4.567751091672056e-05,1.1043398024144233e-05,1383.4869070382251,-0.0636917944321282,0.0007857461846305073,0.0028296154709642326,-0.16968096477190486,-0.37181787525440463,-0.9646789210150624,1789623938.6479166,Unknown Fault,8,0.85,1
0.07435224822656282,31032.142529486413,1138706.061191339,591.7827307866678,0.8543343562696175,-40.33088235700701,107.20484719855259,8.210898841409495,1924.1961651662864,1923.1961651662866,0.07283282186519124,0.0015194263613715758,417366.5661719692,0.07510903930915952,0.0013381981434513314,1.79077427113659e-06,0.001899680367668799,1128585.2680445618,38251.1808915625,605.6270841471332,11.302468285374967,0.7658791716173033,0.06914539490498985,-40.0100885993596,107.38727106644026,-6.124590777646741e-05,1.663362400054796e-05,1666.8867092792955,-0.16180938903819023,0.0015608127335658437,0.0001403896201818137,-0.1253957787241856,-0.39292539154351447,-0.9651684314499188,1789623939.6479166,Unknown Fault,8,0.85,1
0.07807130414364112,7181.3782435911635,1093042.8279052994,598.1969482296992,0.8745150514148171,-40.35802712478081,110.29114744616504,8.378623772840319,1827.2290273964861,1826.229027396486,0.06274247429259144,0.015328829851049677,91984.86335489356,0.07511939269454956,0.001359899335516852,1.8493262027391756e-06,0.001899680367668799,1129510.7400244307,37082.297888418194,605.2721943535464,11.39056329777561,0.7721211836057148,0.07158399269007086,-40.026644000868494,107.52334413610042,-6.867622691638322e-06,2.0924459809638737e-05,752.0102500955716,-0.21597416982290146,0.0020894612710305248,-0.002411885491463601,-0.26670075996499476,-0.18924578028134897,-0.9629412004304575,1789623940.6479166,Unknown Fault,8,0.85,1
0.07662042195298366,17219.481248633652,1162101.318616132,615.0443770377984,0.879773898139113,-39.76694845293986,107.07553095325895,8.09936709812738,1889.4593008281636,1888.4593008281636,0.0601130509304435,0.016507371022540157,224737.48916705244,0.07512842820163375,0.001369061238090005,1.874328673640537e-06,0.001899680367668799,1133508.5070966172,34930.505578222794,605.108820124965,11.218641496311344,0.7796070874633239,0.0726568378115091,-40.026112375953964,107.45005789567152,1.9739447814890423e-05,2.11756283625441e-05,379.310378043158,0.012795977404242823,0.0022882298168859687,0.0024493534323753717,-0.255096727494555,-0.08014210576107413,-0.9582763626871998,1789623941.6479166,Unknown Fault,8,0.85,1
0.0764538073913827,17569.663717436917,1123940.8084558228,618.6409824202826,0.8692806401762909,-39.871093421353564,110.25518828373421,8.24397652303928,1816.7900937611298,1815.79009376113,0.06535967991185454,0.011094127479528162,229807.570308359,0.07508078884228434,0.0012996311092426497,1.68904102011128e-06,0.001899680367668799,1130683.226073701,32659.846301478472,606.2532144891994,11.080594639860688,0.7871550235711107,0.07177368422319803,-40.00494851542626,107.55423114881054,5.713734899357457e-05,1.285893679214181e-05,901.6364291415091,-0.013068723359825929,0.0021257371882655363,0.0001395220427657871,-0.12388160487178722,0.076212700943643,-0.9528749410676552,1789623942.6479166,Unknown Fault,8,0.85,1
0.07546175914309364,24441.41028896847,1143057.1680468926,599.0514994471669,0.8446919322328641,-40.22919425553714,108.45773959919482,8.141394496163313,1908.1116883970076,1907.1116883970078,0.07765403388356795,-0.002192274740474315,323891.3400179511,0.07512143949068366,0.001295009669466378,1.6770500440114176e-06,0.001899680367668799,1132257.5559479124,32267.406389153988,605.9346224498413,11.168230507159228,0.7935733387817185,0.06941885734676667,-40.01240714123564,107.55147227443287,5.4301038832382596e-05,1.1403038674881347e-05,746.0143831500683,-0.07191523355935488,0.0016276373983395386,-0.0023082395839436796,-0.13563162801272866,0.056837056939699905,-0.9496797368461318,1789623943.6479166,Unknown Fault,8,0.85,1
0.07533739859834947,24644.403948611074,1114586.9593874791,594.308984758498,0.8098897906364468,-40.14041494977584,105.04861162260092,8.231912224255195,1875.4334663818015,1874.4334663818013,0.09505510468177658,-0.019717706083427114,327120.45288421994,0.07515716270867123,0.0012881380736095183,1.659299696682441e-06,0.001899680367668799,1133573.249037877,30816.88004196894,605.6123559994543,11.380783424458118,0.7978487222493449,0.0669570342359506,-40.00865314471219,107.35778943649922,4.952329409829468e-05,9.838889063501955e-06,77.27194603523043,-0.21491857656534002,0.0008725694517162329,-0.005708427340578006,-0.16250368078355412,0.0306636310194708,-0.9448661043025609,1789623944.6479166,Unknown Fault,8,0.85,1
0.07605036384939085,19458.418649191677,1097667.2029861812,602.0405266087594,0.7703687083154239,-39.965423208183644,105.23974219037305,8.362477792525528,1823.2447060819025,1822.2447060819025,0.11481564584228804,-0.038765281992897194,255862.2689528071,0.07523936503440766,0.0012768940197405375,1.6304583376491483e-06,0.0018819921252773847,1132339.6659700137,31602.2367814272,605.2256559897023,11.331227865450142,0.7993061849316073,0.06593870721978028,-40.01257374663663,107.26958969507989,4.6149657678022924e-05,1.3159261029520067e-05,-304.83317260853335,-0.18693260087150781,-2.0258025270926043e-05,-0.003896931926226099,-0.13619905130175936,-0.0169526257366595,-0.9479003660474006,1789623945.6479166,Unknown Fault,8,0.85,1
0.074804275942949,26683.680454088477,1076400.382092313,589.6345261616424,0.7323681951784982,-40.36399726521129,106.88019309567252,8.41840723885663,1825.5382518038446,1824.5382518038446,0.13381590241075092,-0.05901162646780192,356713.3043897026,0.07518699542982345,0.0012667763269079237,1.6047222624143308e-06,0.001818839917113499,1130346.9588380614,33442.482935797634,604.6502759464785,11.735874820389922,0.7977156255176746,0.06704531265374547,-40.021586860478074,107.18715345204559,5.0874960911413544e-05,3.4122162102979356e-06,-882.4118488069961,-0.34291700983590284,-0.0009098872055013852,-0.008401798053841471,-0.09865269429796884,0.007117202887407691,-0.9542438948608543,1789623946.6479166,Unknown Fault,8,0.85,1
0.07611562087942571,20145.180594044727,1136262.570141822,600.8694601608703,0.7018876966944886,-40.10131656745453,107.04162221340879,8.159908546484095,1891.030657203998,1890.030657203998,0.1490561516527557,-0.07294053077333,264665.5228097868,0.0752453965658464,0.001274562597481768,1.6245098148994714e-06,0.0018840969471483615,1129963.9850652672,33317.49128123982,603.5474734097423,10.6980949223517,0.7933281583657772,0.06953748025703273,-40.043641641797834,107.12261362956696,5.413285862879639e-05,3.9819965245829914e-06,-672.9066497668917,-0.13992437152898166,-0.001655865202588297,-0.004421366319602155,-0.0769701917983688,-0.02712674290653263,-0.9637382221001135,1789623947.6479166,Unknown Fault,8,0.85,1
0.07698698596691737,14429.235810008156,1140919.9942663377,606.8297668174898,0.6837394133686433,-39.96625410396871,107.1647991298511,8.20073824055007,1880.1318864924451,1879.1318864924453,0.15813029331567835,-0.08114330734876098,187424.3500870218,0.07524519594333609,0.0012742880225208716,1.6238099643401536e-06,0.0018840969471483615,1129848.6300731215,33274.33828696338,604.3162938185527,10.204313692783106,0.7868364680675465,0.07185123819219727,-40.02830028426798,107.1767219442842,8.767511812312293e-05,-2.888014189066149e-06,-433.37541709447027,-0.2690084466595033,-0.0021404184933601473,-0.006768483820737594,0.02045369383954811,-0.14987001641733597,-0.9635359893098987,1789623948.6479166,Unknown Fault,8,0.85,1
0.07618677426221268,19396.305870907243,1138967.918523869,608.7458548122403,0.680788560093555,-40.01822822430348,108.80619268085817,8.214558406610406,1871.0072676801533,1870.0072676801533,0.15960571995322248,-0.0834189456910098,254588.88447161196,0.07530763278873538,0.001280636940332973,1.640030972945399e-06,0.0019552503299353347,1131379.8869649917,32774.16811487666,603.8666026271424,9.740963631024108,0.7792654497817497,0.07265021311499656,-40.032059107882944,107.06110263226928,9.017318213630981e-05,-5.447174066401606e-06,-640.81870831687,-0.07140178354368966,-0.002287046767564611,-0.005635084456138885,0.0324556742642678,-0.16317435885481632,-0.9673867120438846,1789623949.6479166,Unknown Fault,8,0.85,1
0.07654743791747046,18210.750327601196,1194990.0796538708,596.69605867016,0.6935010117179812,-40.300321756698075,108.69899953576044,7.99737941003401,2002.678017208815,2001.6780172088152,0.1532494941410094,-0.07670205622353896,237901.50033806617,0.0754088067217097,0.001274661763914773,1.6247626123863207e-06,0.002101559164819883,1133354.952211747,34985.59284202814,603.6280142379717,9.840119644580486,0.7718104008241201,0.07149676919872242,-40.04799833602495,107.23187434449481,8.872210521455791e-05,-4.314199254914552e-06,88.68791631888706,-0.1496497623468356,-0.0020726006447681455,-0.006809174513237065,0.013517230052345335,-0.14803187749042426,-0.9752984093712587,1789623950.6479166,Unknown Fault,8,0.85,1
0.07624508360842779,19482.51068787437,1151751.0529659074,622.1234684444281,0.7198697516518848,-39.710164124324514,108.89991372318141,8.12847549076923,1851.3223039885834,1850.3223039885834,0.1400651241740576,-0.0638200405656298,255524.81243158953,0.07549005663845137,0.0012605622531197053,1.5890171939902283e-06,0.0016495314484337026,1135824.8124547729,34003.79173187757,604.1564274375045,10.445798468393772,0.765648309503408,0.06902650539614091,-40.038944321910606,107.28803865950475,8.449187385064099e-05,-4.831790828917126e-06,-175.00597608830924,0.07392874943259778,-0.0015309364525177252,-0.002575866278352685,0.07002136618879128,-0.11316515389811889,-0.9760615293264638,1789623951.6479166,Unknown Fault,8,0.85,1
0.07500626572373233,27704.030181829356,1147040.2873059106,620.1948615122342,0.755731735655708,-39.86562810985907,110.77808612124747,8.094545472301956,1849.483700185871,1848.483700185871,0.12213413217214603,-0.0471278664484137,369356.21197128436,0.0755256191368935,0.0012335824224617516,1.5217255930066034e-06,0.0015804608532859477,1137811.3927937641,33139.2470989221,605.6264210182117,10.004228436059654,0.7617520345470544,0.066687546978064,-40.02139174924814,107.58495565645737,6.629757780320455e-05,-8.680315213921762e-06,-455.9688521603948,0.014861778769830974,-0.0007475710566543091,-0.0036310053660545587,0.003713831233208908,-0.05727655971702301,-0.9677301381373856,1789623952.6479166,Unknown Fault,8,0.85,1
0.0768137447882623,15439.347797463477,1123285.646651614,628.3989342038625,0.7954251449887584,-39.76474570587632,112.29399534760508,8.21734925621013,1787.5358876519076,1786.5358876519074,0.10228742750562081,-0.025473682717358503,200997.20225881657,0.07567284510674538,0.0011564834838703277,1.3374540484648505e-06,0.0014944959615664777,1134324.7934161916,29722.6320753646,606.5886652141293,10.946975046676547,0.7607367120993511,0.06597005321073743,-40.01266797104095,107.81872453430806,5.426273248194365e-05,-2.7975340626019986e-07,136.33972026831415,0.2122336756683395,0.00015381937145811522,-0.0008764490837791783,0.06451402889269148,0.03702015094052849,-0.9636483801302865,1789623953.6479166,Unknown Fault,8,0.85,1
0.07502462525993725,26588.258517325216,1124720.2558141358,603.1378479273225,0.8326832630962612,-40.238683220640866,110.2797270709731,8.235492866558994,1864.7814254721807,1863.7814254721807,0.08365836845186941,-0.008633743191932164,354393.75305381505,0.07570456915985177,0.0011270132752511813,1.270158922592395e-06,0.0014761364253615544,1133564.130298388,29715.36092114522,606.6832226032426,10.906474844372443,0.7627626392498749,0.06735615013812717,-40.018543137984864,107.95616881492717,3.386595292057294e-05,-1.4720519178411105e-06,141.80285352580213,0.12223245748986265,0.00103092510299853,-0.003754104455492178,0.07086780652524174,0.027960833259216257,-0.96373565245945,1789623954.6479166,Unknown Fault,8,0.85,1
0.07518879020961955,26934.798123253582,1165551.2996493476,608.246118061691,0.861623852360757,-40.05961323198192,109.30585440936844,8.035724858906748,1916.2494671788963,1915.2494671788963,0.0691880738196215,0.006000716389998051,358228.90683786507,0.07568625332542336,0.0011315169250787139,1.280330551739588e-06,0.0014761364253615544,1134874.8748430866,30367.537887195922,606.9205970526549,10.873277521921677,0.7675099666476557,0.06992523864545244,-40.016849912907134,108.02307674041113,2.852608556167074e-05,-6.255805895573264e-06,429.2545894849793,0.09294452703004166,0.0017452704287625911,-0.004967220224866607,0.07340956387208183,0.0015669324489377965,-0.96188121917859,1789623955.6479166,Unknown Fault,8,0.85,1
0.07774109160924363,10136.727675486532,1176935.5929358948,622.548253481397,0.8776778300832262,-39.60056659343912,107.21936805913269,8.061531835197368,1890.5130427308543,1889.513042730854,0.0611610849583869,0.016580006650856724,130390.85849781467,0.0757209916027598,0.0011797110622476434,1.3917181903894633e-06,0.0014761364253615544,1137600.1721966348,30956.98463104784,607.2516327081598,11.212742185251187,0.7742291956808462,0.07208450737747288,-40.00748196195027,107.99541757143862,5.935763707025816e-05,-7.145041062676565e-06,556.790214421145,0.31071746755268803,0.0021840759288412966,0.0006962404872236815,0.1567778248921561,0.13745679710311123,-0.96268945284149,1789623956.6479166,Unknown Fault,8,0.85,1
0.07572485355838408,22618.612669580118,1136565.2190142022,594.2147164991067,0.8783106261762453,-40.249803151250845,106.83726293975248,8.163543219189144,1912.718058735442,1911.7180587354417,0.06084468691187733,0.014880166646506751,298694.70334651886,0.07582346525978424,0.001058058400013276,1.1194875778386532e-06,0.0013491148928519991,1139557.7933075277,29234.28662188195,605.8465992587019,10.53722450028569,0.7818595078275524,0.07260000386159526,-40.033307410243026,107.87197960984754,3.3813491191540224e-05,-1.7452253241714115e-06,47.48199088190235,0.41126590282001346,0.002278063863230088,0.0024925796892490727,0.3648107943624314,0.02674854364219448,-0.9564652820218171,1789623957.6479166,Unknown Fault,8,0.85,1
0.07366410399828037,33866.51182319895,1085404.711912796,619.8255403505351,0.863422336050651,-39.7013952583187,107.8513715636987,8.386729555261267,1751.1455099106724,1750.1455099106724,0.0682888319746745,0.005375272023605868,459742.39806119865,0.0757099989523035,0.001129060405510746,1.2747773992920901e-06,0.0014291821314454528,1135147.3064382856,28750.029010656846,606.8410144092337,10.6359975088307,0.7891962445751572,0.07119023950047253,-40.02167307279106,108.07170181764558,2.0653889955880983e-05,-1.5339428034746028e-05,108.69829675523725,0.4314879054145998,0.002012395603696218,0.005966921324802203,0.22236604696640358,-0.017396837268278287,-0.9607511542050677,1789623958.6479166,Unknown Fault,8,0.85,1
0.07238803345747877,42325.31852928082,1097866.1279535142,600.3858156016078,0.8353634933534655,-40.101755279520184,106.85415548636321,8.329211977656973,1828.6010419040524,1827.6010419040524,0.08231825332326725,-0.009930219865788487,584700.4885709875,0.0755928251816737,0.0013024207613285997,1.696299839539769e-06,0.001447541667650376,1131577.2354250199,27593.051559723437,606.5350336639015,10.707032570387424,0.7950810965114232,0.0686367722635521,-40.02604900058692,108.02245519266118,-1.393661921022075e-05,-2.6985071126788433e-05,284.27030997996934,0.3838446531394821,0.0014290143269048636,0.005520860836669892,0.22668814099676243,-0.0942891754983509,-0.962257445045388,1789623959.6479166,Unknown Fault,8,0.85,1
0.07420226246945573,31928.633128799032,1136135.912214875,603.4856397960356,0.7985639723885785,-40.066537377189235,107.51014221028369,8.217591596238542,1882.6229445970962,1881.622944597096,0.10071801380571077,-0.026515751336255042,430291.9084433845,0.07552352410573014,0.0013282191861612514,1.7641662064868572e-06,0.0015804608532859477,1131540.819542068,27586.40967699418,606.2776122239381,10.69988759019118,0.7985849749117727,0.06645455134087899,-40.0286632935333,107.96332381890507,-2.3352940843907098e-05,-3.187939923466228e-05,381.0411420612617,0.3895578233636642,0.0006200231090704913,0.005395811446295899,0.22770861096563047,-0.08190253196331741,-0.9612326555848033,1789623960.6479166,Unknown Fault,8,0.85,1
0.07521869882757036,24823.63164683487,1092537.9579616105,613.179699132512,0.7588336083682674,-40.07047218896175,111.47290486924584,8.317200239896136,1781.7582015635292,1780.7582015635292,0.1205831958158663,-0.045364496988295935,330019.42381029483,0.07552620618713507,0.0013275330660623896,1.7623440414890087e-06,0.0015804608532859477,1130738.2175154341,28405.441908600482,606.2982665486177,10.712684943624225,0.7991546944200887,0.06604902760557,-40.04712392094816,108.28175847792643,-2.988548577513834e-05,-2.904835626708073e-05,-168.36338167365926,0.5171266827432601,-0.0002868561246144089,0.009206951080234348,0.2673910761763531,-0.08609763924106208,-0.961983233747436,1789623961.6479166,Unknown Fault,8,0.85,1
0.07754252385759831,10627.37144792332,1124217.5426284808,603.9799125125612,0.7224449521798657,-39.95743473981039,105.88022278895117,8.295248517375825,1861.3492259233042,1860.3492259233044,0.13877752391006715,-0.06123500005246883,137052.17368781782,0.07570487288721868,0.001285641924411716,1.65287515780506e-06,0.00154117219373813,1130457.793109627,28433.811892753107,606.6245861774825,10.510945382760031,0.7967003088530044,0.06769342947989833,-40.0318351706702,108.15671496651292,-3.577682097943503e-05,-8.61378105346957e-06,-223.65487420172968,0.390963044064454,-0.0011484470836168167,0.007109555455698958,0.1980355214405911,-0.17008130239235134,-0.9585470155836492,1789623962.6479166,Unknown Fault,8,0.85,1
0.07388890425969157,33531.554561527264,1130496.8991292615,602.9016030564692,0.6951429725215394,-40.15253886001639,108.72400562507174,8.263062417148292,1875.0935366535698,1874.0935366535696,0.15242851373923028,-0.07853960947953871,453810.41845845385,0.07566549519608247,0.0013249818092038045,1.755576794720987e-06,0.00154117219373813,1130126.0718961963,28383.00021334002,606.5785650596415,10.524617712950798,0.791609311724518,0.07030349965835074,-40.03805758113613,108.24286496657221,-6.085487180167357e-05,-7.750191173823102e-06,-139.97253200494453,0.33087249427442683,-0.0018287235001772312,0.0063439332770636,0.2251315516973443,-0.07267965894785684,-0.9611517083126178,1789623963.6479166,Unknown Fault,8,0.85,1
0.07592856739598915,21443.645758632487,1165052.4959070059,597.4655119666652,0.6812380516652523,-40.254895405061255,108.24613522050808,8.141900687735513,1949.9912088181056,1948.9912088181056,0.15938097416737385,-0.0834524067713847,282418.6797414174,0.07572854796285951,0.0012982236781461025,1.6853847184991949e-06,0.0015228126575332068,1131179.929284823,29160.4808058787,606.8058763068415,10.26066024163836,0.7846854595403434,0.07228096352774245,-40.0350181030583,108.28451648745046,-7.155898272850055e-05,4.7386681539203894e-06,268.22512104626225,0.09879366145567745,-0.0022202846860425334,0.0014141056051997663,0.1686297667722792,-0.044759490688643225,-0.9580448411458081,1789623964.6479166,Unknown Fault,8,0.85,1
0.07397935396499512,32689.37922594351,1116678.6216120524,609.4287193771272,0.6829254708727319,-39.91901054499331,107.40684678974445,8.295396670868165,1832.336721435388,1831.336721435388,0.15853726456363404,-0.08455791059863892,441871.65031761664,0.07556486995571367,0.0012495763895252407,1.5614411532589362e-06,0.001447541667650376,1132125.3610330932,28278.503788972193,607.2551471527385,10.118790976530871,0.7770218763186599,0.07250680498680853,-40.017457439866796,108.16914446119362,-6.427782705481731e-05,-4.513467329575288e-06,-247.00411742070295,0.0369152397945854,-0.002261311739614208,-0.0007451456145023955,0.2828144039771003,-0.07452844117344305,-0.954659647159201,1789623965.6479166,Unknown Fault,8,0.85,1
0.0770521415876181,14057.1929925103,1132856.062096153,614.1299467543663,0.6999388237541007,-39.9096630026483,109.11858956850477,8.191105166212488,1844.6520448696856,1843.6520448696856,0.15003058812294967,-0.07297844653533157,182437.40800540216,0.07558213874109905,0.001266907422756426,1.6050544178353297e-06,0.001447541667650376,1130955.550772294,27611.308482894827,607.2185699414013,10.092186266054677,0.7698284733432594,0.07085791757600396,-40.02316602185514,108.25086680580345,-3.999364586453816e-05,2.192283573328463e-06,59.500391299468106,0.17826722727559452,-0.0019453273912363779,0.0027549698290916286,0.27002124726537796,-0.17324642971947338,-0.9521052546224842,1789623966.6479166,Unknown Fault,8,0.85,1
0.07352772395464131,34843.931772703814,1092182.7591652505,612.5421030624219,0.7295920759790915,-39.97975726767027,109.67329444503127,8.370918646787937,1783.0329600281373,1782.0329600281373,0.13520396201045426,-0.061676238055812946,473888.3498447302,0.07546509540362939,0.001315213986447243,1.7297878301464489e-06,0.0014408076654787855,1129685.2288006712,28617.049963185607,606.9746147670868,9.884707857280548,0.7642409307753715,0.06825506002240635,-40.0275125757078,108.22759105225533,-5.024078815977306e-05,-4.75710004575376e-06,-368.54972362256916,0.3416316577969068,-0.0013222186216522284,0.004676392026583039,0.22636535585169343,-0.18232673940312105,-0.9554886918660498,1789623967.6479166,Unknown Fault,8,0.85,1
0.07727426682140975,13619.629119196887,1198858.007057997,617.7712506107429,0.7672036310372595,-39.778589730799894,108.34508091356642,7.94739454238743,1940.6179971514996,1939.6179971514996,0.11639818448137024,-0.03912391765996048,176250.5123558598,0.07553759571076203,0.0013621509237758062,1.8554551391432823e-06,0.0017431619745214566,1131917.2623611153,31594.242426205023,607.7234048136298,9.964859580380077,0.761141398727547,0.06626162296563477,-40.00948839471832,108.22308470483021,-3.3574106908696564e-05,6.296789294041484e-06,403.6876219841922,0.3620617585391477,-0.0004903606046598732,0.0049573245659012164,0.2796728278365667,-0.17635622583296381,-0.9644322166225394,1789623968.6479166,Unknown Fault,8,0.85,1
0.07630140272207207,18478.471788617793,1119001.7613656018,610.8722692298893,0.8068354513880097,-39.660544903140035,103.66667640953261,8.252805335633342,1831.8097214926747,1830.8097214926747,0.09658227430599514,-0.02028087158392307,242177.3536185913,0.07557615587571094,0.0013695623912369662,1.875701143490717e-06,0.0017431619745214566,1132093.8544402402,31509.106625159766,608.3859361924855,9.594697801212016,0.7610192251576099,0.06617438614034953,-39.99029359285288,108.16780729630747,-2.852555177457583e-05,1.3022392607137054e-05,111.16458305847544,0.25698399875330097,0.00041891456975646845,0.0068690758606639694,0.29682809562590423,-0.15586986945830944,-0.9672405700351708,1789623969.6479166,Unknown Fault,8,0.85,1
0.07712097202694662,14342.080117537605,1183881.503413565,594.3160198297394,0.8422305440226536,-40.17647872874351,105.65227259094868,8.018267985827533,1992.0067168183105,1991.0067168183102,0.07888472798867319,-0.0017637559617265652,185968.61191695536,0.07561898020281317,0.0014001180557551703,1.9603305700516383e-06,0.002009468845313306,1135542.4264573357,32261.460004041917,608.0769559213247,9.913157420085348,0.7638936985858991,0.06805219616310268,-39.99873581367528,108.18430851233047,-9.523630641755183e-06,1.8998133506693023e-05,244.93790519473055,0.06365375187530609,0.0012620523447042457,0.005399147683750578,0.24615152351533293,-0.09874630746644493,-0.9689074994237039,1789623970.6479166,Unknown Fault,8,0.85,1
0.07629164858922334,18172.00147811778,1093472.310897654,595.7222066298658,0.8678008020816811,-40.15556238715401,105.87219780833767,8.32628922310609,1835.540624016137,1834.540624016137,0.06609959895915946,0.010192049630063885,238191.22819014147,0.07567847510866416,0.0013958296870717484,1.948340515310815e-06,0.0018074790645299793,1136225.3036095493,31164.402911793568,608.3204631400536,9.52428783974842,0.7693110028620264,0.07066730056166703,-39.990398418552985,108.14398870083711,-1.1461426596610797e-05,2.576020446999271e-05,-734.8220666987105,-0.23481438533498397,0.0019059398044374573,0.0002989032593559999,0.20021052826759342,-0.08072340075439231,-0.9650003693595364,1789623971.6479166,Unknown Fault,8,0.85,1
0.07693694710166078,14730.328744624963,1122189.8044831941,612.9316593822194,0.8795092440565538,-39.8004151538684,106.80425736614079,8.2035172077431,1830.8563235487975,1829.8563235487975,0.06024537797172308,0.016691569129937703,191459.75112790757,0.07571132815755355,0.0014152623098846284,2.002967405779974e-06,0.001930681377928456,1135662.392983204,31285.506138667704,608.8029511089076,9.439761206185745,0.7764158647565089,0.07243823791372582,-39.97836236200954,108.13449410694639,4.52669566174295e-06,2.9269423248431105e-05,-864.0078548500277,-0.2667595267375949,0.0022489212768654118,0.0009434134443521349,0.23481975589783663,-0.014336108196966051,-0.9640375660471445,1789623972.6479166,Unknown Fault,8,0.85,1
0.07613848954689811,19993.24533498133,1152672.2792599276,599.3075835893617,0.8755073644047295,-40.24829626345096,108.88451524696096,8.16110966612056,1923.340052459147,1922.340052459147,0.06224631779763523,0.013892171749262883,262590.51701657847,0.07567738830075278,0.0013942819127201471,1.944022052138552e-06,0.0018074790645299793,1136132.4843829477,31448.84199496522,608.5020637797825,9.616095900536521,0.7840865827979523,0.07237172392033821,-39.98964404838883,108.20328275163078,2.1226301964715585e-05,2.4746103865436478e-05,-654.4175071566278,-0.3741409159860429,0.0022368475289703317,-0.0014272015270064633,0.21090084534089115,0.05165845300906913,-0.9639615774273609,1789623973.6479166,Unknown Fault,8,0.85,1
0.07693303311772863,15236.49427452858,1160485.3568075136,615.3785128444863,0.8564269719298776,-39.92762296180066,109.91960666935974,8.092396371148682,1885.807405662184,1884.807405662184,0.0717865140350612,0.005146519082667431,198048.79200866248,0.07570723865497342,0.0014127341584452787,1.99581780243809e-06,0.0019267673939963037,1136993.1819142934,31807.071083741906,608.7673701010724,9.710198640145181,0.7911121192714053,0.0705040018485947,-39.98601983788872,108.24781931117084,3.7910729120630104e-05,2.477333465557728e-05,-401.267420289882,-0.30822809121804523,0.001871624740067207,-0.0011405409484159233,0.22018833120266365,0.10783826645125544,-0.966081942439579,1789623974.6479166,Unknown Fault,8,0.85,1
0.0772709738372042,13302.364563622365,1177072.4328922308,610.739720673345,0.8252804410639981,-39.851481815442305,106.79388572684705,8.031495822682116,1927.2897980083887,1926.2897980083887,0.08735977946800094,-0.01008880563079674,172152.15368772254,0.07573618009176278,0.0014368554250349926,2.064553512452489e-06,0.001930681377928456,1136276.4760438276,30673.838235260853,609.3291165811997,9.396772999698173,0.7963832964452461,0.0678867498391348,-39.96806624023849,108.1716147588143,6.07472003508077e-05,2.2803525192159762e-05,548.6638738253134,-0.4107348925523435,0.0012109135580030547,-0.003041670698542578,0.2911014449496847,0.16409327499595616,-0.9652263906551147,1789623975.6479166,Unknown Fault,8,0.85,1
0.0766903825019164,15526.412164652402,1089979.5495761125,601.7466820427464,0.7869851241807128,-40.08167648437447,107.06522470432947,8.37209245224616,1811.3594675353497,1810.3594675353497,0.10650743790964362,-0.029817055407727222,202455.7924752092,0.07575399204750231,0.0014457859539696671,2.0902970246959802e-06,0.001930681377928456,1133805.615908236,31795.234187703056,608.5140451251325,9.1316436793468,0.799067911346399,0.06611175213800116,-39.98292673464049,108.09822719806021,7.464425776502982e-05,1.798383694883879e-05,276.0533987287369,-0.35278307735193615,0.0003590257507045224,-0.0015113594852734188,0.26482673968971554,0.17949986662827971,-0.967676933602612,1789623976.6479166,Unknown Fault,8,0.85,1
0.07556519238846443,24082.40132238757,1164748.6125367833,602.9138210814456,0.7475870097782437,-40.0076429798035,106.29332478178527,8.093501510700781,1931.865835232597,1930.865835232597,0.12620649511087817,-0.05064130272241374,318697.01593010064,0.07577634911409159,0.001438352951298558,2.0688592125092723e-06,0.0019123218417235327,1134513.948917471,32275.80644899371,607.8228035079009,8.871636986936156,0.7987421223113005,0.06634416324268577,-39.98860732943827,107.91883674448174,6.542422844390334e-05,1.3377346464280431e-05,694.027773892073,-0.28766928926879787,-0.0005495443283699764,-0.0005665231928100995,0.2822177796875826,0.17036324436986047,-0.9725492998054324,1789623977.6479166,Unknown Fault,8,0.85,1
0.07709703921886558,13036.315168619018,1099616.3628117517,585.2006556057343,0.7133061938347738,-40.31602995688746,104.26448812851963,8.38137675695672,1879.0415770699228,1878.041577069923,0.1433469030826131,-0.06624986386374752,169089.6991726375,0.07578768089131574,0.0014475676516338047,2.0954521060566083e-06,0.0020275163276808478,1133567.1775638764,32931.77759712072,606.0948723639758,8.90255994876955,0.7954573642651411,0.06842726198229654,-40.01065869947871,107.59765645571832,8.798917076813953e-05,7.060928842842018e-06,259.61318718071004,-0.29072780909841284,-0.0013713534413787203,-0.00135026967210635,0.18030526386972745,0.12032562863481336,-0.9723871006091088,1789623978.6479166,Unknown Fault,8,0.85,1
0.07574409019614184,21353.684130909387,1099945.4998714102,582.2711816626422,0.689554863420998,-40.53152517137608,106.64943799856889,8.358319297511624,1889.0605176965455,1888.0605176965455,0.15522256828950098,-0.07947847809335915,281918.81473014347,0.07581645948876392,0.0014392392950689668,2.0714097484706166e-06,0.0018633513779985483,1132576.1873261675,33550.050395064834,605.2602057133885,10.0454902831264,0.7897322282781306,0.07101194185469399,-40.02237237750812,107.45244489282214,7.995623880659575e-05,1.7281648487181097e-06,-139.2099782471545,-0.540209044554179,-0.0019766559993211474,-0.008438513085857491,0.14528347272538858,0.13115305227535548,-0.9731212857626304,1789623979.6479166,Unknown Fault,8,0.85,1
0.07354549377590895,37364.35640609211,1179456.4874348466,614.3262487411793,0.6800828313648621,-39.81005478271984,107.51641667527933,8.082703903071893,1919.9187562824804,1918.9187562824802,0.15995858431756893,-0.08641309054165998,508044.1300719287,0.0757507276314155,0.00150253842985775,2.2576217331993926e-06,0.0028498791181623684,1133132.3948375874,34201.06277497483,605.5034109405681,10.187434652112364,0.7824705874382949,0.07255444744118654,-40.012390039537635,107.38086738345856,5.271678558879863e-05,-1.1032064092936552e-05,623.2823767570696,-0.42666337004539406,-0.0022698880376942833,-0.006851066909472923,0.07747222234485834,0.22650198014546288,-0.9740413803024001,1789623980.6479166,Unknown Fault,8,0.85,1
0.07617773429373564,20490.481370664253,1181756.6461898584,602.0729724972571,0.6863855232569338,-40.054387333058585,106.73879059879343,8.025908280344916,1962.8129814368012,1961.8129814368015,0.1568072383715331,-0.08062950407779745,268982.5519311783,0.07568819333879517,0.0014500147007748118,2.102542632463067e-06,0.0027346846322050533,1133325.236967746,34460.113364406905,604.6843997012024,9.589718213155196,0.774818895165243,0.07219637296375654,-40.030542869122414,107.36164428504502,7.656202532695836e-05,-2.3319377916917207e-05,1510.1536009918768,-0.287880530267669,-0.0022047546652267627,-0.0031204997732965285,-0.030838631754541705,0.14321684757230121,-0.9747232006795375,1789623981.6479166,Unknown Fault,8,0.85,1
0.07674410464729713,16319.768273252277,1152043.752285337,595.0335554510948,0.7074678826310808,-40.26260845782167,107.38556425309258,8.122526296673735,1936.0987993559002,1935.0987993559002,0.14626605868445958,-0.06952195403716245,212651.7515352503,0.07572896338235169,0.0014647268089307119,2.1454246248003464e-06,0.0027346846322050533,1133944.3782985914,34651.28410869583,604.717153259282,9.555239596559426,0.7679851854234364,0.07013302717233517,-40.03105508138525,107.38357633757862,8.667550113978864e-05,-2.7266114117579166e-05,1715.3397166957427,-0.4816620784434679,-0.001791539009278237,-0.007455246490266282,-0.06217560997911515,0.11949248532167546,-0.9761959972891863,1789623982.6479166,Unknown Fault,8,0.85,1
0.07729381489638844,11825.317078298369,1091933.452920823,591.3845709290332,0.7400014685011649,-40.398662971749204,108.18172360765614,8.388091455982147,1846.401659085313,1845.4016590853132,0.12999926574941756,-0.05270545085302912,152991.76388369605,0.075874151818276,0.0014323929566547105,2.0517495822740235e-06,0.0018334427600477377,1134205.5279389126,34307.375836356245,603.5795144824219,9.38020028596353,0.763048350721457,0.06753712098689582,-40.05894578992247,107.39679041933692,8.047169050556848e-05,-2.1312989470077066e-05,842.1498955045415,-0.4536481982716957,-0.0010954787361347528,-0.007551951862960389,-0.035100604604471605,0.1976714997652626,-0.9756727943688961,1789623983.6479166,Unknown Fault,8,0.85,1
0.07714440952227737,14304.872182605965,1213993.0699188707,612.0930200832535,0.7788499430069742,-39.94393919445005,108.88765617626358,7.989586311337347,1983.3473509528833,1982.3473509528833,0.1105750284965129,-0.033430618974235535,185429.7968082195,0.07606440686086796,0.0012625268066088124,1.5939739374058458e-06,0.001531846830401154,1138850.6056175267,36840.728612404426,604.0478026616878,9.500529784644288,0.7607878087075974,0.06600728050447903,-40.05263314651967,107.47813044693292,5.733596262683931e-05,-9.588234298508211e-06,1215.2562831578668,-0.40699898153370073,-0.00022646645794835603,-0.0069184474161152676,-0.044747896230097436,0.365263802530976,-0.9726368184388747,1789623984.6479166,Unknown Fault,8,0.85,1
0.07628217396197882,18110.119564497367,1097602.259489649,611.3599518532117,0.817879986224522,-39.81154016610287,106.37026718246936,8.349456442294146,1795.345370861297,1794.345370861297,0.09106000688773902,-0.014777832925760195,237409.58894962745,0.07614760332056889,0.0012042615652479351,1.4502459175334068e-06,0.0013529490227237456,1137309.2595085176,37717.711977076084,604.3627751439748,9.606608062827306,0.7615604492610352,0.06655571526036688,-40.04243325807621,107.43253544582036,4.072467656912502e-05,-6.287157960059174e-06,807.3553848740175,-0.34512384842231014,0.000678299894402297,-0.004832016057425248,-0.04487558374916249,0.420289731362034,-0.9740054971726849,1789623985.6479166,Unknown Fault,8,0.85,1
0.07479167865327586,29067.933929137133,1161852.8017351835,616.5699113347213,0.8509296125225733,-39.86691320370763,109.36331431090022,8.099127127183595,1884.3812848733726,1883.3812848733726,0.07453519373871337,0.00025648491456249645,388651.9791044155,0.0761305225135971,0.0012202380462094408,1.4889808894170332e-06,0.0013529490227237456,1140081.8532594605,36862.652666228765,604.4983836320632,9.752926218583246,0.7652442894272073,0.06881329103219558,-40.03429089866604,107.34815182348652,1.8919403941050415e-05,-1.0818834020626743e-05,586.1981438049387,-0.14427335139158634,0.0014759776078888181,-0.0034922202490323046,-0.08379018720369362,0.34299630022864175,-0.975946711316448,1789623986.6479166,Unknown Fault,8,0.85,1
0.0735279533205734,36770.807361640946,1158661.434849938,612.8292929460401,0.8727810126040398,-39.904476824353054,108.51402179218165,8.158031924523147,1890.675671327543,1889.675671327543,0.06360949369798008,0.009918459622593315,500092.89938106213,0.07596993969211611,0.0012862265707187165,1.6543787912228294e-06,0.001486949199153667,1141459.6089483188,36887.63926932816,604.8523588494023,9.887349537589747,0.7712577318441745,0.07133303635407251,-40.03217258204775,107.45350378361576,9.015701753151385e-06,-2.7683604487108998e-05,599.0588675610865,-0.07255736122681906,0.0020406309108938554,-0.0015253748975866334,-0.14267661252514716,0.2287619553732001,-0.9764840755045562,1789623987.6479166,Unknown Fault,8,0.85,1
0.07592759205122168,21347.263455432414,1136043.7896410413,613.5398416006528,0.8799843308647691,-39.97392902293213,109.97284538227254,8.158832539975851,1851.6218713315136,1850.6218713315136,0.06000783456761544,0.015919757483606245,281152.91001236136,0.07605148720377732,0.0012143196402232867,1.4745721886320123e-06,0.0013080513914762587,1141681.48456879,36837.6805154832,605.2778883911697,10.022239361696764,0.7786513861779035,0.07262820816320929,-40.02502818856438,107.50345737390379,-1.2185553871657923e-05,-1.9651484900591582e-05,439.43959114948984,-0.01187277068306947,0.002283113462472997,-0.002191404823898138,-0.19330308175807273,0.1572218803752985,-0.9751944207674078,1789623988.6479166,Unknown Fault,8,0.85,1
0.07497624131423751,29106.623763030213,1212345.1266938949,605.4432896537959,0.8714023217379951,-39.97187058683608,106.70558284508837,7.933804089142593,2002.4090569855637,2001.4090569855634,0.06429883913100243,0.010677402183235082,388211.2953760867,0.07601339416050724,0.0012323809826670724,1.5187628864394593e-06,0.001486949199153667,1143573.1898002655,39132.109615692505,605.596999498655,9.894605359053209,0.7862579569808134,0.07198285791683132,-40.01370719583537,107.44183527888701,-2.3340098622214633e-05,-2.1615757076739006e-05,1325.4294779941542,-0.08846975404233447,0.0021651425994396387,-0.003999391434451858,-0.20674329432827607,0.10920488024405144,-0.9798101571066706,1789623989.6479166,Unknown Fault,8,0.85,1
0.07879242755501427,3101.0538300309427,1130807.085732494,621.4698828209558,0.8483898957635696,-39.81170513266862,110.36456216808887,8.218122581385053,1819.5686017793355,1818.5686017793355,0.0758050521182152,0.0029873754367990696,39357.25711542181,0.07620591710410801,0.0012748043325388433,1.6251260862598058e-06,0.0013529490227237456,1144138.328365083,38840.556715612074,606.0786460364081,10.351902517582303,0.7928765339764468,0.06974981919469535,-40.00941497934239,107.56014389402077,-1.8027884628040233e-05,-1.0160531901803318e-06,938.6428354864393,0.09636636771747353,0.0017053433271227308,-0.0011877904967997155,-0.0879838073113026,0.0777434408465719,-0.9798294907215285,1789623990.6479166,Unknown Fault,8,0.85,1
0.07531058201918303,24619.63373538052,1119031.7927042511,607.1097697515381,0.8145802090054992,-40.084034187893316,109.26255422114987,8.261056540541016,1843.2116372665505,1842.2116372665505,0.0927098954972504,-0.017399313478067363,326908.0264060293,0.0761362547213706,0.001274242677123703,1.6236944002033813e-06,0.001531846830401154,1143585.3575894071,39094.8207992945,605.797838956295,10.224119719168076,0.7974621893865026,0.06721126619316642,-40.01638982675218,107.56590248012657,-1.7830271346093012e-05,-6.014440122579687e-06,594.0675359279164,0.1863974399597947,0.0009763078405520621,-0.000879063424175175,-0.09268165462641764,0.11210142434104686,-0.9806307006866936,1789623991.6479166,Unknown Fault,8,0.85,1
0.07685508104545882,15390.362150579078,1139120.1388878725,596.3699481119712,0.7753110675952957,-40.41203442078257,110.45914321612192,8.171480995916179,1910.0897731251835,1909.0897731251835,0.11234446620235217,-0.035489385156893344,200251.71974610072,0.0762693490050033,0.0011638176200749128,1.3544714527968343e-06,0.0013529490227237456,1145462.852778312,37682.73433917032,605.150952758277,10.288350857949341,0.7992909490511508,0.06594985017029675,-40.033680912876676,107.59733643097019,-3.72802590987255e-05,9.507255418977175e-06,38.82414828756735,0.16681339630422984,9.313481302065483e-05,-0.004164841778251898,-0.11545824874899652,0.02135135458626421,-0.9787152638559907,1789623992.6479166,Unknown Fault,8,0.85,1
0.0767981730163106,15755.410860159545,1134441.6348500557,606.9413323112378,0.7367822055115222,-40.00104890707755,107.79418456075791,8.169816449287254,1869.1125063605277,1868.112506360528,0.1316088972442389,-0.054810724227928306,205153.45927322214,0.07625030525279934,0.0011510432611274825,1.3249005889869897e-06,0.0011928569055189436,1142886.1978899944,36113.242815147816,604.7177560262967,9.970950085624578,0.7980740920301213,0.06680577728114614,-40.042579279927786,107.57530057685786,-2.2349628522593704e-05,1.0547950260203725e-05,471.041371746665,0.3095429553177592,-0.0008047421536379075,-0.0013127114424152353,-0.15870222121658983,0.02058848943146832,-0.9756727448700918,1789623993.6479166,Unknown Fault,8,0.85,1
0.07421953898181437,34467.10085148281,1218917.8223634593,600.6645482909928,0.7050764829043642,-39.96702673786253,104.71731106476851,7.907002526243715,2029.2821106747801,2028.2821106747804,0.1474617585478179,-0.07324221956600353,464393.89578973415,0.07616703070318903,0.0012177117746882287,1.4828219662143553e-06,0.001371754713196352,1146882.8403299088,38686.00289914624,604.3094471887408,9.919432842158056,0.7940037332907753,0.06920488287168396,-40.054838553316685,107.61732596306729,-4.058418863895847e-05,5.542381078606259e-06,934.0273862577993,0.3336738621047257,-0.0015755680289121666,0.003205040406064556,-0.19189537637013893,0.1041937152558924,-0.9788976196973741,1789623994.6479166,Unknown Fault,8,0.85,1
0.07501309821474073,26720.274287161516,1131951.7431480952,610.2606814998625,0.6851995362278814,-40.019914213536154,109.44145412839461,8.226722405458151,1854.8659244538767,1853.8659244538765,0.15740023188605928,-0.08238713367131856,356208.1146237838,0.0760827157507008,0.0012217099494357191,1.4925752005502272e-06,0.0016224510985455992,1144805.6499192899,38032.27003524479,604.9472336555457,9.76782065307782,0.7877224929789846,0.07162655202112088,-40.048575972708385,107.76889322456513,-4.16964599101362e-05,1.3709194154478607e-06,1166.188504646853,0.2886740590789105,-0.0020976463560201,0.0023110171728473114,-0.17827270514716295,0.1306509367554504,-0.9781709243644592,1789623995.6479166,Unknown Fault,8,0.85,1
0.07649642591217648,18080.54907274613,1151061.104489133,595.4542413263807,0.6802894983078717,-40.11476812178298,105.08401707092756,8.088286788523321,1933.0807047828428,1932.080704782843,0.15985525084606417,-0.08335882493388769,236358.08937667139,0.07609090684361892,0.0012237680471457162,1.4976082332148397e-06,0.0016224510985455992,1147109.201662949,36569.22167709711,604.9365150434064,9.778079392781072,0.7802220408280323,0.07265864492388958,-40.04694420209355,107.73736599506873,-3.578826849590448e-05,5.905552953722649e-06,710.5977719982754,0.1087961673221256,-0.0022885524465726405,0.0006301485753948391,-0.17945843219379204,0.10174852758700484,-0.9737805764080947,1789623996.6479166,Unknown Fault,8,0.85,1
0.07657240233903413,17517.856343883443,1147173.0079386872,600.0746314415559,0.6911215561699623,-40.05199457230677,105.89647827051118,8.10247426269592,1911.7172228774944,1910.7172228774944,0.15443922191501885,-0.07786681957598472,228775.06528162572,0.07607632505311386,0.001215745761397345,1.4780377563556099e-06,0.0015444990262757918,1148108.5298011687,36214.22960603152,604.4222339257799,9.681682431786438,0.7726865333125685,0.0717337627224078,-40.05700737883108,107.70105483124354,-2.2883292111653196e-05,7.33105921446826e-06,461.99278120753985,0.1438686851547131,-0.0021181464265157624,0.0030488202556781265,-0.22253607293074917,0.044275049788201695,-0.9724223872923088,1789623997.6479166,Unknown Fault,8,0.85,1
0.07759831019455173,10977.351643782271,1179810.9405349123,619.087085839517,0.7159855660530801,-39.51348346174968,104.42314369160245,8.08572161514981,1905.7269445945913,1904.7269445945913,0.14200721697345997,-0.06440890677890825,141463.79755255295,0.07613471787901999,0.0012518510327100077,1.5671310080971128e-06,0.0016224510985455992,1149194.076252168,36737.7274249434,605.213414015786,10.033191821083694,0.7663056613785026,0.06935944234884613,-40.02761486676303,107.5225999690292,-8.212553560538001e-06,1.4475092909370257e-05,800.2679133373751,0.22809004560964424,-0.0016133316595278934,0.006153075259461524,-0.07729325630515138,0.006060643226544068,-0.9712573931691582,1789623998.6479166,Unknown Fault,8,0.85,1
0.0775217213593562,10584.810985295439,1119233.65929597,597.9953922521295,0.750956047506674,-40.12241564846583,106.2364379630772,8.347593608851295,1871.6426143030778,1870.6426143030776,0.124521976246663,-0.0470002548873068,136539.93744835677,0.0761582654086851,0.0012720201961086137,1.6180353793081962e-06,0.0017864571996825535,1147544.0083517064,37117.963777363824,604.5180891920918,9.906174118576269,0.7620868244015745,0.0669140049520703,-40.03540657422964,107.37527322077788,1.257370787580549e-05,1.6539532765165072e-05,636.6230239105397,0.2631131406936629,-0.0008538072974464078,0.0062779101702901624,-0.10588096674359375,-0.036465925909584744,-0.9663043725689964,1789623999.6479166,Unknown Fault,8,0.85,1
0.07566423561379472,23120.44818626657,1149569.5701195206,609.6737017644866,0.7905119304403686,-39.83045031680832,106.02023160796992,8.14429666904301,1885.5488875319616,1884.5488875319613,0.1047440347798157,-0.029079799166020978,305566.4013349441,0.07609399587974872,0.0012546484059736305,1.574142622612172e-06,0.0015444990262757918,1146443.8938407982,36630.86109861155,604.4754484357375,9.881565318398318,0.7606960839766294,0.06594036729086127,-40.03456531428428,107.3443270560228,1.9140517131239062e-05,8.797828278217635e-06,950.6047625571451,0.3729197254052245,4.051446338208215e-05,0.010009061672821831,-0.15124136380635972,-0.07938371304406461,-0.9656061945353638,1789624000.6479166,Unknown Fault,8,0.85,1
0.07739928550161596,11918.030669685366,1160808.1535377756,605.9104576449878,0.8284082106939161,-39.96440843079195,106.76700280230293,8.179219725368048,1915.8080849925038,1914.8080849925036,0.08579589465304194,-0.008396609151425982,153981.14585226422,0.0761223519997367,0.0012756420786511975,1.6272627128255479e-06,0.0017864571996825535,1149277.0379992644,34849.93070781019,604.6419994598272,9.86925110199714,0.7623530074371574,0.06709053123868282,-40.02987459214098,107.33239817994176,3.7153210631690226e-05,8.818046259523379e-06,518.5544863439294,0.358878300329933,0.0009284398812747952,0.010185551973387583,-0.13200484585622324,-0.0433066541899781,-0.9576312472621646,1789624001.6479166,Unknown Fault,8,0.85,1
0.0740320079264376,33779.44990156914,1147475.9400812807,595.0956777023225,0.8586618988789104,-40.382658206993234,109.43643836598561,8.127916047746181,1928.2209282912463,1927.2209282912465,0.07066905056054479,0.003362957365892816,456281.69284742774,0.07606102462125564,0.0013363630217751207,1.7858661259679316e-06,0.002083941004124859,1148586.1311010444,34707.28009220501,604.3292737246621,10.04142152647967,0.7667960030011842,0.06959665141126956,-40.04487520122857,107.45812272330976,1.2286130765437267e-05,5.043217011048833e-07,656.6447124761887,0.25347662339992166,0.0016697850564556852,0.00715140395966461,-0.02569788241328397,-0.12704167224332638,-0.9554904443727841,1789624002.6479166,Unknown Fault,8,0.85,1
0.07435524257357251,31479.175850961452,1149420.0876778648,581.9985052006379,0.8764966028492114,-40.489344669911766,105.83111863509222,8.153285518822548,1974.9536766964966,1973.9536766964964,0.06175169857539431,0.012603543998178202,423361.88762767677,0.0759513527554439,0.0013591515197823945,1.8472928537267925e-06,0.0018788397312213129,1150578.280095689,33237.52284500918,604.2011877084583,10.30165559093554,0.7733236193617617,0.07188884885157927,-40.05180778974954,107.52078794357266,6.900596301384855e-06,-1.1018888863642543e-05,174.64509029237195,-0.1439397287803513,0.0021475078864656803,0.0003370613075384363,0.10063386468181057,-0.167521414457802,-0.952425811537028,1789624003.6479166,Unknown Fault,8,0.85,1
0.07500459245166209,26447.146049993036,1119870.7518251594,598.742228226821,0.879096614997482,-40.247591798881366,108.64255007967068,8.274129030356676,1870.3720884054962,1869.3720884054962,0.06045169250125898,0.014552899950403111,352607.02292379393,0.07592177284566472,0.0013713328461162852,1.8805537748373912e-06,0.0018788397312213129,1151375.290173839,32237.689963420842,604.8600295710254,9.361892877644328,0.7809052894248211,0.07264539733263048,-40.04045045484975,107.60051242681674,-3.911355172698827e-06,-1.4021258945143531e-05,-615.1368190629964,-0.413630184453626,0.0022861864406185407,-0.006267349516097701,0.11952755318656189,-0.20923337519824695,-0.949498419834904,1789624004.6479166,Unknown Fault,8,0.85,1
0.07690259055179005,14946.281810417593,1135325.2259736545,610.9160927166633,0.8660514505745925,-40.06807856342762,110.52228977667649,8.203640117599665,1858.397969064807,1857.397969064807,0.06697427471270373,0.009928315839086321,194353.42428876983,0.07605605671669996,0.0012942695480574228,1.6751336630287653e-06,0.0018979981001279594,1149610.0397153914,31857.724053129274,604.7236233300448,9.24711281469907,0.7883440341932102,0.07145212983710246,-40.05077140607806,107.72074735087264,-1.8620443967561182e-05,4.152082349174806e-08,-482.47928522385314,-0.26306587140773857,0.0020639264244783823,-0.00421842148936352,0.20792950759860518,-0.3037006321405246,-0.950508205652653,1789624005.6479166,Unknown Fault,8,0.85,1
0.07517277101378018,27827.997785502892,1208208.4174626155,609.339160918877,0.8394206542057668,-40.07423463637395,109.99305132104213,7.927119670969303,1982.8176079158443,1981.8176079158443,0.08028967289711658,-0.005116901883336397,370187.2022304678,0.07601585818550174,0.0013054245551265841,1.7041332691274401e-06,0.0018979981001279594,1150668.1105663017,33313.80630596077,605.0142708669097,9.273387132701233,0.7944654394311635,0.0689671413250794,-40.051565298210676,107.85091777976257,-2.5557074685694684e-05,-1.7082155892223247e-06,379.8948818028887,-0.24696741737716504,0.0015158178075392187,-0.004471164423438508,0.20895975817581636,-0.32375392231960426,-0.9548741586843327,1789624006.6479166,Unknown Fault,8,0.85,1
0.07470955266329325,29822.793374216766,1155056.3905031185,599.4610573600083,0.8034086430795381,-40.33271275315181,110.37856287899999,8.07125542315418,1926.8247308506072,1925.8247308506072,0.09829567846023096,-0.02358612579693771,399183.1340313925,0.0759344761061416,0.0013208156096200009,1.7445538746158543e-06,0.001926349237552541,1150788.616095013,33324.01166479225,605.1913709432662,9.122131575326744,0.7983030698491019,0.06664979681455376,-40.054369470023886,107.97063772479888,-3.0332814888127005e-05,-6.871223760550001e-06,434.15849841001585,-0.3980350039067099,0.0007283948886003112,-0.009176803295928146,0.2739364480189943,-0.304079791726286,-0.9506248273841101,1789624007.6479166,Unknown Fault,8,0.85,1
0.07436063974302763,29155.439919864057,1084862.6489514783,582.6240251121168,0.7637009219204295,-40.518552907500954,106.5785546197247,8.447428634292912,1862.0286877849119,1861.0286877849119,0.11814953903978526,-0.043788899296757625,392081.6176490439,0.07581714910000716,0.0013251243738966491,1.755954606294986e-06,0.0020634023921829586,1150505.783936239,33848.21820815932,604.8409491105895,9.789626339444402,0.7992510479858724,0.06597898172702624,-40.059165067453954,107.90651096528163,-3.126714726055665e-05,-1.5231322800172809e-05,-762.9405223491249,-0.7444169655673417,-0.00017402556729757146,-0.016904508505277412,0.4181015406354895,-0.24372732376559259,-0.9505337394049613,1789624008.6479166,Unknown Fault,8,0.85,1
0.0748135039758073,28148.35771100168,1150081.250361956,602.5887514767113,0.7265664668058616,-39.85497830175281,103.62471551762657,8.204155283288712,1908.5674061182738,1907.5674061182738,0.13671676659706922,-0.06190326262126192,376247.017117446,0.07572391287814835,0.001310377405750226,1.7170889455006923e-06,0.0020064943630347387,1147949.3111539625,31272.16194434367,604.4607783663278,9.68459852047212,0.7971597089378278,0.067405682705537,-40.055606631746066,107.69599333893613,-2.7258959568930173e-05,-2.1412305258535416e-05,-131.9864339777288,-0.6926857724611165,-0.0010489712125943452,-0.01386744886107402,0.37258143452807563,-0.1981624453790809,-0.9507024094210191,1789624009.6479166,Unknown Fault,8,0.85,1
0.07433604211403404,31456.803904473043,1138144.8112751716,592.6303434388043,0.6978679916858125,-40.16142497759567,104.71943835746305,8.170942266927856,1920.4970246223947,1919.4970246223947,0.15106600415709376,-0.07672996204305972,423170.28200421575,0.07564606760423057,0.0013325202631239439,1.7756102516359045e-06,0.002088620353017351,1149571.0132253834,29627.18851541894,603.7115940297516,9.845028956963482,0.7923592291562795,0.06998329846347014,-40.06960202420577,107.62996018593587,-3.4487463476296144e-05,-2.5950668774978038e-05,-725.9600264250867,-0.7328980523078801,-0.0017583073682075467,-0.012403568935561602,0.37162009546128744,-0.13755199322580378,-0.9443142618610643,1789624010.6479166,Unknown Fault,8,0.85,1
0.07148555683048219,48644.75043696234,1105200.6589066142,604.5558459259983,0.6821363547595009,-40.20045096039859,110.20571698346498,8.273833662605295,1828.1200427625974,1827.1200427625972,0.15893182262024957,-0.08744626578976739,680483.6192619501,0.07551382273131882,0.0015560579430030793,2.4213163219829744e-06,0.0024375332732829713,1147304.9275122406,30746.55420374466,603.2310314134027,9.492560888884444,0.7856074988457565,0.0721167102060656,-40.082943534473415,107.6636562928385,-8.143606782044357e-05,-3.312778058786459e-05,-1012.7146427311086,-0.5965217848312899,-0.0021900454520533347,-0.011584517064667723,0.3984477037178097,0.059035529450718556,-0.9432409933875652,1789624011.6479166,Unknown Fault,8,0.85,1
0.07407957501251584,33456.1080780383,1168967.7512830924,626.0449597907939,0.6818552355902677,-39.60106586780604,108.58828669458654,8.128663348101444,1867.2265194399579,1866.2265194399579,0.15907238220486614,-0.08499280719235029,451623.92025583086,0.07553588759899652,0.0015314584655457119,2.345365031691626e-06,0.0024375332732829713,1147717.1801695668,30964.381959647904,603.7596580871927,10.342302171727983,0.7779704677652057,0.07258862219664437,-40.07080709621153,107.66662688893467,-0.00011453397163992527,-2.1528757649904967e-05,-699.1850422385795,-0.2899490614059184,-0.0022760235137519375,-0.005351748424996108,0.339829771335532,0.17694377043991022,-0.9423229032134381,1789624012.6479166,Unknown Fault,8,0.85,1
0.0746593718181238,29605.0511962939,1156954.5949607375,596.3622848406,0.6970690167136849,-40.021269714227145,103.89686109027133,8.141792339002137,1940.0197235309352,1939.0197235309352,0.15146549164315753,-0.07680611982503374,396534.9623944624,0.0754851587896726,0.0015386310542314034,2.36738552104524e-06,0.0024375332732829713,1148553.6123823547,30920.152048786666,603.0725558167907,10.239817885931158,0.7706538551991622,0.07114143598266338,-40.072700723863335,107.42358751725462,-0.0001187078420180372,-1.516237141753155e-05,-730.6505032976423,-0.2604306716244821,-0.0020026675078472648,-0.003925699550807774,0.3300558720219278,0.18762154941211634,-0.9448917201871498,1789624013.6479166,Unknown Fault,8,0.85,1
0.07566430466955074,23691.698990894147,1176586.3089176877,623.1639886887258,0.7253757766110729,-39.583548747210536,107.17310378001415,8.052755613995599,1888.084565659008,1887.084565659008,0.13731211169446356,-0.06164780702491282,313115.9282354219,0.07551268132388513,0.0015354321480074342,2.357551881134723e-06,0.0024375332732829713,1147123.2596713062,28682.205021884012,603.7813837781879,10.96691593361777,0.7648127933940856,0.06857827605220754,-40.05716785027831,107.44228835465165,-0.00012214336249658994,-8.678654784166659e-07,166.02799245160466,-0.05126395289810533,-0.0014131343371182239,0.0015978508347213104,0.32096252596463204,0.2129622323882319,-0.9379950147305696,1789624014.6479166,Unknown Fault,8,0.85,1
0.07552276752292929,24032.264639965455,1161767.5777427878,593.752832885696,0.762306500303833,-40.29334247621788,107.37966142731518,8.144309186493649,1956.6518480366408,1955.651848036641,0.11884674984808352,-0.043323982325154234,318212.1819445914,0.07538189492260174,0.0013820931423049155,1.9101814540062755e-06,0.0022117625960065,1148361.6793517182,28619.307161488778,602.6727017807774,10.514353175937607,0.761369457575696,0.06642265700284487,-40.07643334402028,107.32289232502072,-8.925279680950635e-05,-3.291857906469411e-06,138.0445737233106,0.03304979852195716,-0.0006004983265641747,0.0018724045406067966,0.2606564144176624,0.11991557850284175,-0.9354815796044529,1789624015.6479166,Unknown Fault,8,0.85,1
0.07422329861848445,33106.05377493669,1163318.8443993637,601.5174047615342,0.8020306385538443,-39.95002679767247,104.77497042978534,8.060403557146149,1933.9737058157948,1932.9737058157948,0.09898468072307787,-0.024761382104593416,446033.17814134463,0.0753384035865738,0.001400635695791589,1.9617803523255888e-06,0.002217159765461621,1150133.1614195225,28115.219634700705,602.4490071811773,10.47699713636879,0.76086747475763,0.06606508366300977,-40.07107304841145,107.14338897336611,-0.00010066066095862209,1.6806438187593803e-06,-17.18815385001407,0.0667561980519337,0.0003069431659936879,0.0029632257604716127,0.24053141602287548,0.10000833412103867,-0.9319457039854372,1789624016.6479166,Unknown Fault,8,0.85,1
0.07567098774278683,22096.515716064998,1106238.033447657,614.9159985204673,0.8382766233860113,-39.75934062771557,106.89740797759124,8.306225168865405,1799.0067523195792,1798.0067523195792,0.08086168830699436,-0.005190700564207534,292007.76116697775,0.0752910398544669,0.001368191908130382,1.8719490974734556e-06,0.002141183338603969,1148817.877201914,29342.041958761536,603.1908491975172,10.675016439039055,0.7633860969892584,0.06774654366199984,-40.04496529668877,107.0009195638249,-8.242387877395907e-05,5.949101573291359e-06,-532.5041758298895,0.12104552741485726,0.0011659250817092528,0.0024311420739531486,0.3230279480456287,0.1027823639848992,-0.9372681692012047,1789624017.6479166,Unknown Fault,8,0.85,1
0.07706862747960891,14336.539840375737,1146342.30155012,599.3818309272049,0.8653220107722585,-40.143041679653095,107.14167872968025,8.099662811309173,1912.5409587020729,1911.5409587020729,0.06733899461387077,0.009729632865738136,186023.03309694922,0.07530185803299884,0.001381074494872694,1.907366760387867e-06,0.002141183338603969,1149293.9038699165,29201.14569921887,602.8884691421558,10.671562310166422,0.768527689199688,0.07035968125829979,-40.05064500759179,106.97481933058178,-5.0944046000365184e-05,1.3437231130692065e-05,-699.1180669034923,0.12339018990302791,0.0018408330633903525,0.00196498551193303,0.2924806578842886,0.18856393862464021,-0.9334978941726275,1789624018.6479166,Unknown Fault,8,0.85,1
0.07665757813001543,17317.206919548884,1172823.821223477,597.1683966798488,0.8788969287184314,-40.063101316135686,104.91441682197393,8.031065338310862,1963.9750324099048,1962.9750324099045,0.060551535640784304,0.01610604248923113,225903.3919670402,0.07539937959892688,0.0013872702702367415,1.924518802682722e-06,0.0022117625960065,1147450.1438243173,26029.87011900091,602.74862307771,10.722575316541066,0.7754805070322507,0.07230736898146208,-40.05448799072271,106.98270356087001,-4.925289715513367e-05,2.7700036686807125e-05,214.32035514172327,0.04835031250856367,0.002225113980610133,0.0026861868995896178,0.30111714039251275,0.20818782156827065,-0.9209541778625566,1789624019.6479166,Unknown Fault,8,0.85,1
0.0749047539861941,28624.240247886006,1174057.5622799292,607.4772820732512,0.8768581961662031,-39.913308938382976,106.53516672086573,8.060242251813458,1932.6773147351348,1931.6773147351346,0.06157090191689846,0.013333852069295646,382141.83646023076,0.07539504582978501,0.001388638782652943,1.9283176686878475e-06,0.0022117625960065,1149134.3765895907,26333.014831927027,602.6372871006456,10.65825471104149,0.7831468534297835,0.07248899246454442,-40.050223779716596,106.86645206456886,-5.7681485883759366e-05,3.2447227254689794e-05,304.94328796976714,0.16712005668892926,0.002258098326110619,0.004335115923822052,0.29292703052147784,0.17400777989703722,-0.9222321588198991,1789624020.6479166,Unknown Fault,8,0.85,1
0.07405085913863359,32130.114904721162,1106552.6633153146,609.4473515689922,0.8595276841579076,-39.91437186894225,107.33632737593615,8.309066854487103,1815.665718238908,1814.665718238908,0.0702361579210462,0.0038147012175873823,433892.5338404121,0.07529722315884331,0.0013937361244973443,1.942500384728877e-06,0.002217159765461621,1147354.0389426379,27615.89522358967,603.1970115103501,10.6337357184262,0.790316380863785,0.07080556289515401,-40.04220792960295,106.9565444767692,-5.907556220893487e-05,2.8636198569147007e-05,-68.85140172043367,0.1581517325002489,0.001934578596997263,0.0049436901410751235,0.2805858363374817,0.18890286884883542,-0.9325667201748141,1789624021.6479166,Unknown Fault,8,0.85,1
0.07534990339971046,24925.351165869593,1129660.9796418517,614.3353053792814,0.8296414994762568,-39.783883350357435,107.08044361290105,8.176176748324671,1838.834541577284,1837.8345415772842,0.08517925026187162,-0.009829346862161165,330794.7328564906,0.07524832320127035,0.0013693709904644786,1.8751769095256672e-06,0.0013157451692143163,1146653.5578107645,27832.848546134148,603.767438467859,10.831594607265682,0.7958571785960367,0.06819825045925852,-40.03148348072498,107.00390309046477,-4.5837491260560546e-05,2.8979828439852154e-05,-233.98225915181183,0.229742952140904,0.0013056314449433936,0.007230358291688017,0.28464923294705313,0.2575814679087308,-0.9332303406511211,1789624022.6479166,Unknown Fault,8,0.85,1
0.07571688977730484,21158.433592896425,1087123.182149848,608.7927941100243,0.7919180135448819,-40.03027411604973,109.02866068110293,8.420436322244736,1785.7031040242196,1784.7031040242196,0.10404099322755905,-0.028324103450254212,279441.39880978566,0.07517306638458049,0.0012873996861001546,1.6573979517707766e-06,0.0013157451692143163,1142946.0474753617,29303.582872978066,603.3556667986794,10.429592033159292,0.7988944764957089,0.06623607694010815,-40.052155106897,107.1881237700448,-1.8012391395120818e-05,2.4793173815500924e-05,-451.91959185725455,0.4293273240928544,0.0004705537959647072,0.012421521847674184,0.16928562667385247,0.3719594187015657,-0.9457283586179652,1789624023.6479166,Unknown Fault,8,0.85,1
0.0754101212001504,23858.410385583713,1118836.5270915409,617.4250126100706,0.7523129353281202,-39.64983817789069,106.04786511640039,8.282502619375093,1812.1010717752254,1811.1010717752251,0.12384353233593992,-0.048433411135789514,316382.0718741416,0.07508860237821226,0.0011966053548270832,1.4318643752008498e-06,0.001309062095978225,1142930.1621871847,29316.537681824262,604.132851612997,10.721050866234084,0.7989487520085666,0.06619731733785796,-40.03325200807398,107.18058085617773,7.662356650204936e-06,1.7132401931851637e-05,-911.5928925787505,0.5055954630401971,-0.0004388139508572265,0.015432611161274602,0.21307743570649743,0.4517539028150403,-0.9519731941852926,1789624024.6479166,Unknown Fault,8,0.85,1
0.07540753168392238,24213.58160004036,1118200.3519776252,605.0037190094802,0.7170790358397112,-39.98574026035895,106.76240912712186,8.229795958791312,1848.2536831481914,1847.2536831481914,0.1414604820801444,-0.06605295039622201,321102.9596026803,0.07507833422101737,0.0011927168278153936,1.4225734313540151e-06,0.001309062095978225,1141675.3934615087,29674.639140303672,603.9460523027968,10.663410958925247,0.7960114362245403,0.06810811858662515,-40.03946360581601,107.21026795694382,1.6362651827969303e-05,1.4979681020355907e-05,-1073.4739844205558,0.5690427405226298,-0.001278902623482486,0.017899198052839214,0.20267423747342464,0.42967430161778947,-0.9499028877086216,1789624025.6479166,Unknown Fault,8,0.85,1
0.07332936833349306,37535.75129719208,1140071.3926055233,598.6378155213399,0.6917789730856887,-40.202778241541616,107.84455601264663,8.212896511018728,1904.4426580580468,1903.442658058047,0.15411051345715565,-0.08078114512366259,511878.83040917583,0.07491553753429243,0.0011414698170770258,1.3029533432978588e-06,0.0011867254088952506,1140845.9230242188,29416.944085429826,603.655146617851,10.704972990931669,0.7905462667202113,0.0707208735433722,-40.04899839824599,107.25337008535756,2.3427864133731044e-05,-2.6717146033898722e-06,-896.952545405447,0.5396876851926308,-0.0019170806923781262,0.01714223008868957,0.220600909954599,0.47442894574971345,-0.957069518819449,1789624026.6479166,Unknown Fault,8,0.85,1
0.07563262926584745,23086.554899240473,1132635.6887974164,605.4893686227524,0.680407070676987,-40.04704535483555,107.98682128079491,8.182562134376212,1870.6120164813335,1869.6120164813337,0.1597964646615065,-0.08416383539565904,305245.96491405333,0.07497956238786883,0.0011349881060005512,1.2881980007627182e-06,0.0012773866922749372,1140252.3129728644,29426.896867109805,604.0708942546681,10.56539611793861,0.7834160735921343,0.07245852901571151,-40.03557388415968,107.19538540194993,2.121187634645971e-05,1.357752385624465e-06,-906.4391523130041,0.4710242760825926,-0.002252593872728587,0.013823660094236679,0.18475622382922213,0.4621039482811117,-0.956493246146219,1789624027.6479166,Unknown Fault,8,0.85,1
0.07368025147672455,36320.4268164748,1136092.673103842,611.4914171169884,0.6847587019584843,-39.89780574303008,107.87007298143453,8.09980819147334,1857.9045286689425,1856.9045286689425,0.15762064902075784,-0.08394039754403329,492946.5642221424,0.07495256274399492,0.0011573272504029372,1.339406364525223e-06,0.0012965871518134109,1139719.2163899033,29376.66161585902,605.2506107313221,9.641100362695802,0.7757465575565051,0.07234769265799178,-40.01191232708442,107.27694357580363,2.975039023703133e-06,-2.419358876114535e-06,-853.1580809770496,0.3187975196560169,-0.002232472010622276,0.010557658154835356,0.12668128506144463,0.5404051540173341,-0.9435172911802338,1789624028.6479166,Unknown Fault,8,0.85,1
0.07786560717747863,8548.62004729222,1107565.3248349573,616.6948041308532,0.7041468400345264,-39.73010247080399,107.10600166686635,8.329053921261762,1795.9699310194753,1794.9699310194753,0.14792657998273678,-0.07006097280525815,109786.8540061262,0.07506700333302758,0.0012905946487359627,1.6656345473459027e-06,0.0013282625555166988,1139226.9993102953,29805.073693940103,605.9687137674833,9.796916097561933,0.7687485665579868,0.07044876267165273,-39.99121275396133,107.21548163929145,3.0384977024840005e-05,7.026107887981079e-06,-1348.447879439375,0.35935240291437043,-0.0018598919056461568,0.010802185187146745,0.21858235576385304,0.4123472123628294,-0.9451319940627457,1789624029.6479166,Unknown Fault,8,0.85,1
0.07626296734685921,18432.933942786472,1107974.0223563171,636.8235820084885,0.7355105242093976,-39.43325021476554,109.91662155696784,8.307236215224403,1739.8445246984406,1738.8445246984406,0.13224473789530122,-0.055981770548442014,241702.2912175684,0.07504141840483033,0.0012599277511757922,1.5874179381828891e-06,0.0013282625555166988,1138132.9511656016,30423.781255637954,607.0050133391564,11.489451755786195,0.7635269295033793,0.06783243558420635,-39.96581962001484,107.1912549105031,5.978051703244907e-05,1.9831318016637988e-07,-1675.9546308425022,0.6936403607846797,-0.001193675764082464,0.015183950531214073,0.306505659245892,0.33491265342722537,-0.9473115520241819,1789624030.6479166,Unknown Fault,8,0.85,1
0.07779135102289769,9272.936058142383,1118620.4761714758,605.3866879001158,0.7738981183767544,-39.85773687173703,104.77853989629934,8.237469923338507,1847.778450582712,1846.778450582712,0.11305094081162281,-0.03525958978872512,119202.66117261437,0.07514616160519505,0.00137048963367169,1.8782418360015626e-06,0.00133494562875279,1134549.4335139561,27047.578362532768,606.846914418406,11.483437450167315,0.7609060280702187,0.06609295240296788,-39.95715970942936,106.9826744535134,8.647803651949227e-05,3.2527985510588315e-06,-1155.3151216642952,0.70204344791382,-0.0003390044659197383,0.01509748727480274,0.3154982513549247,0.327220482900659,-0.9346959201397012,1789624031.6479166,Unknown Fault,8,0.85,1
0.07535983835622159,24154.86071156072,1093928.181971628,595.3870037897171,0.8132490654842133,-40.2995110986277,108.15070009778836,8.286002946736298,1837.3397051138675,1836.3397051138675,0.09337546725789336,-0.01801562890167177,320526.9708433037,0.07517217303291218,0.001368125161328782,1.8717664570609053e-06,0.00133494562875279,1132104.3051726965,27834.778144409724,606.6839522755944,11.615245399780996,0.7612996449664057,0.06637361128041558,-39.955831643248395,106.89355994226493,8.408434787918099e-05,-2.4737487419073534e-06,-1325.2109506249312,0.5224010869111788,0.0005691881833795608,0.008181790168055203,0.29055735636898317,0.3393881393676,-0.9289711953344861,1789624032.6479166,Unknown Fault,8,0.85,1
0.07589519002730187,21392.71288296553,1145632.416379574,597.9522886625837,0.8473507162323586,-40.26618281746148,108.63485803784167,8.187324119098232,1915.9261334076753,1914.9261334076753,0.07632464188382071,-0.0004294518565188393,281871.7875964195,0.07523355504428315,0.001364758365969734,1.8625653974843785e-06,0.0013808476632708039,1134535.0958698203,26209.07398874216,607.2970828176129,10.697311382264926,0.764645636738883,0.0684851914129073,-39.94573683964682,106.97581207898962,8.264301800547119e-05,-4.597581743971051e-06,-1672.7526401582438,0.20120184346399855,0.0013875185338362882,-0.00031020254412952067,0.2262487460998206,0.35499829429765556,-0.920286737122929,1789624033.6479166,Unknown Fault,8,0.85,1
0.07713663075795721,12839.864986359094,1099928.3224148557,601.1074996649052,0.8708191697953521,-39.97862298835799,105.08698930924896,8.36896583130566,1829.836298878361,1828.836298878361,0.06459041510232394,0.01254621565563327,166456.12934078753,0.07532648011556915,0.0014112903668220815,1.9917404994848052e-06,0.0015591479132678332,1132528.9787519365,26853.8430664121,607.2378327451407,10.727285885143056,0.7704157448584624,0.07106222015042257,-39.95068262711103,107.0343030306545,9.600936006231947e-05,-4.249863651980493e-06,-1836.7382348211768,0.09698391633767975,0.001986790216565793,0.00029381838516902493,0.2178322061216385,0.39970746846836086,-0.9317770853317299,1789624034.6479166,Unknown Fault,8,0.85,1
0.07375536473549821,34918.805975863754,1131020.754938897,602.9241669978544,0.8799492733800885,-39.8854462409743,104.26229909712316,8.201111221609889,1875.8922213561261,1874.892221356126,0.060025363309955726,0.013730001425542482,473440.89614483935,0.07530325302042772,0.0014320259933536539,2.050698445640519e-06,0.0016718914088174192,1132244.0164984853,26830.526840061215,607.6495856875027,10.349602925225144,0.7776989961262335,0.07256838208805239,-39.93964347764617,107.0160174602409,7.160237653862135e-05,-1.4591212776803055e-05,-1794.501975555341,-0.08890942977755772,0.002272391409654304,-0.0012114230937999028,0.18064987735361362,0.29347481766977546,-0.9316680021288193,1789624035.6479166,Unknown Fault,8,0.85,1
0.07493090254591254,27677.884311746744,1147490.5147033585,592.9128757780678,0.8732995843833089,-40.21639202529165,105.74923845064097,8.166250693652986,1935.3442328226208,1934.3442328226208,0.06335020780834555,0.011580694737566996,369378.7659208779,0.07544106684904492,0.0012059267893899154,1.4542594213682695e-06,0.0012358182091780773,1133935.6107303551,26401.897283656064,607.1838668815855,10.7331897604282,0.7853455253111856,0.07216641069296519,-39.94028112024189,106.83775831892794,2.998833333594926e-05,-6.183630778741806e-06,-1924.1986449675312,-0.2558779957873856,0.002199231964513828,-0.006374099899590003,0.08373856590868081,0.15428481363844931,-0.9320944393037754,1789624036.6479166,Unknown Fault,8,0.85,1
0.07754898114769425,10950.224985058037,1158991.046289742,606.671887308941,0.8519199424842048,-40.052478680396305,108.55308083660834,8.186361966398309,1910.4083616446505,1909.4083616446508,0.07404002875789761,0.003508952389796635,141203.98260556153,0.07557984309445205,0.0012403976305441597,1.538586281859566e-06,0.001358213360665106,1133536.542530621,25940.737921717653,606.4089439823114,10.0190672633565,0.7921481135869434,0.07007561732352095,-39.958337632745504,106.83635008460882,3.583108541972918e-05,4.04502004534471e-06,-1342.5962958150483,-0.07199303198125064,0.0017788621489017464,-0.00401761716127219,0.12792050834603316,0.1433503841615262,-0.9249757850755366,1789624037.6479166,Unknown Fault,8,0.85,1
0.07693379377960234,14433.717738134705,1108716.5218341732,608.8089927425863,0.819185723042955,-40.081474285204536,109.90275488899401,8.278926310092217,1821.1237597519448,1820.123759751945,0.0904071384785225,-0.013473344698920156,187612.19262739067,0.07567081997291121,0.0012528950845686713,1.5697460929363376e-06,0.001726675584102888,1131607.0196055586,25921.11022149698,606.9068122983908,9.814623321003445,0.7970327818401141,0.06748608794294918,-39.9607458155846,107.07658583655774,3.9124378980910666e-05,9.214019683878522e-06,-1337.5236548657106,-0.15030532714967326,0.0010776491136092715,-0.005783583998787329,0.09397623355887084,0.11802607900660306,-0.926212115363948,1789624038.6479166,Unknown Fault,8,0.85,1
0.07572405560461812,23234.194751442767,1173057.5699119375,621.2165672710759,0.7802649395491263,-39.88763639867455,111.55881797282392,8.063404816843745,1888.3230610945034,1887.3230610945034,0.10986753022543683,-0.03414347462081871,306827.13129836385,0.0756732100103139,0.0012529373663474825,1.5698520439897656e-06,0.001726675584102888,1131465.8700453285,25684.323975213738,606.8289154416848,9.692249230213427,0.7992283483576362,0.06599552196155911,-39.97290932164316,107.25201440427013,3.955063177844679e-05,5.644216014604972e-06,-505.1102973778435,0.14435648265538467,0.0002062989786328192,-0.0013367571589539132,0.10117765600852482,0.11996660867941418,-0.9253487392645885,1789624039.6479166,Unknown Fault,8,0.85,1
0.07555967378028268,24016.212708017574,1167299.0552430123,601.6373200568687,0.7413023279259844,-40.10934121148578,107.48577012343381,8.109409131658534,1940.2038675604024,1939.2038675604024,0.1293488360370078,-0.05378916225672513,317844.3143872415,0.07567468626060804,0.001252780972882173,1.5694601660156041e-06,0.001726675584102888,1131687.1291453375,25966.680368417758,607.1442949285316,9.385040225006673,0.7983881814625223,0.06659122372911151,-39.965549271053874,107.25625875211486,3.6998180165851016e-05,2.0888386544100894e-06,128.67464295998377,-0.034326761841267976,-0.0006976212289666146,-0.005800459995556011,0.10021528768815854,0.11941320649649778,-0.9293485835659308,1789624040.6479166,Unknown Fault,8,0.85,1
0.07709102544929042,13241.8379982506,1102082.2321890516,616.890504533737,0.7084492278386914,-39.713473809616374,106.90384921008828,8.334998595380666,1786.511907849896,1785.5119078498963,0.14577538608065432,-0.0686843606313639,171768.86571525666,0.07578939533384027,0.0012459059430476053,1.5522816189213427e-06,0.0015838903798918863,1129237.664656925,25754.688769829827,607.7592189194198,9.499153481185008,0.7946449250339163,0.06887241119970887,-39.956087151531634,107.34141390332698,3.555820394783724e-05,9.666701569907226e-06,171.71582359606847,-0.0006306517708866557,-0.0014914023838118336,-0.0033183848484726916,0.1536099431955164,0.0641828953639353,-0.9284190489039447,1789624041.6479166,Unknown Fault,8,0.85,1
0.07471320798429427,29517.154476975393,1163086.4648053609,592.7586382673629,0.686892421416878,-40.132381753227094,104.28913008188368,8.10797822119239,1962.1586084431763,1961.158608443176,0.156553789291561,-0.08184058130726672,395072.77592979674,0.07575108414350057,0.0012635585565236966,1.5965802257642478e-06,0.0020028912336897964,1131511.601911233,26130.509608948018,606.8729245092957,9.818366264472298,0.7885895569551508,0.07137938511418067,-39.971008796552084,107.2370827874987,2.4440090964570542e-05,3.0666689326214263e-06,254.16997441202741,-0.06752975408709158,-0.0020497238952173883,-0.002978254395193191,0.18372767384702318,0.1122114726084812,-0.9289728103568521,1789624042.6479166,Unknown Fault,8,0.85,1
0.0741135355928197,32735.87829278326,1146238.58524102,624.628314952097,0.680035254403365,-39.648184483289235,108.83214336694198,8.187819909787644,1835.0730471271152,1834.0730471271152,0.1599823727983175,-0.0858688372054978,441699.0503952532,0.075632880468029,0.001272962650434725,1.6204339094018e-06,0.00175282414382133,1131507.453258869,26128.16278770258,607.8827838702913,10.283287239164537,0.7811780867003951,0.07263562082951995,-39.95121450869754,107.30470137298917,2.2499691550138276e-05,-1.0621598384182418e-05,538.4183553835443,0.021455221871704698,-0.0022844390729089502,-0.0017186664883921802,0.13991601652721944,0.13314707151895422,-0.9313020205016966,1789624043.6479166,Unknown Fault,8,0.85,1
0.07452096444576578,31618.220280875234,1210388.0407909222,607.8137846751637,0.6889603226941575,-40.03815251917313,108.76931775953632,8.002231372456379,1991.3797141632692,1990.379714163269,0.15551983865292124,-0.08099887420715546,424286.2463741471,0.07554741592065901,0.0012730215230812288,1.6205837982280514e-06,0.0015497593625649342,1133010.022041567,29343.267896036203,608.308599390104,10.048529459932894,0.773580622459424,0.07194732591914398,-39.950216556819036,107.45889741049166,2.2482827964495964e-05,-2.10521111501053e-05,1679.7105353254965,-0.08632556568005323,-0.0021584915512477027,-0.003640039274856018,0.1726357854875365,0.1283761371480257,-0.9326675580445102,1789624044.6479166,Unknown Fault,8,0.85,1
0.07632066976330713,18576.787340391245,1130029.1996450687,603.0447704695013,0.712258554250592,-40.059380589469114,107.21279479830761,8.210410899690796,1873.872811740467,1872.872811740467,0.14387072287470398,-0.06755005311139685,243404.40666995366,0.07560405255174354,0.0012746655937828726,1.6247723759738433e-06,0.0016074617790128587,1131248.8875361725,28122.680629236576,608.131298925954,10.10060300722261,0.7669966367827997,0.06969099218888701,-39.95605942286249,107.48600253358933,2.3193936398137188e-05,-1.778657985510951e-05,2062.6706540491346,-0.143227928884913,-0.001691765674569132,-0.004278631084188404,0.1637265675814495,0.1450944169894993,-0.9261003239195797,1789624045.6479166,Unknown Fault,8,0.85,1
0.07617070208213077,19813.70757872863,1154518.8418340466,599.5184422060428,0.746251670591559,-40.02321333777331,105.1935437708753,8.156367108998905,1925.7436645080904,1924.7436645080904,0.12687416470422053,-0.05070346262208976,260122.4228885875,0.07568884626948341,0.0012385191471576404,1.5339296778760892e-06,0.0013897672173945885,1133167.5346769216,28008.346081367654,607.734142551436,10.23535149256893,0.7624655962401456,0.06716426445387448,-39.96041308161573,107.40029118938688,1.2892613316766005e-05,-1.1337261702217616e-05,2030.5079899747773,-0.2095706952537106,-0.0009579471964295058,-0.004481637836470622,0.17390023832719415,0.22302152823264998,-0.9243988425636009,1789624046.6479166,Unknown Fault,8,0.85,1
0.07647870371622664,17941.410614251072,1152904.276818607,609.1998101306182,0.7855729060876571,-39.94506277239526,107.75376553398216,8.137726548734582,1892.489553749883,1891.489553749883,0.10721354695617147,-0.030734843239944826,234593.55013158266,0.07573399828214407,0.001245893524470295,1.5522506743170133e-06,0.0015478011703140976,1134097.266563992,28261.153042966303,607.5287227414894,10.152001581413984,0.7607028525046018,0.0659453181496977,-39.966860258497235,107.42722406623012,1.6794176435127595e-05,-8.408892834130338e-06,2177.6277517011704,-0.1300298277828051,-7.288991932213713e-05,-0.0025746453618526416,0.18788542376529221,0.24673889344734787,-0.9308551317989782,1789624047.6479166,Unknown Fault,8,0.85,1
0.0758028854329468,22962.11458716309,1183347.7471848552,620.6125973099885,0.824014302249604,-39.72404101949946,108.54172902444326,8.024155239304466,1906.7414234161722,1905.7414234161722,0.08799284887519798,-0.012189963442251178,302918.74057320366,0.07573743810836975,0.00124596025275964,1.552416951456866e-06,0.0015478011703140976,1137946.2491653925,28153.861434013572,608.001514869488,10.470109818178281,0.7619867040527906,0.06684680131965025,-39.954610934635234,107.40774679996375,1.7258972778760542e-05,-9.72162214633001e-06,2162.5067286753892,0.003385112688687986,0.0008236750733422241,-0.0009673755773980621,0.18569200323853155,0.24569641393315134,-0.933360906156653,1789624048.6479166,Unknown Fault,8,0.85,1
0.07370943719829881,34961.10318723612,1137825.1927335022,615.1354685964347,0.8555068078730717,-39.79544905364982,107.59015018674157,8.228970009064321,1849.7148202650349,1848.7148202650349,0.07224659606346417,0.001462841134834636,474309.72906740644,0.07566941074829568,0.0013069105872445563,1.708015283051911e-06,0.0017654957319323678,1138705.7957910707,27882.903895502914,607.9099331089426,10.397040532300853,0.7661144589545887,0.06926437473065201,-39.96043536966559,107.4694382027774,-4.734204704087686e-06,-1.6899375200571772e-05,1970.2920639501967,0.16347197065094485,0.0015901998828981136,0.003549538583758767,0.1477389848843144,0.1439585540087417,-0.9304360920915442,1789624049.6479166,Unknown Fault,8,0.85,1
0.07769792512007473,10166.163309483552,1159997.168477824,588.001907916402,0.8750784487775076,-40.55645742480257,109.4498438602265,8.14056769538691,1972.777898949852,1971.7778989498518,0.06246077561124619,0.01523714950882854,130842.14660523711,0.07576102648574178,0.0013643582506769998,1.861473436190403e-06,0.0022205857953080665,1140377.668451079,27856.330419683116,607.2298606652195,11.097355034808603,0.7724344354721007,0.0716683935774289,-39.98326405624334,107.57693559210156,1.1371752699370416e-05,-8.368267621010656e-06,1961.773373693462,-0.049356556736361114,0.0021056670962685906,-0.0022052523705930966,-0.022709301301765603,0.21251701151257102,-0.9324092863541457,1789624050.6479166,Unknown Fault,8,0.85,1
0.07532008290954015,23576.493016416818,1085132.548194192,608.1951677546283,0.879639293205456,-39.994037129934036,108.17753748750033,8.416063362692292,1784.1847579952828,1783.1847579952828,0.06018035339727201,0.015139729512268135,313017.35348236834,0.07584065506878365,0.0012753005605240584,1.6263915196729775e-06,0.0020028912336897964,1138180.1146746255,29886.837941514183,607.6121547545509,10.958534715861877,0.7799488482768911,0.07265944779946357,-39.97491441177903,107.59025485109574,-1.7015077218824145e-05,-4.020603454933818e-07,1448.7556590204908,-0.1263664811959979,0.0022886957745585222,-0.004499837980720766,-0.09906686594075524,0.11273075765748206,-0.9411576796205944,1789624051.6479166,Unknown Fault,8,0.85,1
0.07544598621374922,24243.183453244357,1129805.801799232,611.1330026618419,0.8684692841056163,-40.09678995003807,111.09874356590838,8.18709253579371,1848.7069048443896,1847.7069048443896,0.06576535794719185,0.00968062826655737,321331.6528802469,0.07583318934669973,0.0012770416334186685,1.6308353334846209e-06,0.0020028912336897964,1138066.919194698,29912.970551898394,607.8379001161145,10.970602905559895,0.7874713368140362,0.07169309313730185,-39.97690419558714,107.71473174250028,-2.2738432371581146e-05,7.970732497990979e-07,1316.0100506293825,-0.1150942079851441,0.002110389713901558,-0.00634615237983084,-0.09414226387317168,0.09039750158868286,-0.9404669952036901,1789624052.6479166,Unknown Fault,8,0.85,1
0.0765342402452728,17157.818043347233,1128547.4318467302,589.0029880074065,0.84333192030863,-40.36904330461356,106.70564851827078,8.226855621635893,1916.0300623679332,1915.0300623679332,0.07833403984568499,-0.001799799600412183,224184.8614209899,0.07594734889744166,0.0012050129319122244,1.452056166075695e-06,0.0016137108700621933,1137765.1095444136,29969.378335951016,606.9383629517313,11.541281995864058,0.7938142655480422,0.06929998294259977,-39.99575369805048,107.6681547639737,-3.779657200758153e-05,1.4751377880863084e-05,1208.3953988165017,-0.25241976513371095,0.001598899520680747,-0.009174913476042641,-0.10190916685137395,0.0032731343040282457,-0.9617456760403276,1789624053.6479166,Unknown Fault,8,0.85,1
0.07634020920198958,18438.20593728264,1142509.8364372526,590.4264027361229,0.8081958388375392,-40.38551522046926,107.56655814767497,8.214140432416132,1935.0588509299275,1934.0588509299273,0.0959020805812304,-0.019561871379240814,241526.79341625518,0.07588633297842211,0.0011433801639438464,1.3073181993002569e-06,0.0012141573357326574,1139162.8900085054,29336.48351607905,605.887626895942,11.798110496021266,0.7979762255001627,0.06687173560843128,-40.02197020803709,107.68657702320607,-1.4987586396000265e-05,1.1406079347744769e-05,950.1950307327592,-0.30727344764041575,0.0008349782497563304,-0.010116199872058878,-0.2042481578481706,0.09983657157929053,-0.959391092790874,1789624054.6479166,Unknown Fault,8,0.85,1
0.07603322687019744,21519.478034459033,1171475.0651355048,599.8244587172798,0.7686082543842693,-40.21276213725688,108.4943792971893,8.012565199026046,1953.0298374972833,1952.029837497283,0.11569587280786536,-0.039662645937667926,283027.2884668791,0.07587714335935564,0.0011412373657218667,1.3024227249197855e-06,0.0012141573357326574,1141702.9317196729,29275.086695605078,604.4076619642938,10.009708420474015,0.7993001347071576,0.06594313340511082,-40.05315068493674,107.62968733281492,-9.865299095241471e-06,1.1718815935102354e-05,936.5725861524088,-0.053881602779526666,-6.0767727298030465e-05,-0.005990156209064631,-0.2723655247586673,0.11180605454952655,-0.9498288877084694,1789624055.6479166,Unknown Fault,8,0.85,1
0.0749939760861475,27951.744850100888,1179977.1277559153,596.8001080206956,0.7308191760819537,-40.11151284458432,105.5723748971451,8.072459979704183,1977.1731135728892,1976.1731135728892,0.13459041195902316,-0.059596435872875664,372719.86776633904,0.07576524836188563,0.0010837591857018245,1.1745339725930818e-06,0.0014847276300791468,1144157.1977830504,29804.225409307237,604.064198769117,10.116963531877394,0.7975769770153656,0.06713644867936146,-40.06330172385063,107.66144073284875,1.1244642490271347e-06,1.3299676213925214e-06,1059.048301774213,-0.11431491828528885,-0.0009469198163731759,-0.004574745704583663,-0.3513335549087092,0.17297401129870318,-0.9527758091420065,1789624056.6479166,Unknown Fault,8,0.85,1
0.07538479433556435,24097.893478184415,1116754.6417172854,601.628049113523,0.7007946684880577,-40.038553199131506,106.29517292935795,8.27030252592849,1856.221037836887,1855.221037836887,0.14960266575597114,-0.0742178714204068,319665.17506058555,0.07576624660105934,0.0010833967398186576,1.1737484958496964e-06,0.0014847276300791468,1145070.2561728766,28575.79427780956,604.3138405820691,9.975784408652794,0.7930788011355193,0.06965570465156812,-40.05286340787078,107.58721964611154,-6.441519127501884e-06,1.6832784052518048e-06,303.811472283694,-0.22357440336169168,-0.001683574087321387,-0.00670839153187009,-0.37900352843610796,0.1897180596664164,-0.9606070850039664,1789624057.6479166,Unknown Fault,8,0.85,1
0.07242888279637177,44096.01261507962,1138866.8409344128,611.652940733255,0.6832749411726118,-40.12337363487069,111.7623945340576,8.140191480102278,1861.9494244058224,1860.9494244058221,0.1583625294136941,-0.08593364661732233,608818.0697064203,0.07562759431182213,0.0012646655165875589,1.5993788688456774e-06,0.0015478011703140976,1144799.6331550705,28601.21387722625,604.861866664896,9.98757547699414,0.7865157701331295,0.07192566781300797,-40.04715104056715,107.71232110596016,-3.595851998526936e-05,-9.664766974536932e-06,252.17077984176683,-0.21944438269944622,-0.002154429028318296,-0.009492449261622299,-0.2876414013143785,0.30546132423900746,-0.9540997366763265,1789624058.6479166,Unknown Fault,8,0.85,1
0.07523277067650685,26296.448348951413,1168751.8310637984,605.9283710123751,0.6810259738548584,-40.13879538860723,109.71434971184192,8.085587556816849,1928.8613753323139,1927.8613753323136,0.1594870130725708,-0.08425424239606394,349534.49291431025,0.07555143990856411,0.0012283025539335478,1.508727163999676e-06,0.001409306656077039,1147552.5735010281,27438.3251126412,605.0547015187948,9.959727156196571,0.7789240422955097,0.07263958091671226,-40.05355793657712,107.89741552206388,-2.4512681388367244e-05,-1.4101366256778923e-05,24.554883904801862,-0.24714339718416298,-0.0022851469973416486,-0.009653116567592926,-0.3082903887490489,0.26657273348541305,-0.9511334782749243,1789624059.6479166,Unknown Fault,8,0.85,1
0.07385184548693662,34577.86153203074,1159103.1779994592,600.2381882044194,0.6944028290239646,-40.2152712643248,108.70471107552571,8.169746851559493,1931.0720323657756,1930.0720323657758,0.15279858548801772,-0.07894674000108111,468205.78827846755,0.07555529913862165,0.0012227925732404424,1.4952216771719825e-06,0.001409306656077039,1148675.8704234504,27313.083066241186,604.9472623670573,9.996549743839564,0.7715021845212648,0.0714068222932692,-40.06675093751114,108.0751120012,-5.816199701097246e-05,-9.734547971057975e-06,-34.14233711560651,-0.3129088652954937,-0.002055090501310124,-0.009464738021543226,-0.2189253075299759,0.4216558749956627,-0.9482170898990326,1789624060.6479166,Unknown Fault,8,0.85,1
0.07705088157708198,14585.380265743492,1179070.3788193956,605.1109385616913,0.7212935953790981,-39.95282765174203,106.25424618968601,8.067635622529796,1948.5193601390974,1947.5193601390977,0.13935320231045095,-0.06230232073336897,189295.43656359368,0.07564009829986844,0.0012497626208338901,1.5619066084335937e-06,0.0014847276300791468,1149939.064988092,27951.845895632217,605.4351848784023,9.690250336132662,0.7654219449610963,0.06890785607688318,-40.05620836256915,108.09531231076178,-5.0600586583045087e-05,3.712838796457588e-06,234.568798569119,-0.4317418740041535,-0.0015005804024635291,-0.009909549338402603,-0.20691738081127126,0.4281500621264667,-0.9502064982337457,1789624061.6479166,Unknown Fault,8,0.85,1
0.07605599292128393,21946.95560118554,1213851.5947594482,610.0185700422596,0.7574528121871087,-40.07213068087392,110.23045113759697,7.9148535807290115,1989.8600704489331,1988.8600704489331,0.12127359390644565,-0.04521760098516173,288563.13300518075,0.07558037877081202,0.00119143005277642,1.419505570658823e-06,0.0013462331158420882,1152133.4869268804,30604.00505128862,605.5690521877351,9.729447599260395,0.7616432597492125,0.06661289895544563,-40.05699444258826,108.16240712280134,-2.7672730830182286e-05,1.724155670872903e-06,915.0504248596751,-0.3770666789554692,-0.0007091616528384847,-0.010019227762564198,-0.21946688783918003,0.3768532280799976,-0.9643530349557031,1789624062.6479166,Unknown Fault,8,0.85,1
0.07624586908253567,19372.849890588946,1144560.091701087,614.794724343557,0.7971717341830777,-39.8627782724692,108.58993403942853,8.14837395821999,1861.6947191978322,1860.6947191978322,0.10141413290846113,-0.025168263825925463,254083.92774194703,0.07555286178292935,0.001167559074649267,1.3631941927958531e-06,0.0013266936771596377,1153567.2297215567,29350.339777818608,605.8084814517739,9.878737606161287,0.7607627001948174,0.06598900225542903,-40.04824660207885,108.10989428881871,-7.995593249445327e-06,7.886169420948747e-07,410.9725103098978,-0.25950722273783183,0.00019421812871923478,-0.008471261541474063,-0.19262064164063483,0.35972222947237686,-0.9615491613438988,1789624063.6479166,Unknown Fault,8,0.85,1
0.07572065259001555,22163.702865658168,1111728.9854482554,628.716164786814,0.8341796169237304,-39.56575535755234,109.02962446687421,8.242089516957122,1768.2525879149648,1767.2525879149648,0.08291019153813478,-0.007189538948119231,292703.5373778679,0.07555272566234525,0.0011675393061826094,1.3631480314813692e-06,0.0013266936771596377,1151114.0863430097,30170.30237772101,606.1084653524034,10.439999053509936,0.7629192872898016,0.06745580630053027,-40.03537136043396,108.00872654858074,-4.734816813300393e-06,1.390460850043473e-06,219.67673430630614,0.10602917393248067,0.0010669351382215212,-0.0024113941733402665,-0.16875023551771148,0.35647073233844173,-0.9582338436788609,1789624064.6479166,Unknown Fault,8,0.85,1
0.07733063829267992,12477.690675293494,1136694.9380232093,595.3439606424068,0.8626337294538546,-40.130412287334,105.29998556832793,8.146113618883557,1909.3079180590946,1908.3079180590946,0.06868313527307268,0.008647503019607233,161355.07155738331,0.07562356424284113,0.0012184280564666605,1.4845669287851233e-06,0.0013462331158420882,1149889.9216542176,30109.581717068173,605.856730975825,10.61911234034405,0.7677725433509164,0.07004112214276673,-40.03621420346789,107.9212951663765,1.1746165569163198e-05,7.896055644049657e-06,248.42659266202315,-0.038046937884374146,0.0017712065491746081,-0.004028393547551155,-0.18558441198240958,0.4081110753605682,-0.9529448471484887,1789624065.6479166,Unknown Fault,8,0.85,1
0.07554288820850948,23986.182879400138,1180359.379838045,604.9774325028023,0.8780417930541361,-39.91274036778462,105.53173786363878,8.130844711158918,1951.0800179022833,1950.080017902283,0.06097910347293195,0.014563784735577526,317517.4188891845,0.0755616387532099,0.0011810397164034455,1.394854811722331e-06,0.0013266936771596377,1153021.0075601772,29025.776830724746,605.3802080945876,10.377843374979202,0.7745562459595342,0.07214805774659303,-40.04418486579462,107.8664107125185,2.567607577828686e-05,1.0507880298997719e-07,51.60623509184923,0.06417419640530668,0.0021958433913128474,0.00033876887419414023,-0.275121118935544,0.4503553532218645,-0.9350454023821437,1789624066.6479166,Unknown Fault,8,0.85,1
0.07486219709780408,28702.757030880584,1157592.3278839139,601.0312716235818,0.8779712132746804,-40.12122422241299,107.44111514752453,8.087146822121355,1926.0101471207627,1925.0101471207624,0.06101439336265979,0.013847803735144285,383407.8900113195,0.07556759831775028,0.0011771128449302485,1.3855946496997831e-06,0.0013266936771596377,1152801.2420833195,28969.479894539403,605.7111134288364,10.098242605343708,0.7821993976338463,0.07257625536181285,-40.043738564562055,107.99249011514415,1.0735383577692276e-05,-1.0781255581303303e-06,194.45761053202477,-0.10218553083007044,0.0022738048441799433,-0.0012543325227617431,-0.27950955718284726,0.3799667500234333,-0.9316489148032496,1789624067.6479166,Unknown Fault,8,0.85,1
0.0736564415808011,36742.68177344779,1168096.7679308187,596.7907617169894,0.8624331331107558,-40.14904090323853,106.1952002962214,8.071615976194515,1957.297000660936,1956.297000660936,0.06878343344462212,0.004873008136178983,498838.67567972414,0.07554931455726956,0.0012028255153631441,1.4467892204086135e-06,0.0013266936771596377,1153675.5693909114,29087.827401925217,604.5976112994321,9.465891567720753,0.7894953127821419,0.07109205349653612,-40.063772821360025,107.88701239231534,-2.144669047422144e-05,-2.3272180250367655e-06,270.0205114705642,0.00464477629317947,0.001992782508585064,0.00172918670218361,-0.16837536877339065,0.23994984349132667,-0.9324566098950067,1789624068.6479166,Unknown Fault,8,0.85,1
0.0760056028288217,21130.99230200491,1147019.1102335795,625.6875902388001,0.8338806737688487,-39.53973584442974,107.41651361625853,8.109014917753312,1833.2137765363188,1832.2137765363186,0.08305966311557567,-0.007054060286753969,278018.8764451446,0.07560870009259178,0.0011871353671760246,1.4092903800001546e-06,0.0010878990868002786,1151140.8121686175,26698.255939983566,605.3125635219775,10.318414806089795,0.7952921268251296,0.0685199829160993,-40.04383615437029,107.83290022658423,-2.7518299851854616e-05,5.775973326198329e-06,775.7009870953041,0.2314832387215855,0.0013971436321978982,0.006822654126485944,-0.11770054192227092,0.2071350134553624,-0.926806375315002,1789624069.6479166,Unknown Fault,8,0.85,1
0.07484517615750814,28837.45081562394,1144860.382335179,618.8171293639259,0.7968216407674059,-39.65742091559394,106.71837175161494,8.083385035586106,1850.0786872399058,1849.0786872399058,0.10158917961629704,-0.026744003458788898,385294.7149851967,0.07554968034835982,0.0011869497753856444,1.4088497692880318e-06,0.0012518929963881709,1151734.0594762221,26385.50117945117,605.9434578777544,10.637709948687652,0.7986746502858021,0.0663916952893725,-40.02775776741528,107.81312330471651,-2.744651639162699e-05,2.7288877116832437e-06,506.6116633973063,0.3334628390455775,0.0005809264966889201,0.0102341196718948,-0.14818222720484767,0.24575647756117538,-0.9112632978656943,1789624070.6479166,Unknown Fault,8,0.85,1
0.07485926792402871,28757.093839363886,1172149.185471734,606.2115784474425,0.7571068405631253,-40.06750256288895,108.62185625877333,8.082274542822635,1933.5644965305744,1932.5644965305744,0.12144657971843736,-0.046587311794408656,384148.74519676255,0.07549722298203573,0.001187323901418888,1.409738046880569e-06,0.001383671984731591,1152439.2732217293,26684.41943024531,606.2111833274105,10.556554292302991,0.7991088570846648,0.06608220053885473,-40.02952933641991,107.95025580423243,-2.760933681697399e-05,3.2024619286473305e-07,722.9068038572029,0.2716876414332732,-0.00032700615923206695,0.00991268893317299,-0.14494475017361877,0.2783481059022124,-0.9137010510866138,1789624071.6479166,Unknown Fault,8,0.85,1
0.07488656316601987,28461.714929889273,1175055.032221022,594.0643358574237,0.7210063668590041,-40.36826178675208,108.76943817740778,8.098403343322625,1977.9928894823222,1976.992889482322,0.13949681657049795,-0.06461025340447808,380064.3763927453,0.07543353736002746,0.0011756131283727372,1.3820662276023337e-06,0.0011937958234798512,1153325.3034378262,27050.387129506602,605.6057643564827,10.799021572697797,0.7965261955155186,0.06780013397980059,-40.046457296994184,107.99088270996944,-2.3431389315211487e-05,-3.367218439230299e-06,936.3176921271407,0.18944916358854855,-0.001183311732823627,0.007630593493430207,-0.1283389877833599,0.3025360532565209,-0.9112406518482055,1789624072.6479166,Unknown Fault,8,0.85,1
0.0736039351515403,37368.451364083994,1181445.7620088954,606.1456501344281,0.6942196906755012,-40.06309886487576,108.52101728943592,8.041819164862018,1949.1120026133651,1948.1120026133651,0.15289015466224942,-0.07928621951070912,507696.3791018446,0.0753455793487712,0.00122587546902263,1.502770665551453e-06,0.001196724997255219,1153249.2240307876,26968.392207325767,605.0270864694603,10.357965846874361,0.7913344110525545,0.07041551347962519,-40.060019610809235,107.99005424056915,-3.6626544356668904e-05,-8.964227561966228e-06,1496.1155933303794,0.34450105415079485,-0.0018527984024675499,0.010701141795624374,-0.1436789750228368,0.3560978821755974,-0.9101760505600972,1789624073.6479166,Unknown Fault,8,0.85,1
0.07262737206862332,40965.383971348216,1103257.1685234918,615.7446730805167,0.6809758391963996,-39.724469731186915,106.63863130955896,8.315438069885094,1791.744560296385,1790.7445602963853,0.1595120804018002,-0.08688470833317688,564048.8262833097,0.07530229674358419,0.0012997556958488537,1.6893648688915379e-06,0.001196724997255219,1151866.503062387,28562.815965291153,605.0514546488236,10.382405964826871,0.7843531723054876,0.072332866381012,-40.057180437910716,107.95199348548185,-7.80791099858349e-05,-7.604785824359066e-06,880.4101525978712,0.5445164441379831,-0.0022297689437038087,0.016444230871424548,-0.1936350603363662,0.4960411936647304,-0.9221034247033363,1789624074.6479166,Unknown Fault,8,0.85,1
0.07595433935912652,21953.814863510164,1184488.8024818692,595.310337944586,0.6833657253643677,-40.08234818858636,104.48722030927978,8.027144567192474,1989.6997027995951,1988.6997027995951,0.15831713731781616,-0.08236279795868964,289039.63945638924,0.07523255331314625,0.001213237690220573,1.4719456929717511e-06,0.0011739589461687294,1152846.168422549,29236.94545642298,605.3437918499509,9.993847357944368,0.7766846633689621,0.0724702219917547,-40.03821606846207,107.75348854344396,-4.810397130823112e-05,-8.247480490145998e-06,1262.8457244705335,0.28410297646695926,-0.0022547079969016393,0.011219143303961608,-0.04788506639824657,0.3954890781947422,-0.9273631787708881,1789624075.6479166,Unknown Fault,8,0.85,1
0.07439724640116013,30928.22774849171,1132123.2638452465,623.49743720321,0.7010120387023134,-39.87579404285004,112.26104032843838,8.186913307781097,1815.7624976351995,1814.7624976351995,0.14949398064884328,-0.07509673424768315,415717.37187318027,0.07519563985281107,0.0012240041412088889,1.4981861376965098e-06,0.0011880507126892925,1154725.7970485913,26173.233507490193,605.9558826278942,10.599967438437425,0.7695395731888364,0.07075272697655459,-40.03348634497871,107.91682865708151,-5.493920068570267e-05,-6.8360673827295284e-06,394.4211722426303,0.4801888464668935,-0.0019236782339211488,0.01316021292566068,-0.0667338190609736,0.42351404481093957,-0.9090236370751986,1789624076.6479166,Unknown Fault,8,0.85,1
0.07584381084369249,21750.5295828516,1148068.5672548893,604.8094126559629,0.7311288143414159,-39.972039911179294,106.4553597982161,8.181572143253398,1898.2319772657895,1897.2319772657897,0.13443559282929207,-0.058591781985599584,286780.5472970966,0.07521155283800879,0.001229728021929246,1.512231007918016e-06,0.0011880507126892925,1155456.3076668174,25718.417686284447,605.702939027659,10.548734620467954,0.7640459543982684,0.06814176747729013,-40.02849634342436,107.73109330637382,-4.64526202374156e-05,-4.004252900449062e-07,83.76986780717253,0.5213772470654666,-0.0012889419756526154,0.013094374725523182,-0.058645443914085174,0.41503121318396324,-0.9057932892848326,1789624077.6479166,Unknown Fault,8,0.85,1
0.05882032683015822,157596.96489067262,1335214.308242405,584.0357901874362,0.88,-39.73232383622909,94.31982291492302,7.531575333994839,2286.185762372356,2285.185762372356,0.06,-0.0011796731698417787,2679294.274336978,0.0745029963014042,0.0034186386420440844,1.1687090164877023e-05,0.0016083564276615642,1163722.9827226447,43088.89809137428,605.5042511148603,10.902266012063198,0.765512677585923,0.07019624099667053,-40.00302756468898,107.23566028223989,-0.0001845293708526269,-5.770144374990523e-05,1473.9857303040296,0.15437328603011558,0.0005742627197746785,0.012422805180048974,-0.23183482441860054,-0.1850306371748534,-0.9658750180678888,1789624078.6479166,Unknown Fault,8,0.65,1
0.058638415220360104,164874.20685473856,1373765.9869580627,597.3280040607042,0.8721060994002885,-39.77307064665256,100.20232637683564,7.380015236302312,2299.851970138758,2298.851970138758,0.06394695029985575,-0.005308535079495649,2811709.80210072,0.07379492454213903,0.004595444245555151,2.111810781400595e-05,0.0021024938721899006,1172973.2287434768,59311.118092643395,605.7803151678435,10.600168536526905,0.768069088008433,0.07281887961649013,-39.97852978173631,106.94109101140633,-0.0003125995287487187,-0.00010209828524406059,3200.7127680847398,-0.07187824748792869,0.0019850336105772886,0.010720607865659247,-0.284981623757077,-0.3387924156192725,-0.9831499220693412,1789624079.6479166,Unknown Fault,8,0.65,1
0.0611116814677534,138714.7652463454,1321507.4953826193,583.5505744889438,0.8496706709347166,-39.97671013373285,98.04371638637497,7.543690907270932,2264.5980539732245,2263.5980539732245,0.0751646645326417,-0.014052983064888301,2269856.791938225,0.07319806272604126,0.005195772328477914,2.69960500893768e-05,0.0021873692628913838,1178974.5259533613,66062.0959103735,605.1293597987101,11.414350436789102,0.771311584670451,0.0745547889100724,-39.96908770159535,106.52306449497375,-0.0004072925953855404,-0.00012498869626151335,4556.816670212486,-0.3366344182603323,0.002743670655193652,0.00839508106125472,-0.23466048734511524,-0.39467126470688935,-0.9876679821815982,1789624080.6479166,Unknown Fault,8,0.65,1
0.06168214876083969,134947.08009955168,1337736.8140661148,584.6142262682409,0.8162357754476673,-39.94551106169434,97.96414792451901,7.51923455448567,2288.2385579380607,2287.238557938061,0.09188211227616633,-0.03019996351532664,2187781.7619937696,0.07266558963302897,0.005646960357650066,3.1888161280871366e-05,0.002239875692152185,1185284.9134057695,73024.36499503966,604.6419245286119,12.004564694104852,0.7747282486450794,0.07457804547759031,-39.962447630279755,106.2187354160687,-0.0004956342060786466,-0.00013281571967022987,6032.340732355747,-0.609297399398653,0.002753431407252215,0.007188460153528207,-0.21555447747573894,-0.40093459626330136,-0.9901570796163406,1789624081.6479166,Unknown Fault,8,0.65,1
0.058644292353837085,165108.04924558895,1401414.576770275,589.5237012269275,0.7770800477698712,-39.636300410577455,94.93909245509765,7.372786078121628,2377.198022494473,2376.198022494473,0.11145997611506442,-0.05281568376122733,2815415.492600551,0.07199596955375986,0.006245628739958719,3.900787835739833e-05,0.0032164387750691636,1196671.310807889,82967.06073535483,604.1577506131481,12.355332385080125,0.7777796638163521,0.07303525176297813,-39.946357518737585,105.76449219709829,-0.0005978695185535253,-0.0001446870449796991,7342.081061912494,-0.778988984026627,0.0020358045206800724,0.00943799418533954,-0.3106544328304509,-0.3509438291843131,-0.9911290427213412,1789624082.6479166,Unknown Fault,8,0.65,1
0.059441284990259885,152791.43740934125,1338398.6229342185,593.3408057754177,0.7383853163452858,-39.80238890439009,99.1076048138591,7.5251941411827925,2255.6996078924813,2254.699607892481,0.1308073418273571,-0.07136605683709721,2570459.865300318,0.0714764656415154,0.0067108346475751625,4.503530166709525e-05,0.0032164387750691636,1204652.5820878812,86542.72613239799,603.4252652148346,12.43184782381546,0.7799840788232589,0.07095152877131652,-39.93351812951837,105.25830060829037,-0.0007094297820981752,-0.00013172610410227108,8072.288475113079,-0.8038858044046059,0.00072711716374052,0.008996774079523899,-0.3354556438015926,-0.2888167623026961,-0.9922109365181265,1789624083.6479166,Unknown Fault,8,0.65,1
0.06070103377215721,145689.312029909,1346125.7026989849,574.7154553579453,0.7062606284458754,-40.134607883705534,97.04112843686262,7.435568860057716,2342.2472636664843,2341.2472636664843,0.14686968577706228,-0.08616865200490506,2400112.5347676505,0.07089519616534141,0.006984084166257934,4.877743164137478e-05,0.0141616620828528,1211747.5369532886,90489.42622836714,602.1767485886573,13.62760258754512,0.7809934650068997,0.06970508014760196,-39.93335062932229,104.75137175729118,-0.0007713322566961822,-0.00011635300813867829,9019.186693590129,-1.043868375877408,-0.0009429880432731809,0.005087788373061397,-0.24229812108310192,-0.18546021709348365,-0.9922045937546816,1789624084.6479166,Unknown Fault,8,0.65,1
0.05847763345586572,166803.53487078153,1382769.4570952656,569.2232442180149,0.6857777659331341,-40.211412500074076,96.05042297716679,7.365527823694047,2429.2217001694667,2428.2217001694667,0.15711111703343295,-0.09863348357756722,2852433.05881507,0.07028022768409857,0.007363247174023668,5.4217408945767535e-05,0.014732129375939089,1220694.188117121,95746.41736204734,600.9361508292012,15.081760071059454,0.7806484624832665,0.07015271068212095,-39.93319627875227,104.24520023335684,-0.0008563894192600057,-9.713635531401528e-05,10071.406982285465,-1.367440173910333,-0.0026878085483988306,-0.0002981429377492562,-0.1188689436359942,-0.06381634796284018,-0.9937220140446718,1789624085.6479166,Unknown Fault,8,0.65,1
0.05885560544239168,162480.54760954104,1388033.630864983,591.6662635617337,0.6801705224205247,-39.84248140345626,99.09655137142832,7.3947544066943305,2345.973932177996,2344.973932177996,0.15991473878973766,-0.10105913334734598,2760663.939963684,0.06955241663871096,0.007554793815655369,5.7074909597064616e-05,0.015019618817858342,1229052.7181989446,100738.81732722037,600.3983638292028,15.162794936199736,0.7790035395649235,0.07198339872674821,-39.92878242882084,103.95889244062651,-0.0008941409317920813,-8.288957945522947e-05,11199.840668519242,-1.4112604867466694,-0.004208845896942748,0.00034291141200860957,-0.13619729120309712,0.05117525130674272,-0.9940994446277733,1789624086.6479166,Unknown Fault,8,0.65,1
0.0602966242790308,147338.75426942736,1344955.854135949,573.8057080896159,0.6903241583665853,-40.188054601161745,97.53367916385676,7.483245707681677,2343.9220544071272,2342.9220544071272,0.15483792081670733,-0.09454129653767654,2443565.5566321146,0.06892204189302083,0.007642804772251575,5.841246478675144e-05,0.015246263929478678,1234296.8885740046,103193.53906235009,598.9498493510971,15.887007111223323,0.7763183934121026,0.07396204184823657,-39.93341938563235,103.45102156167691,-0.000914543252286476,-5.6419304445649514e-05,12117.704535081244,-1.5605290929815194,-0.005242932074090171,-0.0034838526993613457,-0.05242457204758951,0.11423709411218705,-0.9943796451889927,1789624087.6479166,Unknown Fault,8,0.65,1
0.05756717293824628,170029.51145278386,1358697.2477832686,590.5640016494723,0.7146356379136388,-39.86004755521973,98.94511092805418,7.475981997457126,2300.6773931163516,2299.6773931163516,0.1426821810431806,-0.0851150081049343,2953584.5304611134,0.06817489404724926,0.007801667709819445,6.0866019054439385e-05,0.015445278175759983,1242862.3748172917,104271.03728247905,597.9806204433338,15.627798482266872,0.773016949561325,0.07479492043610565,-39.933310156942376,103.06522863722194,-0.0009461191553584775,-3.872042927164938e-05,12368.647574437584,-1.4794881679949952,-0.0056037779479047025,-0.0021001631331517903,-0.0835590214739468,0.14397995490938284,-0.9943998070412889,1789624088.6479166,Unknown Fault,8,0.65,1
0.05900437678708816,162255.82372480343,1368245.3635558547,571.8982328737532,0.7492667130021581,-40.15461355118773,96.22408929634587,7.368154354904405,2392.463002867672,2391.463002867672,0.12536664349892096,-0.06636226671183279,2749894.712222596,0.06750624301513217,0.007842532846282214,6.150532144501541e-05,0.015857820310715913,1253123.0299415959,103480.26524264597,595.7079031668113,15.115804040570577,0.7696204334044622,0.07386252009882165,-39.95686448468779,102.55300723040082,-0.0009553124984861475,-1.1467792092401349e-05,12214.69511525703,-1.412893225202474,-0.005211384227134497,-0.00046741570151631606,-0.11527742711139238,0.12428791348606609,-0.9939949131986364,1789624089.6479166,Unknown Fault,8,0.65,1
0.058790634337173714,159438.88881463607,1326587.6411025971,593.5178914066098,0.7887498983439447,-39.87836721116165,100.41400436692257,7.488833412746739,2235.1266243358664,2234.1266243358664,0.10562505082802764,-0.04683441649085393,2711977.6918927,0.06676464285691192,0.007754551846022772,6.013307433265518e-05,0.01600366248163703,1260718.7380647713,101607.73815515787,595.6348603973794,15.121796997735208,0.7666650801600657,0.07152283754176442,-39.94678268164089,102.3575679823446,-0.0009375203181225943,8.321217577562082e-06,11728.549068328564,-1.436748143617609,-0.004104671590276119,-0.00147830351081415,-0.0873184063191659,0.04793036692178955,-0.9933765962870672,1789624090.6479166,Unknown Fault,8,0.65,1
0.05915190286270763,159490.16443016962,1359255.003846196,566.8050688419817,0.8268516671300377,-40.045759331304126,92.44228501438134,7.408360498033116,2398.0995911402824,2397.099591140283,0.08657416643498117,-0.027422263572273543,2696281.213477586,0.06610900344307984,0.007677177869656639,5.893906004234565e-05,0.015989570715116468,1267874.5630250974,101995.08513122456,594.1079658509466,16.002883071124824,0.7646174751231019,0.06899296867564446,-39.95210344018167,101.8339898683743,-0.0009200093107069659,3.471014517009416e-05,11834.521016351373,-1.6094435753824354,-0.002435335966227983,-0.002051510984527421,-0.07844203291936948,-0.06078121840387376,-0.9947147794249388,1789624091.6479166,Unknown Fault,8,0.65,1
0.06012712822094277,151563.99011983816,1349912.5259700438,592.9054499821458,0.8575565878510251,-39.82446336930636,99.29404728454979,7.403185396087323,2276.7753712007434,2275.775371200744,0.07122170607448747,-0.011094577853544695,2520725.579357492,0.06551960068800539,0.007547068418617973,5.6958241715300796e-05,0.015541640958768456,1275567.3709485426,100630.71268869944,593.7829329852891,15.941366801126824,0.7638008901061556,0.067756234137216,-39.940233006057404,101.5081071538553,-0.000887694683902527,6.50917144677075e-05,11488.972169046736,-1.551310664137321,-0.00044389908260829004,-0.002564502767991521,-0.05698399347420077,-0.18499977882531146,-0.9939669622999765,1789624092.6479166,Unknown Fault,8,0.65,1
0.0576846469412107,171623.04699187688,1357091.9677070323,584.5202654132603,0.8760170286650366,-40.041352764603424,99.47924465187717,7.412144956439826,2321.719276486604,2320.719276486604,0.061991485667481694,-0.004306838726270995,2975194.5464238776,0.06488072890242176,0.00750714442227373,5.6357217376875576e-05,0.015576919571001914,1283127.1789395912,99364.19281572058,593.29211313314,16.029855596218937,0.7643442459283268,0.06859429804747365,-39.935925480512,101.23946892808154,-0.0008786489249449825,8.869558102230964e-05,11166.800878178636,-1.6067339236390454,0.0015782646264427662,-0.005585994895612098,0.010509699603239256,-0.3136729709109242,-0.9936850049518744,1789624093.6479166,Unknown Fault,8,0.65,1
0.05875235659439326,160391.13761748886,1328842.518661067,583.1824773499312,0.8793184918758192,-40.17762417216479,101.16279394851298,7.472012282067351,2278.6050169057326,2277.6050169057326,0.060340754062090385,-0.0015883974676971224,2729952.4123734464,0.06419059905304464,0.0072410429675962415,5.243270325857498e-05,0.01481330081436659,1290400.1152766906,95723.17717102257,591.5919086175853,14.702893830520242,0.7661617586526056,0.0709734095947046,-39.9614410136214,100.9893201413717,-0.0008239697762166309,0.00010426847968933116,10227.70794239368,-1.3760988675043706,0.0033349296366709915,-0.0038551633808152,-0.08817288170352847,-0.4269101133444896,-0.9928435273745337,1789624094.6479166,Unknown Fault,8,0.65,1
0.05920118645761815,160308.7684171915,1368011.1168651711,559.6294099236009,0.8669397490349825,-40.50522084606074,96.82975909404746,7.375859014501708,2444.494682743583,2443.4946827435824,0.06653012548250875,-0.007328939024890603,2707864.1157294335,0.06356483946504904,0.006963913927347483,4.8496097187504244e-05,0.013836737731449611,1299326.1446578903,92070.18407343478,589.2243998399722,14.892465756298195,0.7689664829833087,0.07347111942726303,-39.99535301084008,100.59377563506901,-0.0007634801214374711,0.0001204970169677316,9488.719858410694,-1.3988851095238959,0.004571786830579395,-0.005834468546134351,-0.11337178664395431,-0.4902267932326216,-0.9935945019613507,1789624095.6479166,Unknown Fault,8,0.65,1
0.06394557677928737,116355.7755196055,1329355.7194320236,579.0378681509852,0.8408351314532254,-40.20934980992716,100.0006239598863,7.540502705943617,2295.8010046510317,2294.8010046510317,0.07958243427338729,-0.015636857494099918,1819606.3180603653,0.06312829181925939,0.00657333683968481,4.3208757207957486e-05,0.005154942442113661,1305614.4060163018,88467.44271728212,588.1374514281139,14.60178506501238,0.7723156146189127,0.07475136632707699,-40.001026900721605,100.24892634311352,-0.0006470213385623972,0.00014645866761606838,8494.146341387283,-1.3230428467321493,0.005116593315330637,-0.008531319135119194,-0.09824908668516366,-0.49435329047476845,-0.9930448850801629,1789624096.6479166,Unknown Fault,8,0.65,1
0.05850286075008294,160697.94354091008,1315741.173788973,565.5288676945077,0.8051259842582255,-40.406312776576534,97.67300736764088,7.517943592906945,2326.5676589647082,2325.5676589647082,0.09743700787088727,-0.038934147120804334,2746839.068731904,0.06247294372262191,0.006172907157948942,3.810478278065729e-05,0.0029297921664464266,1311241.8516790199,84362.86108138456,586.9960327015972,15.19704228959107,0.7756803993148815,0.07425766121904095,-40.00254894031459,99.80506911072287,-0.0005721349118871902,0.00014203644815590635,7282.030459797605,-1.4724686215184946,0.004906365788248282,-0.015944768387930942,0.08624080940546816,-0.48570763895665375,-0.9917901443774724,1789624097.6479166,Unknown Fault,8,0.65,1
0.060290187771537475,149542.6705014305,1362670.1015482866,565.8246599895314,0.7654499966191386,-40.249410625949956,95.27663281075371,7.422147193861488,2408.2904085048153,2407.2904085048153,0.1172750016904307,-0.05698481391889323,2480381.5683590956,0.06194039382742179,0.005749416624652732,3.305579152383321e-05,0.002359324873360137,1318490.8252605954,80600.60987045344,585.3831930958014,15.218725628158646,0.778529611552627,0.07242123171306616,-40.01000141075755,99.27529373157557,-0.0004809735140695548,0.0001414571551876221,6458.791869581899,-1.476400502993871,0.003997324215432235,-0.018828990885561527,0.12619177689743433,-0.44181127819161453,-0.9909812124392319,1789624098.6479166,Unknown Fault,8,0.65,1
0.06055481599789698,146858.22617969188,1353990.7211125123,589.6795381083349,0.7280711345883314,-39.80044979969264,97.63175108011713,7.436404409441087,2296.1466925850145,2295.1466925850145,0.1359644327058343,-0.07540961670793733,2425211.335540878,0.061457491584592745,0.00532268069937077,2.833092982745411e-05,0.0019486771777639453,1328520.1673641563,67773.58801909222,584.3405876969141,13.942315025545867,0.7804134233683042,0.07044472181608614,-40.013040613497786,98.91501852239792,-0.000386893680853153,0.00013672588510378614,4634.146648536246,-1.1331271338002549,0.002556015935276461,-0.014039351526179057,0.01916886994008865,-0.3695188228112394,-0.9872197331642336,1789624099.6479166,Unknown Fault,8,0.65,1
0.06162349735452707,129811.44039657908,1259918.6501080394,575.2519995636675,0.6988906985938343,-40.00881271571959,95.24140004589026,7.697324127102766,2190.202991147699,2189.202991147699,0.15055465070308283,-0.08893115334855575,2106525.042708286,0.06088425790440875,0.004426860227753153,1.9597091476062696e-05,0.0019486771777639453,1331537.361269203,62790.1356736905,583.5382541616774,13.864886934994328,0.7810344222974831,0.06965042103783257,-40.01009919458311,98.54518571186232,-0.00024039284215457527,0.00011164468523131143,2560.5882250415266,-1.107324291015044,0.0008330214957804473,-0.014693400528343082,0.06771420742995811,-0.2674473763535457,-0.9831173105833492,1789624100.6479166,Unknown Fault,8,0.65,1
0.06177231895607898,135082.75038287355,1342850.7631298713,568.7036859486321,0.6825156378595836,-40.103196602763774,94.11449280699739,7.492541180358135,2361.2485663600282,2360.2485663600282,0.1587421810702082,-0.09696986211412922,2186784.5123139923,0.060379260806605516,0.003474130276774223,1.2069581179999341e-05,0.0019486771777639453,1339966.4612405882,47812.46536210871,581.3465041114943,11.504974820769064,0.7802945662637739,0.07058844469338793,-40.01919529697966,97.81932381100467,-9.706547055625941e-05,7.915502905277761e-05,670.8786525927434,-0.8446669364124434,-0.0008766065042133979,-0.014209709701910782,-0.023039854747499325,-0.1756789559728944,-0.9707286596773668,1789624101.6479166,Unknown Fault,8,0.65,1
0.06143797568175481,141923.56441967102,1372529.667662783,567.1688620743155,0.6815312144205874,-40.20681183167272,95.14313651480622,7.367764039616596,2419.9665380835772,2418.966538083577,0.1592343927897063,-0.09779641710795149,2310029.958585012,0.059803027400128,0.0014887172380107958,2.2162790147504925e-06,0.0019486771777639453,1348944.905256904,27835.980580943226,579.8408820882283,10.775780538054683,0.7783106622669408,0.0726103972539143,-40.0285861737994,97.36683487966829,6.735278250829625e-05,2.4915699347122287e-05,-947.5168433670614,-0.7409083928494075,-0.0022799257327586987,-0.01547000077953533,-0.18653537271806556,-0.16647175121908972,-0.9197335266127973,1789624102.6479166,Unknown Fault,8,0.65,1
0.058617966704598026,156168.1291016229,1292982.2301856917,596.709936613505,0.6960928470923547,-39.62293304771675,97.52647875042149,7.614040062069444,2166.8521853745656,2165.8521853745656,0.15195357645382263,-0.0933356097492246,2664168.30676887,0.059794932995105604,0.0014945769411551443,2.2337602330326677e-06,0.0020567414183201224,1347255.6221346355,29828.17134363968,580.347847945271,11.248961804928898,0.7709543761506349,0.07123844996128186,-40.024210542258906,97.49510111308823,4.658675500370631e-05,1.8629305745343953e-05,-1601.4013526309311,-0.5432449623932378,-0.002021966033962746,-0.008762887009223218,-0.2027568296374153,-0.09542476083064416,-0.9333627370612795,1789624103.6479166,Unknown Fault,8,0.65,1
0.057855587625194056,173935.38227881986,1369060.8909160886,589.0000464377291,0.7239015742572772,-39.69954859675008,95.744220461051,7.3198659275884665,2324.381634935626,2323.381634935626,0.1380492128713614,-0.08019362524616735,3006371.370828099,0.05976361989129895,0.0015263422966629945,2.3297208065824645e-06,0.0020567414183201224,1347067.4182929564,29674.756901479625,580.0147296403521,10.857696227359359,0.7650261951449144,0.0686954527231251,-40.0212696602628,97.31677687645684,1.7119927687837197e-05,1.2526267566366683e-05,-1135.0183002601661,-0.2935769536162181,-0.0014447823574048964,-0.003254608556155258,-0.23447566646116666,-0.019229022481899078,-0.9186435374654398,1789624104.6479166,Unknown Fault,8,0.65,1
0.06062604176893275,140809.23700569934,1311462.2415389991,585.7344846905914,0.7605670093544665,-40.09918490320556,100.91010721351634,7.596995145307963,2239.004661355676,2238.004661355676,0.11971649532276674,-0.05909045355383399,2322586.678879236,0.05974419430334613,0.0015120858151439333,2.2864035123594933e-06,0.001981749415095664,1346665.6081392115,30083.32601063564,580.102086048418,10.894515693009971,0.7614620486817045,0.06648736697351788,-40.026168651041715,97.4314325095425,3.8561360784385933e-05,7.95948184762848e-06,-1719.2806994000655,-0.20542076620501568,-0.0006394993144956249,-0.003528230918019637,-0.2515970538405976,-0.0676734010021308,-0.9193723334246919,1789624105.6479166,Unknown Fault,8,0.65,1
0.056824946969200076,173902.6576079942,1302447.1639472647,591.1693629785335,0.8003004863818752,-39.68812030422861,96.41067859805344,7.531613830704822,2203.170944761153,2202.170944761153,0.09984975680906238,-0.04302480983986231,3060322.391541375,0.05954990623168054,0.0015618287864909998,2.439309158311949e-06,0.001936849293298952,1345254.0221344575,31273.564340184053,580.3642915168297,11.07730693124265,0.7608246371190728,0.06603403817378858,-40.015873020743086,97.36929373648387,3.099400689028107e-05,-1.4172475205793135e-05,-2216.738894210543,-0.05813988465187444,0.00026674660885788815,0.00039879125372886703,-0.35358516353839636,-0.15231156434527832,-0.918463325346646,1789624106.6479166,Unknown Fault,8,0.65,1
0.061118102607662775,145094.73232657652,1380184.854745328,574.9100270262993,0.8368289629767975,-40.229162044086124,98.64599416850345,7.352793813104222,2400.697134966114,2399.6971349661144,0.08158551851160123,-0.020467415903938455,2374005.8368301676,0.05964885864183358,0.0015795827657811734,2.495081713952901e-06,0.002008075064334723,1344404.8332534595,29999.348519250587,579.7797445488046,10.963539678723206,0.7632145937273498,0.06764080921968901,-40.039587486083434,97.5175698050201,3.64135269670671e-05,-7.868258469140518e-06,-1332.6948929827972,-0.01689284438656203,0.0011308791078987162,0.002225695601449397,-0.35724943818457133,-0.09910255143955289,-0.9309136072297568,1789624107.6479166,Unknown Fault,8,0.65,1
0.058943278921069625,159746.04535559638,1352253.3410566368,589.4427267922202,0.8643853958732493,-39.77236257480967,97.0860490248082,7.447376188254413,2294.121684078916,2293.121684078916,0.06780730206337537,-0.00886402314230575,2710165.5740853976,0.05962893839906595,0.0015852050765569762,2.512875134742009e-06,0.002008075064334723,1344959.0219783562,30011.24400837397,579.6238213894767,10.796005003014217,0.7682545969084684,0.07024698546905661,-40.03838643290021,97.43670757345807,2.7824746875047675e-05,-1.289621785935065e-05,-1320.3092318381903,0.2079145270495596,0.001816470661578686,0.007064372907063647,-0.3693695415231174,-0.12167888565522579,-0.9357447871215986,1789624108.6479166,Unknown Fault,8,0.65,1
0.060812085468153025,144425.70735296677,1358505.8710633575,596.2312806771579,0.8786192302278863,-39.70630698087436,98.68654496596007,7.445720029076142,2278.4880885827747,2277.4880885827747,0.060690384886056825,0.0001217005820962,2374950.7394973612,0.0596333804669058,0.001588355546689324,2.5228733426987413e-06,0.002008075064334723,1345454.2287129313,30128.321829622546,580.4844544022452,11.21969967147699,0.7751489409797488,0.07225365730394688,-40.021254396786965,97.50252423462196,4.9467058166763824e-05,-1.6200936186024174e-05,-1183.5945869242041,0.31213049092822565,0.002215281438362769,0.009167507186941398,-0.30258830543297127,-0.04965510111333139,-0.934867647170568,1789624109.6479166,Unknown Fault,8,0.65,1
0.05769767333409878,171239.7125204556,1338911.2456297993,576.7395529677877,0.8772832565697435,-40.036539791932675,96.28085552016681,7.418946865443204,2321.5179863077306,2320.5179863077306,0.06135837171512826,-0.0036606983810294758,2967878.9910451127,0.05960218206203512,0.0016181311566900692,2.6183484402511414e-06,0.002008075064334723,1343699.9002543127,29165.964449416148,580.7851067522361,11.012703853286956,0.7828091606052132,0.07252365468423945,-40.01425948846131,97.51174153634196,2.0041522215067626e-05,-2.2573177254776997e-05,-870.83907002208,0.16495006815246885,0.00226434798565042,0.007124830198879146,-0.32093076828811024,-0.1491175494105947,-0.9241227276321516,1789624110.6479166,Unknown Fault,8,0.65,1
0.05806817245303925,162784.98783302365,1323342.210292237,573.6178322170638,0.860588395764045,-40.00005039688286,94.44793440344189,7.555908295478172,2307.010235678079,2306.010235678079,0.0697058021179775,-0.011637629664938247,2803342.7083428656,0.059570684742461015,0.0016398746026359836,2.6891887123705254e-06,0.0021231810188498124,1341112.2434314028,27962.756467500752,580.0631694984493,10.866336217501386,0.790025875538954,0.07090977569604452,-40.020562248198374,97.32579685762252,-1.584332679790092e-06,-2.650804820566925e-05,-615.4189020268442,0.2076021789996996,0.001955923774500444,0.008973771894269154,-0.3094895968582394,-0.21593603844034545,-0.9320735359137197,1789624111.6479166,Unknown Fault,8,0.65,1
0.05950209389535763,159502.3576006124,1391931.4395014732,570.0790392861821,0.8311703992453148,-40.30761773165124,97.94601258966874,7.3300759579268195,2441.6464096704276,2440.6464096704276,0.08441480037734261,-0.024912706481984986,2680617.557444593,0.059538903527114086,0.0016331831882748628,2.667287326463646e-06,0.0021231810188498124,1342991.2668460237,29683.290149618984,579.914102746312,10.976161588082068,0.7956597251741033,0.06831217757111867,-40.025344773417956,97.34229019465499,5.041916404953335e-06,-2.974573006166058e-05,-107.88252356534932,0.0528663629519759,0.001338702206220088,0.004649105440455131,-0.2900576101254977,-0.19852284099351963,-0.9395626946671011,1789624112.6479166,Unknown Fault,8,0.65,1
0.059975394865767674,153513.2242476601,1359731.6856013413,572.0019246749605,0.7936737218207833,-40.20114111591844,97.01306020193032,7.38429367038744,2377.1452978484426,2376.1452978484426,0.10316313908960834,-0.04318774422384066,2559603.3938791337,0.05963523240421495,0.0015843358863719015,2.5101202008458385e-06,0.002008075064334723,1343032.6443587467,29705.86732152421,579.1716196673315,10.857814268651197,0.798821248530389,0.06628815908058415,-40.0389885158459,97.26500816561003,-1.064623866538402e-05,-2.0167851971702e-05,203.70422816387486,0.08632986209418067,0.0005101289949694154,0.004679342153202134,-0.2685111312334285,-0.2749689738974613,-0.9496671565070552,1789624113.6479166,Unknown Fault,8,0.65,1
0.059573443150980336,151129.29682832176,1324116.8073920778,582.0495452517544,0.7540182643786244,-40.24136761538404,101.74773613027165,7.54176201305319,2274.9211268936847,2273.9211268936847,0.1229908678106878,-0.06341742465970746,2536856.841483986,0.05965799505877063,0.0015791882808866115,2.4938356264896117e-06,0.002008075064334723,1341267.5021121956,29465.36837249682,579.5776721624514,10.767658244602273,0.7990113105854477,0.06615247634523926,-40.04245867841376,97.48595403896707,-1.752515717420212e-05,-1.660762467938515e-05,281.2236942887788,0.04016146109153117,-0.0003989823678676427,0.001654977034816417,-0.2730124961942965,-0.287382499611371,-0.9477172410008764,1789624114.6479166,Unknown Fault,8,0.65,1
0.06181626091847907,133989.52107799644,1314506.076016355,598.7152471886293,0.718464751704528,-39.80272821566281,101.23369184909073,7.515515338359716,2195.544680361566,2194.544680361566,0.14076762414773603,-0.07895136322925696,2167544.899790958,0.05977902012202286,0.0016233978060065757,2.6354204365469637e-06,0.002194118763554999,1340784.239508746,29799.35259162392,579.7855663937323,11.080429895696591,0.7961999047198708,0.06799664834623201,-40.0394331185938,97.51874153825378,-6.276310300555001e-06,-3.7645525064775722e-06,-112.60346438419666,0.3562181922362928,-0.0012451031876450067,0.005508788286576934,-0.19522768754456096,-0.3351111468700848,-0.9472574035701768,1789624115.6479166,Unknown Fault,8,0.65,1
0.0587568405165786,158544.5893116412,1331940.6816404848,563.9602621107916,0.6926263016988918,-40.148264091743215,92.91435982896921,7.5201254554450925,2361.7633566154013,2360.763356615402,0.15368684915055408,-0.0949300086339755,2698317.1306991377,0.05976321762817769,0.001631328820713176,2.661233721289442e-06,0.002194118763554999,1339691.6666205174,29602.183611791515,579.6717741244847,11.226791863714787,0.790830890102625,0.0706132869686496,-40.043533309011366,97.5376245308373,-2.198298694396184e-05,-3.926180064245624e-06,-9.528662870568581,0.08033348487625656,-0.0018946495914293,0.004440932561171411,-0.18263706477092914,-0.2784234516958907,-0.9450301989032418,1789624116.6479166,Unknown Fault,8,0.65,1
0.06042512210204826,135665.16334278104,1244043.6476052958,581.5143677592472,0.6805822374816185,-39.93789424027203,96.60656802681547,7.801678568815074,2139.3171288251683,2138.3171288251683,0.15970888125919075,-0.09928375915714249,2245178.1415296854,0.059775137383421904,0.0016350287781089635,2.67331910524449e-06,0.002194118763554999,1335456.9114859276,34930.20507474898,579.2161308355688,10.907054768741533,0.7837519160878489,0.07241700276871754,-40.048070543849995,97.43012536052792,-1.2233993565197966e-05,-1.1215186633951875e-06,-790.2248602850449,0.22967880008144378,-0.0022450724842930534,0.007606761823507656,-0.18554271746984508,-0.3030174265732175,-0.9621391054027946,1789624117.6479166,Unknown Fault,8,0.65,1
0.06027679358819178,152408.00207354635,1377602.57142229,599.6906996267742,0.6842340519676615,-39.789815953420764,101.40689266005475,7.345051329724796,2297.188487798227,2296.188487798227,0.15788297401616924,-0.09760618042797746,2528468.9679213967,0.059878823249301154,0.0015804520533105931,2.49782869281367e-06,0.0020597288737597627,1336277.335634538,35661.93167134448,579.8229482041094,11.586137464757895,0.7760805970199537,0.07239482940769675,-40.03800907140269,97.50723128085502,-2.850822532789581e-05,1.0864662527501969e-05,-184.83743712295959,0.47171616546948547,-0.002241047796553674,0.010057828143012365,-0.17529977920679604,-0.2566482533288858,-0.9637033801018672,1789624118.6479166,Unknown Fault,8,0.65,1
0.06408821820262134,117226.57260644312,1345476.523193136,584.9832942548127,0.703005203945793,-39.850311287792216,96.57804108547627,7.4687933757315985,2300.025550143421,2299.025550143421,0.1484973980271035,-0.08440917982448215,1829143.8878175633,0.060092257713630276,0.0017635979054724845,3.1102775721869347e-06,0.002361262091084178,1336942.6958158207,35672.18255578393,579.8949808803046,11.612368494716398,0.7690280655027527,0.0705588486989073,-40.02491655602778,97.32384116633357,-9.169384617114016e-07,3.2907855399379125e-05,-174.27002939368668,0.552945420472658,-0.0018832109379103503,0.010394272061026414,-0.1036476829267116,-0.28537972645815496,-0.9651747056022666,1789624119.6479166,Unknown Fault,8,0.65,1
0.05910608079063878,164717.90606129117,1410395.7805060784,584.9058434579459,0.7339321412588637,-39.84736966303618,96.50017333568448,7.28210995401122,2411.3210635200026,2410.3210635200026,0.13303392937056813,-0.07392784857992934,2786818.2741593514,0.060088453486951104,0.0017656173361326924,3.1174045776523047e-06,0.002361262091084178,1338638.082361457,38037.27944155088,580.9060382216784,10.881244423886846,0.7637077611917081,0.0679414934838046,-39.998602508706796,97.31065773599903,-1.8930822618677187e-05,3.349912630382515e-05,814.4426551637349,0.39654382700692525,-0.0012280564802239517,0.0072301235575424,-0.17317509800858782,-0.2555703249174578,-0.9672246195570462,1789624120.6479166,Unknown Fault,8,0.65,1
0.05788760205206846,171369.02070171555,1357631.933162981,589.4745909096798,0.772132180526816,-39.83696039907811,98.14016528004728,7.376112054161889,2303.122058353486,2302.122058353486,0.11393390973659201,-0.05604630768452355,2960375.186168074,0.059846134497862344,0.0016301349523965755,2.657339963024986e-06,0.002194118763554999,1339769.1309106953,38164.63704481635,581.3235071320262,11.001109096423983,0.7609596431546517,0.06613159583717401,-39.98370693227284,97.2362393888055,-6.751414019234207e-07,1.103381161025494e-05,896.94687942193,0.4569564588046218,-0.00037901890682316583,0.006614731557295943,-0.12859163474188384,-0.40782587579928736,-0.9669970193463282,1789624121.6479166,Unknown Fault,8,0.65,1
0.060432567936712145,151202.14086004195,1408743.5029292048,599.4538722466134,0.8115743754919243,-39.72589694000769,100.26885395800936,7.342198797503942,2350.0448794326117,2349.0448794326117,0.09421281225403783,-0.03378024431732568,2501997.6152327005,0.059923322785327506,0.0016102679044097898,2.592962723972296e-06,0.002055244951574428,1343489.2240763044,40123.62494189593,582.6805073141104,11.061307880460017,0.7612175788039997,0.0663156757855636,-39.95649029881009,97.34007325242023,-8.694647136488514e-06,1.8944263951739823e-05,1293.3538191447947,0.46636728087178,0.0005298574180950896,0.004768457658244998,-0.19357468899836522,-0.3785566293605922,-0.9613908955091481,1789624122.6479166,Unknown Fault,8,0.65,1
0.05988348958366522,156585.2468053493,1395937.2507005746,563.7335678673915,0.846031670824408,-40.26707992132554,94.70676944164785,7.321753332268517,2476.2358146977413,2475.2358146977413,0.076984164587796,-0.01710067500413078,2614831.6989205987,0.05990705485781263,0.0016085328560960697,2.5873779491405795e-06,0.002055244951574428,1344819.9100423963,41272.87403107491,582.5968636292248,11.195544326875325,0.7644408457722105,0.06836958445635752,-39.9571970706251,97.317278717656,-5.393688366656171e-06,1.8053079433545067e-05,1969.298224242493,0.1229139819639683,0.0013550809072040955,-0.0010277267440656108,-0.17867088731044872,-0.3688971300634301,-0.9632950412022843,1789624123.6479166,Unknown Fault,8,0.65,1
0.05931632961217926,163527.67054658904,1410456.9291508046,583.0347474565698,0.870064017238477,-39.83285996958979,95.52764490168809,7.2662483119162165,2419.1644414055604,2418.1644414055604,0.06496799138076148,-0.005651661768582221,2756874.398934697,0.05985751540238391,0.0016068908688350353,2.582098264345415e-06,0.002055244951574428,1347078.5583639275,43212.4197264487,582.3310720031542,11.102732373848772,0.7701205610782162,0.07096112211019123,-39.958493477420994,97.23311447051884,-4.3689253870436015e-06,1.373828247201239e-05,2666.886511328965,0.19778273131517643,0.0019663669165923825,0.0016874730517388824,-0.2006458114696756,-0.36694367336823935,-0.9664228409267148,1789624124.6479166,Unknown Fault,8,0.65,1
0.06079748741766,147171.34186412842,1393016.826323284,585.7046754702377,0.879877235658721,-39.99782739776074,99.24659156183021,7.369913302614937,2378.360434300596,2377.360434300596,0.0600613821706395,0.0007361052470205021,2420681.3162048403,0.05982447500490923,0.001578480535783829,2.4916008018484033e-06,0.002040646901081404,1352402.4854125374,40243.111381118186,582.749179039417,11.024816099215522,0.7773600225608116,0.0725395369491463,-39.958054064702644,97.39332213115644,2.1967558890782634e-05,9.695798005679524e-06,2219.3329791641395,0.1581329620010797,0.002267206826337839,0.0008211983271552561,-0.19800806293817608,-0.2833468963519727,-0.9580040473007699,1789624125.6479166,Unknown Fault,8,0.65,1
0.059417323496918556,158195.92867402756,1356519.0995642093,566.4650897312501,0.873922034669687,-40.4960983327835,99.51314418533063,7.383803035241416,2394.7090900302205,2393.709090030221,0.0630389826651565,-0.0036216591682379506,2662454.640560034,0.059730275186542815,0.0015289193071454613,2.3375942477621576e-06,0.0018692012523541524,1352949.218869911,40202.45689880178,582.6596351907217,11.146944848612348,0.7850162784332158,0.07222545785067229,-39.97377013390343,97.60926818628975,3.7687676790258554e-05,-2.2875291640733205e-06,2161.8152715836786,-0.1326366394436942,0.00221010462956133,-0.005596789528048617,-0.13124998356049417,-0.23459475421392134,-0.9563211630748495,1789624126.6479166,Unknown Fault,8,0.65,1
0.06287671592725645,122184.15843207137,1293531.4954912656,554.9850590125329,0.8531386095645497,-40.54055757025812,95.46962070773166,7.629085462247402,2330.750124684085,2329.7501246840857,0.07343069521772516,-0.01055397929046871,1943233.7810618018,0.05978782479636288,0.0016166744336169627,2.613636224310727e-06,0.0018692012523541524,1349789.2919830503,41618.929321073934,582.1722830682505,12.043819658341954,0.7918805742389743,0.07019015561909703,-39.987119963446844,97.62232755400679,8.380875011819677e-05,-2.5965729934607584e-06,1809.14846678644,-0.5430019968679612,0.0018040755075704356,-0.01315909053363099,-0.24659886675618173,-0.09392437207168396,-0.9593330672255407,1789624127.6479166,Unknown Fault,8,0.65,1
0.05875190733419867,158903.51142613858,1328001.7077636917,575.2818384744561,0.8208082061813392,-40.123705449009094,97.09434558956387,7.5115758451995625,2308.4366982370125,2307.436698237012,0.0895958969093304,-0.03084398957513173,2704652.812754609,0.0597931824215469,0.0016130064480668004,2.601789801505076e-06,0.0018692012523541524,1351190.0710861704,40250.20941534937,581.3151591426885,11.737304834706531,0.7968691886025338,0.06758870054439467,-40.00715085949854,97.60504222757248,6.254785416518633e-05,-9.149295404829338e-06,1039.9616867880038,-0.46122956535813314,0.0011132225309568393,-0.010778010473827728,-0.19932494299198902,-0.15011554198320035,-0.9566703305680713,1789624128.6479166,Unknown Fault,8,0.65,1
0.05744474713693263,173756.97242582397,1350947.9359064263,587.8307111007607,0.7820350843331679,-39.83157098482486,97.40316847098379,7.409308357359393,2298.1921672256058,2297.1921672256058,0.10898245783341604,-0.051537710696483406,3024766.947126335,0.059776748802016444,0.001634611490630392,2.671954725300912e-06,0.0018692012523541524,1350465.5528857838,40084.6869574762,581.2683857292099,11.708882697074532,0.7991945290055693,0.06602012079312881,-40.01243175502153,97.67140014796978,2.1494042035987654e-05,-1.4797079717007435e-05,1216.4347911203176,-0.3242371358716757,0.00024661619424859075,-0.0060812505416629825,-0.1824924890930131,-0.19078807162272046,-0.9604993313028932,1789624129.6479166,Unknown Fault,8,0.65,1
0.06078428501982418,149689.69357150517,1401338.5019067288,570.9106885267181,0.7429406674162359,-40.277300421164796,97.79612107522678,7.301677966836012,2454.5669402739645,2453.5669402739645,0.12852966629188206,-0.06774538127205788,2462638.0572328093,0.05978307853205211,0.0016381904307131757,2.6836678872802204e-06,0.0020274445032455804,1354060.603300493,40454.04413451762,580.6754338826548,11.842287624346252,0.79848947532804,0.06652109226120498,-40.019556375739896,97.5468407024382,3.928730602337591e-05,-1.712180860531934e-05,1295.9981301535006,-0.3751856588962433,-0.0006589254169332071,-0.00939372355713345,-0.19752376734709756,-0.19765895434567604,-0.9621627288575844,1789624130.6479166,Unknown Fault,8,0.65,1
0.059960112282801015,151004.755272018,1349549.0445154328,565.7795148128314,0.7096971042534611,-40.49121499250257,99.15005004132223,7.4573676915773754,2385.291459274351,2384.291459274351,0.14515144787326945,-0.08519133559046843,2518420.15504918,0.059908485144596145,0.0015228831252072379,2.319173013040964e-06,0.0018410060987545523,1355944.67852322,39079.86986959749,579.6598399560268,11.98661668013775,0.7948653400429037,0.06875429859331791,-40.05168016327086,97.65641556016895,1.1340148094076365e-05,-7.450998413501742e-06,738.2185786052758,-0.40774715935121103,-0.001460437193237123,-0.010433134689060621,-0.10211489985682791,-0.2053366101317455,-0.9651514557105687,1789624131.6479166,Unknown Fault,8,0.65,1
0.059395087188265513,152383.4239959102,1313613.7560823893,575.4430194587582,0.6875528225085878,-39.990419975748516,95.0244124111244,7.546935288964702,2282.7868471111683,2281.7868471111683,0.15622358874570608,-0.09682850155744056,2565589.7012643176,0.05983956452782025,0.001505469721983323,2.2664390838085434e-06,0.0014892890156425198,1353281.8345767022,39601.999005071426,579.6811596533252,11.978620913803674,0.7888942944241752,0.07128605347521191,-40.04213048053735,97.5115522898738,1.8697264666306155e-05,-1.556107794549039e-05,589.8733644494604,-0.49416978554634916,-0.0020313780488303273,-0.011642474843160904,-0.08294781950560179,-0.20255393738853655,-0.9657259642094793,1789624132.6479166,Unknown Fault,8,0.65,1
0.05804380913616626,160516.09831627712,1288861.3427841105,577.3550003333897,0.6800039173605363,-40.25812173068956,100.11111502962116,7.62052577015724,2232.3550363985178,2231.3550363985178,0.15999804131973183,-0.10195423218356557,2765430.124334515,0.059803585736424116,0.0015368802789708957,2.362000991889658e-06,0.0016757274201335479,1350746.1546458013,41567.370990247226,579.1976505949718,11.817719363484978,0.7815190352836666,0.07261979954147353,-40.06156084677255,97.6325549300663,-6.841795016467685e-06,-1.9610017676992865e-05,-15.062264221272288,-0.4180263540337239,-0.0022816089764654828,-0.010938561171904438,-0.017346156760794894,-0.10281665783697162,-0.9685812505935568,1789624133.6479166,Unknown Fault,8,0.65,1
0.060805957342246,141644.48503643123,1336581.9939027256,587.6578543941877,0.688242194946814,-39.885125315484956,98.19888193441645,7.529198600136063,2274.4220704419895,2273.4220704419895,0.15587890252659298,-0.09507294518434697,2329450.784553658,0.05980334061138783,0.001536719888884699,2.361508016893801e-06,0.0016757274201335479,1349869.1995593759,41625.63742267776,578.854713543653,11.436699913647338,0.7739039538724238,0.07201757191092178,-40.068713580156974,97.61304840880456,1.249586327763884e-05,-1.9906844649637012e-05,-68.2111992125609,-0.16959586429602566,-0.0021716240147480782,-0.005757386839498612,-0.037802465700492255,-0.17289076070392437,-0.9674760241657169,1789624134.6479166,Unknown Fault,8,0.65,1
0.05856565992699783,157466.712530895,1318646.2833919153,573.5370966720012,0.7109670123798427,-40.167866570291025,97.09981385765019,7.590384961267062,2299.1473281213625,2298.1473281213625,0.14451649381007864,-0.08595083388308081,2688720.877168932,0.059838060075103804,0.001498073204982896,2.244223327487726e-06,0.0016757274201335479,1349058.6010698604,42026.51984783095,578.7266152918215,11.477535517260577,0.7672513041048278,0.06980848121929567,-40.07396665129131,97.64580674230389,-1.998555427423633e-05,-1.6190486271447678e-05,-466.0022723618098,-0.23983316425454204,-0.0017187873707833205,-0.0063509073277238206,-0.016820643451868702,-0.06769917001556162,-0.9713784311354935,1789624135.6479166,Unknown Fault,8,0.65,1
0.06026176448500674,138564.84603341864,1257299.9656533361,569.663811694269,0.7445906206603644,-40.34500437823457,98.3803514084475,7.750682202525744,2207.0911647238568,2206.0911647238568,0.1277046896698178,-0.06744292518481106,2299382.4893377274,0.0599258037563825,0.0014554742536962804,2.118405303172744e-06,0.001326487146073363,1346416.9112843045,45492.66339039764,578.5684544709098,11.573685518728324,0.7626113931006805,0.06725892529478233,-40.08776481054537,97.80310342250412,-3.377331286500845e-05,-5.115789184653466e-06,-1570.1689685982694,-0.3745776435949131,-0.0009945919936785006,-0.008113631493884893,-0.011722327321851427,-0.0045860615374798165,-0.9759568054983639,1789624136.6479166,Unknown Fault,8,0.65,1
0.061206271136420506,135304.4779372526,1275289.3429884724,579.8093332077044,0.783804591356977,-40.15648438701471,99.45302616005655,7.625606886793842,2199.497783061086,2198.497783061086,0.1080977043215115,-0.046891433185090994,2210630.9602765576,0.05999397084602501,0.001473825368781146,2.172161217662881e-06,0.0016782042291853955,1341751.2274237846,46554.44301223656,578.9576662277707,11.444539968437908,0.7607167607851469,0.06595548478594994,-40.081719476759915,97.86338396531964,-2.6190712582598574e-05,4.367215874894506e-06,-1771.5858553111862,-0.4480175301794704,-0.00011337240986634339,-0.010946495256968168,-0.033410256296830615,0.019830475427626913,-0.9737874576430875,1789624137.6479166,Unknown Fault,8,0.65,1
0.06158047230018702,134220.4544412937,1310727.3403372641,571.3031802777045,0.8224179007336997,-40.22444714697254,97.10428878568672,7.5673710260757225,2294.276288992708,2293.276288992708,0.08879104963315015,-0.027210577332963136,2179594.430309137,0.06005817394340178,0.001506222045991472,2.2687048518307355e-06,0.0016914066270212191,1339791.0536132215,46787.19130872525,578.9297164518805,11.46233250624022,0.7618665279416637,0.06676555088101442,-40.08265171800208,97.86703310866987,-1.1731843577522645e-05,1.2402421233042634e-05,-1878.1556158727292,-0.5882317390927986,0.0007857461846305073,-0.01345819783513149,-0.05771265471188545,0.05761406392624558,-0.9753512624068753,1789624138.6479166,Unknown Fault,8,0.65,1
0.060174236136154496,149827.3829041016,1332672.5224432058,579.5234900605228,0.8543343562696175,-39.88562802400597,94.97895479902989,7.440979301694978,2299.600525776837,2298.600525776837,0.07283282186519124,-0.012658585729036748,2489892.560747951,0.06008220566280876,0.0015030860214743805,2.2592675879516817e-06,0.0016914066270212191,1340133.2822152665,46702.5032498248,578.8286742442311,11.445506820154208,0.7658791716173033,0.06914539490498985,-40.06842213434695,97.59628185542022,-1.550780818401979e-05,1.604025169562603e-05,-2100.607596576617,-0.551552463937361,0.0015608127335658437,-0.013226676556679362,-0.06457246141949358,0.05748560918585981,-0.9715259287097667,1789624139.6479166,Unknown Fault,8,0.65,1
0.06257761362694977,129643.16024485856,1343407.1782967576,578.2144162084462,0.8745150514148171,-39.98739421152764,96.08376495244767,7.459059512372804,2323.3719890727516,2322.3719890727516,0.06274247429259144,-0.00016486066564166957,2071717.867314554,0.060112659771147575,0.001545038726488172,2.3871446663481924e-06,0.0016914066270212191,1341289.3263064825,46410.62335046466,578.008641005024,10.701552832895702,0.7721211836057148,0.07158399269007086,-40.075808774181546,97.39028477955449,2.4867279426292825e-05,1.853052925289132e-05,-2326.6590793519676,-0.358356808669857,0.0020894612710305248,-0.009821787313044285,-0.09206497496360506,0.18008014931410718,-0.9729237814808481,1789624140.6479166,Unknown Fault,8,0.65,1
0.05996921410746591,141945.7368886703,1271503.7472828184,586.7842846498872,0.879773898139113,-40.01978208971267,100.03577170123494,7.716537875743742,2166.901501190473,2165.901501190473,0.0601130509304435,-0.0001438368229775902,2366976.7730205865,0.060161154714783074,0.0015205545498550015,2.3120861390847466e-06,0.0014811578054807414,1338871.848932176,48367.416286447326,578.9216019065877,10.434363147816095,0.7796070874633239,0.0726568378115091,-40.07066949410032,97.67514125444512,9.984973062002984e-06,2.1532347358335075e-05,-3064.320101614999,-0.4178346562749792,0.0022882298168859687,-0.010029171093563632,-0.10621182022964794,0.1323777802790132,-0.9748095895567249,1789624141.6479166,Unknown Fault,8,0.65,1
0.060437871720230706,145955.03681220507,1336449.146404316,591.9908903399603,0.8692806401762909,-39.74869502261487,97.70728618154217,7.489922215111121,2257.5501890524674,2256.5501890524674,0.06535967991185454,-0.004921808191623835,2414959.9027549597,0.06016166469951037,0.0015206451327587566,2.3123616197828963e-06,0.0014811578054807414,1342568.068884137,44342.803081437065,579.3406628098163,10.736092253488076,0.7871550235711107,0.07177368422319803,-40.06310152539404,97.71916998063419,1.5178957754171518e-05,2.0365972413331185e-05,-4034.965522833278,-0.2712674122095604,0.0021257371882655363,-0.005729346510799522,-0.09725244118704818,0.15263756002986772,-0.970570394355717,1789624142.6479166,Unknown Fault,8,0.65,1
0.05781215231839989,167248.56364509932,1351583.7931109744,597.3812014407395,0.8446919322328641,-39.8004491201561,100.67008760990998,7.494949128973387,2262.514772562779,2261.514772562779,0.07765403388356795,-0.019841881565168064,2892965.5260710483,0.060063079048718694,0.0015883704353708472,2.5229206399601746e-06,0.0016914066270212191,1341527.3177516842,43810.451935684745,579.2482828823748,10.569230068936157,0.7935733387817185,0.06941885734676667,-40.063526852063454,97.6896977786284,-5.357559953880337e-06,1.0366325100111154e-05,-3601.3984276655524,0.09876100486084895,0.0016276373983395386,-0.0005720070504088863,-0.1608766380494617,0.11208296731399978,-0.9675855966756242,1789624143.6479166,Unknown Fault,8,0.65,1
0.06047191124738577,144543.45820730162,1325426.479037391,565.8161739629651,0.8098897906364468,-40.41570488232653,97.94281151670936,7.523065509895871,2342.5036964817223,2341.5036964817223,0.09505510468177658,-0.03458319343439081,2390257.8110353723,0.059918426770509264,0.0013640426315568266,1.8606123007044726e-06,0.0016782042291853955,1340725.3159854542,43914.21322673678,578.4815980707009,10.817673799523101,0.7978487222493449,0.0669570342359506,-40.08614259584482,97.74428859587772,3.866766726514987e-05,-5.218924355449475e-06,-3710.5294998445074,0.03212242086759882,0.0008725694517162329,-0.0016907255332018478,-0.3117426435451561,0.3046660328304503,-0.9677313453428827,1789624144.6479166,Unknown Fault,8,0.65,1
0.06187006226850958,138283.95650685678,1384759.08477367,566.6501575772048,0.7703687083154239,-40.35535658244887,97.312353330636,7.369525672971176,2443.7636983891593,2442.7636983891593,0.11481564584228804,-0.05294558357377846,2235070.588853118,0.0600289860296241,0.0014051149262498705,1.9743479559701787e-06,0.0014811578054807414,1339699.8481561579,42553.57218543893,577.7513706354713,10.974393675276579,0.7993061849316073,0.06593870721978028,-40.10646207262133,97.77677579567579,4.855930437106321e-05,1.2492663012388613e-06,-2607.3592965932,-0.012848422122992203,-2.0258025270926043e-05,-0.0017880483891527577,-0.3337435346618028,0.25301882628661576,-0.96517354484297,1789624145.6479166,Unknown Fault,8,0.65,1
0.05977119376522566,160336.6779162901,1405348.2491563975,572.2571234612536,0.7323681951784982,-40.17520944305076,96.69973047547552,7.247378646622931,2455.798611393871,2454.798611393871,0.13381590241075092,-0.07404470864552526,2682507.5394357024,0.06010432969815039,0.001337126975299371,1.7879085480732452e-06,0.0014024002293944876,1341608.5007958948,44347.374962787144,577.0626719375342,10.755144117117249,0.7977156255176746,0.06704531265374547,-40.11999203438024,97.71915840349291,2.4765843693367286e-05,4.986570117091015e-06,-1822.0532065227592,0.0536676528570839,-0.0009098872055013852,0.0002723772346232231,-0.2825868867631156,0.24456790902160358,-0.9697254095707951,1789624146.6479166,Unknown Fault,8,0.65,1
0.05899488369258703,157704.9683286845,1320164.003230703,589.5903199790021,0.7018876966944886,-39.96569927383563,100.27608297616042,7.490441303798076,2239.1208920759077,2238.1208920759077,0.1490561516527557,-0.09006126796016868,2673197.3767498224,0.060046822328385395,0.0013525999609700612,1.8295266544162114e-06,0.0014811578054807414,1338065.3208079545,42334.92482854386,576.6681298468297,10.086649894063328,0.7933281583657772,0.06953748025703273,-40.12958412773335,97.71944756421895,1.78071860276307e-05,-2.6263655955178334e-06,-1348.652393483734,0.39321948402296303,-0.001655865202588297,0.0056375690449143485,-0.3333909984067515,0.2737018986451861,-0.970208839059807,1789624147.6479166,Unknown Fault,8,0.65,1
0.05835307663915729,158785.97677811413,1310501.4632302118,581.8818620585746,0.6837394133686433,-39.93480298599247,96.70328205763724,7.6006916735667565,2252.1778881265273,2251.1778881265273,0.15813029331567835,-0.09977721667652106,2721124.3335122154,0.05998560581060507,0.0013926460667873588,1.9394630673383005e-06,0.0018026037250729737,1334647.88930914,40951.08376089893,577.3940616144771,9.777971852749543,0.7868364680675465,0.07185123819219727,-40.11629305032004,97.79930806885854,5.392829875543128e-07,-9.427307845556858e-06,-1024.368702967468,0.3120006231062241,-0.0021404184933601473,0.006060590878908408,-0.3631712854659259,0.3309399849334749,-0.9676876755084475,1789624148.6479166,Unknown Fault,8,0.65,1
0.0600716399174263,155047.3503292343,1403463.4006538969,586.2405692130493,0.680788560093555,-39.813820603592305,96.48950292388551,7.32016659771158,2394.0059326461515,2393.005932646152,0.15960571995322248,-0.09953408003579618,2581040.7463881522,0.06001581822281496,0.0013859758753301044,1.9209291269970494e-06,0.0018026037250729737,1334368.1481692635,40453.1280531411,577.5222944847362,9.871677885802587,0.7792654497817497,0.07265021311499656,-40.11553147568013,97.83778238974645,-5.359318010661676e-06,-6.275382268607055e-06,368.9418001700094,0.4500675516678172,-0.002287046767564611,0.01168697504062065,-0.33674487917271984,0.34965076122999417,-0.9647234236622032,1789624149.6479166,Unknown Fault,8,0.65,1
0.06236854122662996,121413.09285570098,1229745.2415580077,574.9871473152006,0.6935010117179812,-40.09586360730696,96.52820804050901,7.789287701444628,2138.7351826907484,2137.7351826907484,0.1532494941410094,-0.09088095291437945,1946704.0669513098,0.06007866037517375,0.001453943583150456,2.113951942984387e-06,0.0018110736496589758,1327837.2847786527,43520.739862736234,577.0935933585348,9.738853327194624,0.7718104008241201,0.07149676919872242,-40.11945292406198,97.72904704889358,2.4174817049927348e-05,-1.1126380329390587e-06,-10.321325470613173,0.5084900030348091,-0.0020726006447681455,0.013045565374028543,-0.3273569416384392,0.23528420496422933,-0.9719272647738864,1789624150.6479166,Unknown Fault,8,0.65,1
0.05939533031039189,157812.66176379911,1336358.2102117734,584.301005359166,0.7198697516518848,-39.99082339446746,98.57178598388317,7.398879262543817,2287.1057861526747,2286.105786152674,0.1400651241740576,-0.0806697938636657,2656987.694808526,0.06007778064771267,0.001454350064289805,2.11513410949976e-06,0.0018110736496589758,1327030.8492045554,43167.150087752394,577.8070299836513,9.586216158955397,0.765648309503408,0.06902650539614091,-40.09924192652934,97.69139272083568,1.1253786130927476e-05,-2.909162578977031e-06,355.1515186906826,0.4687349236908655,-0.0015309364525177252,0.010466460790762841,-0.3873211803113069,0.2846318069690687,-0.9646165251766595,1789624151.6479166,Unknown Fault,8,0.65,1
0.060075108415272443,152464.2106052458,1366791.1989714117,579.6124543013651,0.755731735655708,-39.968445160352225,96.33844110060485,7.390268498907426,2358.1121986394705,2357.11219863947,0.12213413217214603,-0.06205902375687358,2537893.2244504443,0.05996571634723332,0.0013376152061515634,1.7892144397278894e-06,0.00178940132723715,1329961.2373437611,43280.051070061476,578.7921257952046,8.379845726902994,0.7617520345470544,0.066687546978064,-40.07635743013311,97.72614553655063,3.9218472165378345e-05,-1.6174904571973222e-05,387.17659479030607,0.25718066922011434,-0.0007475710566543091,0.007260659118186881,-0.2661982309386703,0.20563440302876038,-0.9648624574696862,1789624152.6479166,Unknown Fault,8,0.65,1
0.05924987247643671,160987.6338778158,1410509.8337838706,567.8090878441998,0.7954251449887584,-40.11567930992834,93.95209651562776,7.3471808132994285,2484.1269081112314,2483.1269081112314,0.10228742750562081,-0.0430375550291841,2717096.715133683,0.05998563495292284,0.0013230199144247947,1.7503816939645914e-06,0.0015344125433874659,1333261.5623845684,46061.26507754654,578.4932157699945,8.629291247019273,0.7607367120993511,0.06597005321073743,-40.07603638456987,97.60045557359315,2.047259245844771e-05,-1.7134027917131862e-05,1111.1068045906218,0.12069590723412078,0.00015381937145811522,0.00642420773131716,-0.2736532537825342,0.23220074165391197,-0.9606958496513811,1789624153.6479166,Unknown Fault,8,0.65,1
0.058304405198287265,169647.62855238092,1392458.847408351,587.1846732056277,0.8326832630962612,-39.7780381341006,96.28793806694546,7.330924456923412,2371.4155204468734,2370.4155204468734,0.08365836845186941,-0.02535396325358215,2909688.006856889,0.06002002127537703,0.0012664976030651017,1.6040161785696477e-06,0.0015344125433874659,1334921.9988446452,47397.716412706504,578.4673742541892,8.602215073693406,0.7627626392498749,0.06735615013812717,-40.0738950705409,97.55584635743166,-2.045532959039824e-05,-1.3812511876536901e-05,1834.4070169518118,0.29429969840916714,0.00103092510299853,0.011619614810022222,-0.263580527385122,0.2054132944742866,-0.9641042264194578,1789624154.6479166,Unknown Fault,8,0.65,1
0.0626378050511878,125572.50495910787,1301896.4800392727,598.0813299498452,0.861623852360757,-39.74944113851628,100.11355242524422,7.577122494606418,2176.7883644661656,2175.7883644661656,0.0691880738196215,-0.0065502687684337035,2004739.8668661786,0.06009416207663157,0.0013598775802225174,1.8492670331918493e-06,0.0015560848658092916,1330944.3179699471,45802.86995956845,579.5541999111142,9.269361602582089,0.7675099666476557,0.06992523864545244,-40.052780699234965,97.64854361143233,1.1351465784634153e-05,-6.209349252630897e-06,2193.7211047538235,0.3997847398635894,0.0017452704287625911,0.012580520676318306,-0.10382752814645976,0.2958147864521963,-0.961207211361202,1789624155.6479166,Unknown Fault,8,0.65,1
0.05921109254781963,159540.48830909457,1371406.1470638174,578.8195409102416,0.8776778300832262,-40.05755215963471,97.45327453931866,7.393876282706108,2369.3155640653868,2368.315564065387,0.0611610849583869,-0.0019499924105672722,2694435.8133612825,0.06006420128723231,0.0013707089706097456,1.8788430821100282e-06,0.0015948647944263733,1331818.6020718822,46354.929342992335,580.0758009550107,8.836340183699226,0.7742291956808462,0.07208450737747288,-40.03543418592025,97.58067259135218,1.8595568111413832e-06,-9.742325165398169e-06,2753.262177229023,0.25525642118039793,0.0021840759288412966,0.008152133493798454,-0.1203162809479067,0.2442020645868623,-0.9620904689297548,1789624156.6479166,Unknown Fault,8,0.65,1
0.05950855821214223,161459.03990381575,1390734.2193267082,596.8579486476984,0.8783106261762453,-39.5039337468502,95.67359872359977,7.27703133240669,2330.092482604439,2329.0924826044384,0.06084468691187733,-0.0013361286997351021,2713207.0538195525,0.06006874012818739,0.0013686721678368378,1.873263503011189e-06,0.0015948647944263733,1334903.420601655,47590.426669581575,580.9323981225683,9.367724473215285,0.7818595078275524,0.07260000386159526,-40.01597473676432,97.6066400438512,-9.960597179358252e-06,-8.912435200260319e-06,3115.0501843017146,0.3638407387657603,0.002278063863230088,0.01350843349462395,-0.14175401512573355,0.19585319513778723,-0.962214109566258,1789624157.6479166,Unknown Fault,8,0.65,1
0.05871607702124936,166053.34116449772,1379667.641522092,580.1278927955525,0.863422336050651,-39.94842156170436,96.22302183929209,7.333160714584416,2378.2129055606565,2377.212905560657,0.0682888319746745,-0.00957275495342514,2828072.8139314037,0.06009563084359071,0.0013348087768565314,1.7817144707732295e-06,0.0015948647944263733,1338535.6725511744,47402.678807872326,581.0433138210547,9.341088676865933,0.7891962445751572,0.07119023950047253,-40.00358673000491,97.45111631623806,-4.269602808668975e-05,-3.7705001242844957e-06,3067.837599237993,0.320640557855368,0.002012395603696218,0.011710531325155786,-0.23303987263114673,0.06946228337998386,-0.9617817515308408,1789624158.6479166,Unknown Fault,8,0.65,1
0.060940301889373195,138940.7954974919,1308991.1411441606,573.5898973079117,0.8353634933534655,-40.00373532250414,94.49537052660776,7.5783119734468,2282.1028530798453,2281.1028530798453,0.08231825332326725,-0.02137795143389406,2279949.2485238323,0.060101004625475796,0.0013379244413931366,1.7900418108771363e-06,0.0017292093415535656,1337432.0384408317,47755.192900298716,580.4805955376037,9.349403009365561,0.7950810965114232,0.0686367722635521,-40.008331130285676,97.30297585992568,-2.7795799600606214e-05,1.5410815868481638e-07,2775.582061304147,0.3179851957730682,0.0014290143269048636,0.012893773847285498,-0.24599191903092305,0.11975624200885983,-0.9639447151096534,1789624159.6479166,Unknown Fault,8,0.65,1
0.06209203324281518,139550.883949728,1394049.76150882,571.7702762917459,0.7985639723885785,-40.36159297940187,99.51282550609876,7.275086428953566,2438.1291216290965,2437.1291216290965,0.10071801380571077,-0.03862598056289559,2247484.526783084,0.06024205955810849,0.00135440827719485,1.8344217813339217e-06,0.001956398659983795,1340448.177565508,48842.275055848484,580.4099227223935,9.408115718859413,0.7985849749117727,0.06645455134087899,-40.016080186650115,97.39949632586364,-2.47705208868685e-05,1.6322039837567236e-05,3110.349646827181,0.1681472602322011,0.0006200231090704913,0.008037540840005629,-0.35735584250428565,0.062380870312827616,-0.9668840417755722,1789624160.6479166,Unknown Fault,8,0.65,1
0.058197633509124234,168626.3547622826,1369826.1394520332,580.2992737812365,0.7588336083682674,-40.143455819171436,99.4393285457517,7.37917819731551,2360.5511868492113,2359.5511868492113,0.1205831958158663,-0.06238556230674206,2897477.862838621,0.060159494319073185,0.0014123655143275832,1.9947763460618185e-06,0.0019951785886008766,1344949.224517456,46079.12747637597,580.8353412058723,9.149480538901667,0.7991546944200887,0.06604902760557,-40.00801824428759,97.4418554113558,-4.3445096685433045e-05,1.1640162518808782e-05,2550.04871435031,0.059664775109506796,-0.0002868561246144089,0.0035725238547334253,-0.3186856299391928,0.09599614808114468,-0.9631269535526664,1789624161.6479166,Unknown Fault,8,0.65,1
0.06004822505767388,152967.87424637334,1358132.5585575362,577.7745669976755,0.7224449521798657,-39.85017744753653,93.72219165764392,7.382552530457544,2350.6271063727877,2349.6271063727872,0.13877752391006715,-0.07872929885239327,2547417.081844699,0.060113172475923335,0.001396171980322224,1.9492961986368808e-06,0.0017292093415535656,1348262.9531402183,43876.613812713535,580.7539505574711,9.167278524608243,0.7967003088530044,0.06769342947989833,-39.99576596670846,97.21262203125933,-3.400442938641508e-05,1.0906145116496031e-05,1975.1422132766013,0.021151394744474427,-0.0011484470836168167,0.003544854397471948,-0.30172640072309753,0.10396057128901579,-0.9607872591624251,1789624162.6479166,Unknown Fault,8,0.65,1
0.05870991829292066,156189.4022911633,1292260.1089890471,584.5384780193777,0.6951429725215394,-39.98060384009875,98.50125181202543,7.593582151949733,2210.735747230327,2209.735747230327,0.15242851373923028,-0.09371859544630962,2660358.025229902,0.05999835031563268,0.0013887973974832603,1.928758211256277e-06,0.0014770275547987405,1347524.2638862897,44650.951063076114,581.2833624671381,8.986597918389728,0.791609311724518,0.07030349965835074,-39.98601223443351,97.26850055231287,-3.228454667918742e-05,3.014582579504922e-06,1082.836754620861,-0.03842220840482127,-0.0018287235001772312,0.0013980006866130769,-0.26288979397838325,0.13756975086737827,-0.9612522974919588,1789624163.6479166,Unknown Fault,8,0.65,1
0.060288999442352054,143334.72985185933,1323094.4187420646,588.2834544838141,0.6812380516652523,-39.76770438772963,96.55482266247532,7.601245488582635,2249.076374080597,2248.076374080597,0.15938097416737385,-0.09909197472502179,2377460.750346588,0.060002940847880576,0.0013895606435093224,1.930878781990042e-06,0.0014770275547987405,1347141.139738244,44817.52303641452,581.6337610440696,9.081427667402608,0.7846854595403434,0.07228096352774245,-39.98129528898246,97.33153526685066,-2.7842773458097993e-05,6.362813721200173e-06,708.8130773202508,0.008595301529114486,-0.0022202846860425334,0.0044169921450781125,-0.2519386834350431,0.11687970606351797,-0.9593813489584129,1789624164.6479166,Unknown Fault,8,0.65,1
0.05898102676459892,158627.64343577297,1335875.2270085833,577.2716389780154,0.6829254708727319,-40.047661736626544,96.67276071929027,7.468868807548221,2314.118929129408,2313.118929129408,0.15853726456363404,-0.09955623779903512,2689469.0061751027,0.05985907737338654,0.0012987674240100596,1.686796821669726e-06,0.0014568449556317878,1346839.861686717,44866.90022186341,581.5960499548524,9.097491629267143,0.7770218763186599,0.07250680498680853,-39.98370598998641,97.35509509752437,-1.1529098743852085e-05,-5.635016075230722e-06,567.4804223239009,-0.06586388897531273,-0.002261311739614208,0.003743389556757688,-0.25795860890271466,0.05888396399461822,-0.959061928997901,1789624165.6479166,Unknown Fault,8,0.65,1
0.05731528996114808,178831.5725846838,1384901.933939691,585.3145822246184,0.6999388237541007,-39.88457317335194,97.26011762882104,7.313848011581644,2366.0813791381424,2365.0813791381424,0.15003058812294967,-0.09271529816180159,3120137.2741184267,0.05975292040753383,0.0013906388791521105,1.9338764922094383e-06,0.0017217946989813437,1351375.789152992,42701.19138815534,581.5372618578417,9.068477602324258,0.7698284733432594,0.07085791757600396,-39.978297633331984,97.24406893462783,-3.3908845977567236e-05,-1.3696657958515908e-05,165.46148369697943,0.020343371234414463,-0.0019453273912363779,0.004297700713044048,-0.27223131747757795,0.12352711717631293,-0.9548437971077622,1789624166.6479166,Unknown Fault,8,0.65,1
0.06092961138517539,147548.00738425853,1396670.8884578361,601.9975661907278,0.7295920759790915,-39.60544746743677,99.30281805722126,7.327476481015287,2320.0606894402895,2319.0606894402895,0.13520396201045426,-0.07427435062527887,2421614.122097585,0.05977258999413162,0.00140360512032994,1.9701073338164256e-06,0.001755834226136406,1353784.6588351326,43482.67180284461,581.9375288918724,9.718585314921674,0.7642409307753715,0.06825506002240635,-39.972567731124855,97.307890209655,-1.619756998006095e-05,-9.375615004255202e-06,434.3036651780098,0.3137440037437802,-0.0013222186216522284,0.010035420659247904,-0.22316556425156112,0.07999072977052393,-0.9553747496139092,1789624167.6479166,Unknown Fault,8,0.65,1
0.05971294865007191,153106.78281823566,1341924.6393372612,586.6655493499768,0.7672036310372595,-39.88537771787322,97.80918086906925,7.455259453566877,2287.37590067136,2286.37590067136,0.11639818448137024,-0.05668523583129833,2564046.5975892027,0.05984862184739849,0.0013456359609808823,1.8107361394849425e-06,0.00149088448278685,1353398.2926841844,43543.38202773716,581.5089028082418,9.253165211432663,0.761141398727547,0.06626162296563477,-39.97596487503354,97.19345394002134,-3.6352482221006304e-05,5.091076399391189e-07,302.8179048791481,0.5118239949995692,-0.0004903606046598732,0.012561437660489028,-0.18819118524569375,0.15926520308866227,-0.9589686695439243,1789624168.6479166,Unknown Fault,8,0.65,1
0.060212554993576035,144539.67093919322,1327411.8210082126,576.3693374402079,0.8068354513880097,-40.07035361282631,96.67475616963246,7.583768523831133,2303.0576659465637,2302.0576659465637,0.09658227430599514,-0.036369719312419106,2400490.5779967965,0.05983824759724612,0.001341784938344713,1.8003868207687256e-06,0.0013079726777531359,1353477.706363017,43494.07759615192,581.9310293473316,8.754942110459687,0.7610192251576099,0.06617438614034953,-39.962150824253534,97.14273172613828,-2.6760205333340928e-05,2.555686734121471e-06,-216.77535475160067,0.3074545646880268,0.00041891456975646845,0.00729275693101051,-0.16949111393396565,0.15372217395805463,-0.9535666140767173,1789624169.6479166,Unknown Fault,8,0.65,1
0.06064687545065512,143860.45780706248,1314560.1248239458,581.3805719616163,0.8422305440226536,-40.226463058323624,101.23145425188484,7.501644504574136,2261.100883348292,2260.100883348292,0.07888472798867319,-0.018237852538018066,2372100.075033766,0.059789320124531926,0.001288028434880389,1.6590172490604243e-06,0.0013079726777531359,1350669.747965028,43649.65402243688,582.520245922708,8.183749362971673,0.7638936985858991,0.06805219616310268,-39.95699508328852,97.29949576298823,1.0221984876846746e-06,-9.28223342337303e-07,-263.20078485188594,0.1495647018878492,0.0012620523447042457,0.0009208941114870583,-0.08707748436351348,0.178622658355441,-0.9523528203012325,1789624170.6479166,Unknown Fault,8,0.65,1
0.05917960801684411,158725.78824697473,1351533.6519698617,577.2360721371355,0.8678008020816811,-39.963608809982226,95.31274428187709,7.422491101755758,2341.3880684309943,2340.3880684309947,0.06609959895915946,-0.006919990942315345,2682102.73041682,0.059765656694596665,0.0012935664276404596,1.6733141027185002e-06,0.0013079726777531359,1348517.164077567,42203.0685186478,582.7194038697432,7.989851196709789,0.7693110028620264,0.07066730056166703,-39.94853105796578,97.2440163152443,-4.787176868650177e-06,-3.0326620616397404e-06,291.55872556796226,-0.0018435115165951943,0.0019059398044374573,-0.0013222992710002811,-0.08837876560465856,0.14470655936357402,-0.9490623533439537,1789624171.6479166,Unknown Fault,8,0.65,1
0.061458779327372835,138290.3785470976,1350861.1874580998,574.5802073248252,0.8795092440565538,-40.14351634992514,97.1298151883039,7.471722370615183,2351.0402381375848,2350.0402381375848,0.06024537797172308,0.0012134013556497555,2250132.203414999,0.059864212519988094,0.0013245768309764411,1.7545037811595918e-06,0.0016658486860562025,1349745.0514466625,41804.96374382485,582.1189993635762,8.014905979685134,0.7764158647565089,0.07243823791372582,-39.95564374100936,97.11816560373003,3.1339174138026693e-06,6.569507515061803e-06,29.66425599655262,-0.008265395454020562,0.0022489212768654118,-0.0032938456631698243,-0.13728082543141418,0.1866832083190522,-0.9494263898963856,1789624172.6479166,Unknown Fault,8,0.65,1
0.059785898670201225,160631.91832741088,1419802.0289004457,600.4008485038019,0.8755073644047295,-39.41574882411619,95.62881936380596,7.236151894268361,2364.7568660813695,2363.75686608137,0.06224631779763523,-0.002460419127434006,2686786.0465476923,0.05992152540122985,0.0012884576326572502,1.6601230711527255e-06,0.0014672674338110092,1354117.074073472,43165.46358754273,582.8597588213853,8.778199373689386,0.7840865827979523,0.07237172392033821,-39.93488157453431,97.07518709597679,-1.2700338469461158e-05,1.2569129908258224e-05,283.9081657131174,0.15811876202112296,0.0022368475289703317,0.0018982072737052718,-0.1285770109163846,0.12397434293877839,-0.9535794693101186,1789624173.6479166,Unknown Fault,8,0.65,1
0.06077394782808332,142893.23643073585,1337646.100848001,578.1770634069524,0.8564269719298776,-39.92956330865581,95.14444385390053,7.499886276590753,2313.557879598024,2312.557879598024,0.0717865140350612,-0.01101256620697788,2351225.180153685,0.05994961771765613,0.0012990371349363824,1.6874974779437254e-06,0.001594339811239208,1351484.3820812362,42068.69976695244,582.5372185891414,8.796173164531465,0.7911121192714053,0.0705040018485947,-39.939511282736845,97.02138473317738,-3.3306785980801744e-06,1.605780864835942e-05,625.3316786668636,0.148701985189151,0.001871624740067207,0.0031579086681576577,-0.1298825774394471,0.15777105609464906,-0.9532701661575704,1789624174.6479166,Unknown Fault,8,0.65,1
0.05827688926015535,165728.22559353497,1366396.680596015,592.2102605366788,0.8252804410639981,-39.857950018059604,99.56315171736622,7.435679162744704,2307.283023697943,2306.283023697943,0.08735977946800094,-0.029082890207845595,2843806.9996101432,0.059785951638997144,0.0012403967408256065,1.5385840746507869e-06,0.0016658486860562025,1356950.4396427562,33999.64775232988,583.2261431180004,8.852152953098413,0.7963832964452461,0.0678867498391348,-39.92999473916696,97.14278248025167,5.4179861147276494e-06,1.438248399241607e-07,-454.40774027515613,0.1624908904270102,0.0012109135580030547,0.0023472586348619183,-0.0943444252123987,0.2668549201600263,-0.9277370253774329,1789624175.6479166,Unknown Fault,8,0.65,1
0.06012448952463929,151172.04326169062,1358446.8733260373,578.1752776747579,0.7869851241807128,-40.18263038688319,99.21636225465109,7.414794347515012,2349.541610961455,2348.541610961455,0.10650743790964362,-0.046382948385004334,2514317.28496821,0.059815118007567045,0.0012394411291793493,1.5362143127013802e-06,0.0016658486860562025,1357833.9861673273,33739.048132018164,582.9811140106242,8.903640219433717,0.799067911346399,0.06611175213800116,-39.937667018863586,97.16856553108236,4.636737926910084e-06,2.476096004086643e-06,-646.5168005854715,0.1266161395164246,0.0003590257507045224,-0.0005930492816776004,-0.10748063848910559,0.25713232937198577,-0.9416490935141683,1789624176.6479166,Unknown Fault,8,0.65,1
0.05860928694823104,164215.9923303692,1361844.146941867,578.4080712762702,0.7475870097782437,-39.92030999464945,95.08877279008367,7.403307959059611,2354.4694733199826,2353.4694733199826,0.12620649511087817,-0.06759720816264714,2801876.6458534026,0.059756485148885395,0.001260251499442322,1.5882338418466206e-06,0.0019307984294057584,1357636.1040861455,33700.418404900935,582.9329386896204,8.924969599953915,0.7987421223113005,0.06634416324268577,-39.935741612235475,97.11857879866153,-3.894106236060682e-06,-3.2247904236507603e-06,-519.9278038565643,0.050716840260565554,-0.0005495443283699764,-0.0007406120115104369,-0.1072210569476247,0.2868605942747196,-0.9414508098329545,1789624177.6479166,Unknown Fault,8,0.65,1
0.06095510102823148,146896.1210640482,1385549.5833098583,570.8668573034057,0.7133061938347738,-40.15867006439053,95.87200054924749,7.340169361303721,2427.0976070580728,2426.097607058073,0.1433469030826131,-0.08239180205438162,2409906.941110851,0.05982469429095718,0.0012770208689907344,1.6307822998378504e-06,0.002057870806833957,1356637.6940671846,32466.330548868722,583.0552494679887,8.73581711453288,0.7954573642651411,0.06842726198229654,-39.93746124241396,97.19537496000632,2.103913618031744e-06,3.4519475841565196e-06,266.4723782626559,-0.21190088098946935,-0.0013713534413787203,-0.004597790085254953,-0.1561059770695837,0.229394035002506,-0.9552473510112721,1789624178.6479166,Unknown Fault,8,0.65,1
0.060412210536118296,140685.85238583296,1285889.451641807,569.5099194953071,0.689554863420998,-40.020172208862206,93.12271314883323,7.651262337024383,2257.887716479718,2256.887716479718,0.15522256828950098,-0.09481035775338269,2328765.18070336,0.05990900650447042,0.0012429921990953247,1.5450296070118315e-06,0.0017929210634844012,1352374.918236523,34420.60012128608,582.3482593195758,9.081388579681342,0.7897322282781306,0.07101194185469399,-39.94714660540442,97.06876596328183,-7.675750430257165e-06,1.1867226030471012e-05,-28.37678763685981,-0.2956404587455236,-0.0019766559993211474,-0.0037670448462589472,-0.12991390382043572,0.23001538811848982,-0.9613958409610172,1789624179.6479166,Unknown Fault,8,0.65,1
0.061331897663132906,149208.16689006164,1429637.6965261442,575.1854016098257,0.6800828313648621,-40.27595083234597,99.51725063943218,7.1832561115327005,2485.525002068693,2484.525002068693,0.15995858431756893,-0.09862668665443602,2432798.7976108533,0.05985677020894824,0.0011512741142209663,1.3254320860752707e-06,0.0017929210634844012,1357484.566895998,35993.440662627785,581.432422185975,8.58975795028055,0.7824705874382949,0.07255444744118654,-39.968206993157615,97.04491389184936,3.2746614963031745e-05,5.609088079883172e-06,180.03370691021706,-0.20442843899436988,-0.0022698880376942833,-0.004825106118376363,-0.29930986171632107,0.06986272035005801,-0.9661256467029271,1789624180.6479166,Unknown Fault,8,0.65,1
0.05957986323083651,155042.82977249494,1334557.9556967777,577.5229945697718,0.6863855232569338,-40.17508040868833,98.82972425052148,7.43231386559215,2310.8308556457782,2309.8308556457782,0.1568072383715331,-0.09722737514069658,2602268.977553645,0.0598715210362689,0.0011452535144964562,1.3116056124664849e-06,0.0017929210634844012,1356010.6392413164,36147.31071976613,581.3805603323563,8.609268901687141,0.774818895165243,0.07219637296375654,-39.97290812311976,97.09997188029746,2.3733773938406836e-05,4.305767584226398e-06,107.61925136484116,-0.2666442759012739,-0.0022047546652267627,-0.007628158541892402,-0.2965562890086181,0.11455415540754842,-0.9613051098619707,1789624181.6479166,Unknown Fault,8,0.65,1
0.058782499216922926,165166.38247568533,1379999.912547369,565.293011005922,0.7074678826310808,-40.150785129928856,93.49289075080327,7.341463996707205,2441.2117002679734,2440.211700267973,0.14626605868445958,-0.08748355946753665,2809788.366877322,0.059842478676460135,0.0011631557136754164,1.3529312142557675e-06,0.001991448611160393,1355581.2669701427,35794.32972575826,580.1179628266852,8.561293496364502,0.7679851854234364,0.07013302717233517,-39.99878217844291,97.01274356138559,1.0051636595484908e-05,-1.324029544900464e-07,676.2944981207861,-0.2603708480687838,-0.001791539009278237,-0.004580356380511569,-0.2613266595150765,0.16806055994235283,-0.9615661026002151,1789624182.6479166,Unknown Fault,8,0.65,1
0.060634702112048924,150106.18619964324,1390473.793975195,568.0453483993691,0.7400014685011649,-40.357312460646334,97.91592111505692,7.32546485622302,2447.821811926203,2446.821811926203,0.12999926574941756,-0.06936456363736863,2475582.1496781977,0.059919223680092115,0.0011495194256708654,1.3213949099946763e-06,0.0017929210634844012,1356013.513068267,36146.10081179736,579.634661050838,8.88212151147519,0.763048350721457,0.06753712098689582,-40.01513781440058,97.08045953241619,6.1004517565045125e-06,6.502279118552376e-06,1239.2431083023,-0.3717110661707213,-0.0010954787361347528,-0.007386260510388512,-0.2820906996515873,0.22543594473156156,-0.9620505934915491,1789624183.6479166,Unknown Fault,8,0.65,1
0.0610627958733899,149141.41827616433,1421234.6913179173,563.711822814473,0.7788499430069742,-40.43336045611262,97.36065090966417,7.250458409076731,2521.2078828186463,2520.2078828186463,0.1105750284965129,-0.04951223262312301,2442426.9498796,0.05992412343945278,0.0011541131523492372,1.3319771684254933e-06,0.0017929210634844012,1360503.2550752172,36987.711011142506,579.2395380711004,9.34964516584665,0.7607878087075974,0.06600728050447903,-40.03232281974492,97.19507074773847,2.686728486437178e-05,5.383041538864358e-06,1371.0610344426275,-0.5791387488587368,-0.00022646645794835603,-0.01113275228415054,-0.3358408798333184,0.2006052490377089,-0.9613604121351853,1789624184.6479166,Unknown Fault,8,0.65,1
0.05994470694028479,153684.41181330953,1373929.4452214679,577.0663422730938,0.817879986224522,-40.07004457999386,96.94995246958332,7.386597349223768,2380.8864675931186,2379.8864675931186,0.09106000688773902,-0.031115299947454232,2563769.507896762,0.05983823038735157,0.0010661253128154773,1.1366231826258994e-06,0.0016658486860562025,1359698.442423723,36464.21289370618,579.4513807103543,9.237332069453359,0.7615604492610352,0.06655571526036688,-40.020660883768606,97.09255582627785,4.873638444413735e-05,-6.568155249103906e-06,1830.4601616671266,-0.6738916355569573,0.000678299894402297,-0.014773654744556365,-0.25471096369684,0.17080324230180513,-0.960817341043974,1789624185.6479166,Unknown Fault,8,0.65,1
0.05877306658455869,162196.88181601046,1351189.6831076224,587.8832890680555,0.8509296125225733,-39.48810557166221,91.9559374224843,7.420130257657561,2298.397842281929,2297.397842281929,0.07453519373871337,-0.015762127154154676,2759714.4617705564,0.05986124771036895,0.0010362499784628463,1.0738140178642494e-06,0.0016658486860562025,1358952.9841699465,36440.036545940624,579.754741321827,9.383570873419098,0.7652442894272073,0.06881329103219558,-39.994446873868235,96.79322018134714,2.249813440531441e-05,-7.785540409234244e-06,1853.1947382631467,-0.5875797046232002,0.0014759776078888181,-0.011085708909910301,-0.36305602769944667,0.1128655397268238,-0.9599799276413342,1789624186.6479166,Unknown Fault,8,0.65,1
0.06162805074076946,147286.59817814568,1452722.031039572,578.3719313450607,0.8727810126040398,-40.12340372761185,98.33614686047532,7.164899556050738,2511.743658896317,2510.743658896317,0.06360949369798008,-0.0019814429572106163,2389927.9047083277,0.05992444073769277,0.0010923762886272251,1.1932859559549905e-06,0.0017929210634844012,1362736.5630692279,40807.3429212011,579.7786358957223,9.379257662999253,0.7712577318441745,0.07133303635407251,-40.00537592507124,96.9777783894604,4.067685892821472e-05,-4.731865949614854e-06,2710.5509147817406,-0.6201458476502506,0.0020406309108938554,-0.010833385604226666,-0.38104763185752005,0.20004655348443404,-0.9675805593278133,1789624187.6479166,Unknown Fault,8,0.65,1
0.060314712992828236,151139.35704932324,1365517.1318588725,565.3051147895958,0.8799843308647691,-40.38034484008746,97.16268979945785,7.371647251176228,2415.5400263220904,2414.5400263220904,0.06000783456761544,0.000306878425212799,2505845.581447011,0.05998863252568907,0.0010659527554632805,1.1362552768797602e-06,0.001594339811239208,1365666.8439840209,38187.49441076261,579.0093013665312,9.739182067187114,0.7786513861779035,0.07262820816320929,-40.021365565070795,96.92423590895768,3.213414760482102e-05,-2.0472007583316647e-06,2031.453162807419,-0.7061491597010202,0.002283113462472997,-0.014046916277728305,-0.38732908390616966,0.16938017534515837,-0.9639871102815585,1789624188.6479166,Unknown Fault,8,0.65,1
0.05952976178102201,148878.1923525937,1289071.3947165648,596.1902665221455,0.8714023217379951,-39.78617696243099,99.96769575281792,7.614985759023321,2162.181214792916,2161.181214792916,0.06429883913100243,-0.004769077349980416,2500903.546367891,0.05995826301923587,0.0010677764995470616,1.1401466529849762e-06,0.001594339811239208,1364305.9230230013,40231.96094910043,579.3255738480644,10.15473608522983,0.7862579569808134,0.07198285791683132,-40.02210446805885,97.06075083257139,3.090208682067797e-05,-8.026681305765557e-06,898.6939940728747,-0.45481410401482714,0.0021651425994396387,-0.009339332787641558,-0.41510773291409925,0.166690311409703,-0.9731455473490327,1789624189.6479166,Unknown Fault,8,0.65,1
0.059464754828664305,159180.10867887,1391404.177101633,560.2397718858379,0.8483898957635696,-40.62175975584921,98.96492863016594,7.347027793802331,2483.5869335338166,2482.586933533817,0.0758050521182152,-0.016340297289550894,2676881.6105862265,0.059977612141798475,0.0010541890958990269,1.1113146499124075e-06,0.0013091929994190135,1366527.0810267231,40133.74608558586,578.6442991643773,10.81926509933429,0.7928765339764468,0.06974981919469535,-40.04506838882776,97.15243754900645,1.6574264053647855e-05,-8.450744385432614e-06,864.5247638853003,-0.6515300862127931,0.0017053433271227308,-0.015130185052921852,-0.34290226640310123,0.10088884433406294,-0.9724558058823646,1789624190.6479166,Unknown Fault,8,0.65,1
0.05705072865454024,174118.98247491586,1335123.390244794,566.6027151974865,0.8145802090054992,-40.48489915325779,99.38810168692642,7.480926006756823,2356.3660293781745,2355.3660293781745,0.0927098954972504,-0.03565916684271015,3052002.780354656,0.05996702968953417,0.0010818272338005525,1.1703501637925552e-06,0.0013091929994190135,1364535.9392789272,40406.623125529986,577.895824483292,10.978003719919435,0.7974621893865026,0.06721126619316642,-40.069081428023985,97.23755691133064,-3.70663437890861e-05,-8.483247998630266e-06,758.3930704125587,-0.6959803383816812,0.0009763078405520621,-0.017585209185210168,-0.10371101196282914,-0.06837119646153707,-0.9736268839726763,1789624191.6479166,Unknown Fault,8,0.65,1
0.059755230634628606,158040.3457018111,1387366.5069042274,581.3820540027772,0.7753110675952957,-40.15745379188804,100.10477223788838,7.311811843936453,2386.324960243097,2385.3249602430974,0.11234446620235217,-0.05258923556772356,2644795.175641503,0.0599200544595123,0.001064366151430964,1.1328753043119618e-06,0.0011821206219908148,1364163.7640167829,40150.96352962599,577.071203995774,9.853271560418591,0.7992909490511508,0.06594985017029675,-40.09116168100204,97.26963507855733,-2.9395595031802187e-05,-9.81119588379237e-06,1290.4862633582666,-0.42278234112746105,9.313481302065483e-05,-0.013764614476544543,-0.17355343518126343,-0.029696585762602885,-0.9734823062966983,1789624192.6479166,Unknown Fault,8,0.65,1
0.05972082744530319,158837.15860504276,1392340.917907332,567.2802777711775,0.7367822055115222,-40.34710107951472,97.43764145084216,7.298452447414016,2454.4144622439308,2453.4144622439308,0.1316088972442389,-0.07188806979893572,2659661.0495813666,0.05992036961132155,0.0010643059468342585,1.1327471484667676e-06,0.0011821206219908148,1366180.415159586,40249.3220305635,576.2957931326221,9.830469438386496,0.7980740920301213,0.06680577728114614,-40.1096306154677,97.25477350182824,-3.3305671718905623e-05,-6.751699730690491e-06,1328.1918217065825,-0.41721666812017055,-0.0008047421536379075,-0.014069292369988762,-0.16008997730177452,-0.026044966546284874,-0.9735239345047274,1789624193.6479166,Unknown Fault,8,0.65,1
0.059949202872135184,141678.17753913472,1282378.9357963689,586.302983502347,0.7050764829043642,-39.84975591638987,97.09153342574858,7.729124161679871,2187.2290810050695,2186.2290810050695,0.1474617585478179,-0.08751255567568272,2363303.7763874545,0.05990983552646391,0.0010626638903698657,1.129254543896018e-06,0.0011821206219908148,1364379.0997511118,42866.66010734671,576.6931389751076,10.024259756896761,0.7940037332907753,0.06920488287168396,-40.100806707610246,97.27144459207288,-3.0117664719619567e-05,-4.705556410726185e-06,166.95376299392862,-0.32410716009300394,-0.0015755680289121666,-0.011277678967471762,-0.1579165103642852,-0.028614794381599157,-0.9759632841424181,1789624194.6479166,Unknown Fault,8,0.65,1
0.05698712445335887,183239.36583779805,1428133.9032633142,571.9330636368164,0.6851995362278814,-40.18408354717839,96.71100572805662,7.277263050464811,2497.029799574928,2496.029799574928,0.15740023188605928,-0.1004131074327004,3215452.0445714076,0.059763445486572066,0.0011948995718454518,1.4277849867964438e-06,0.0014550940952048133,1368922.0508886867,43361.52594228938,576.3152386421156,10.018504208762522,0.7877224929789846,0.07162655202112088,-40.09911152716443,97.09062665111976,-4.9726136921754125e-05,-1.4992333132577464e-05,257.2698922964429,-0.32117198719675866,-0.0020976463560201,-0.013302951762926911,-0.09973427386508434,0.09667921425088152,-0.9743583982778523,1789624195.6479166,Unknown Fault,8,0.65,1
0.06017846862329596,156274.12488549473,1397366.4876986116,576.3933165152916,0.6802894983078717,-39.99062298243357,95.40752102700661,7.262353527603603,2424.328054576843,2423.328054576843,0.15985525084606417,-0.09967678222276821,2596844.4937297516,0.05980339991083015,0.0011914041091489324,1.4194437512969612e-06,0.001169947283384619,1370755.3643178367,43556.056716067375,576.2815284172419,10.016766777502633,0.7802220408280323,0.07265864492388958,-40.10019209406249,97.09441772092494,-5.173352881850543e-05,-6.230569158838474e-06,345.9499351998089,-0.3112429334172428,-0.0022885524465726405,-0.010946491870512247,-0.085115509159704,0.1000480105945319,-0.9735559809062763,1789624196.6479166,Unknown Fault,8,0.65,1
0.06082930942606913,145150.88466728653,1367345.622464409,578.805261441459,0.6911215561699623,-40.205110551288016,99.83720587549172,7.420594866389754,2362.358661113698,2361.358661113698,0.15443922191501885,-0.09360991248894973,2386199.778310822,0.05977822111477799,0.001162453505459944,1.3512981523561123e-06,0.001169947283384619,1371414.741718089,43374.292164374696,576.4505305819072,10.022277402863075,0.7726865333125685,0.0717337627224078,-40.102655862117004,97.20271334841246,-2.570980066625707e-05,-4.922079430313143e-06,115.53362641695618,-0.30496014719478903,-0.0021181464265157624,-0.012348212495835977,-0.09164914464256411,-0.02110251911797551,-0.9732621959423242,1789624197.6479166,Unknown Fault,8,0.65,1
0.06069108731900604,137569.7476658796,1279762.6161296985,564.938008432094,0.7159855660530801,-40.45217999658551,98.17004695494471,7.679884183921208,2265.3151266658438,2264.3151266658438,0.14200721697345997,-0.08131612965445392,2266720.761530964,0.05981442866073018,0.0011761453126424514,1.38331779645081e-06,0.001226332490341736,1365813.1652072591,45741.69721287071,575.0320169790389,8.988363644514049,0.7663056613785026,0.06935944234884613,-40.14411310901578,97.304362452058,-1.720656784222739e-05,6.494887055741236e-07,-246.61312257538927,-0.17172640320488786,-0.0016133316595278934,-0.00870551874169099,-0.14041360196373082,-0.044505749664446786,-0.9760195148860475,1789624198.6479166,Unknown Fault,8,0.65,1
0.05948928622431492,157231.49071502325,1359278.1468497135,574.1737545546667,0.750956047506674,-40.32131324687987,99.8420273451415,7.393483212058712,2367.3637745841925,2366.3637745841925,0.124521976246663,-0.06503269002234807,2643021.9741106657,0.05976304219657945,0.0011610679784622843,1.3480788506104954e-06,0.001169947283384619,1366678.4470473276,45404.042433067414,574.8718846249474,8.966540611038871,0.7620868244015745,0.0669140049520703,-40.159783106544744,97.49226579170765,-1.0612690966375412e-05,-2.9714615114728922e-06,-588.6070125453142,-0.148198361304573,-0.0008538072974464078,-0.00819571431837525,-0.16658113301798386,-0.09147333350164077,-0.9749487098237011,1789624199.6479166,Unknown Fault,8,0.65,1
0.059114553225315135,162558.80019520893,1379000.2745518142,594.0861192696419,0.7905119304403686,-39.911103728988984,101.17468902822631,7.33594203724963,2321.21274984026,2320.2127498402597,0.1047440347798157,-0.04562948155450056,2749894.7606965075,0.05979654875518585,0.0011293501038018416,1.2754316569572304e-06,0.001169947283384619,1367182.5908055597,45468.04185319082,574.9469189742659,9.117890201402219,0.7606960839766294,0.06594036729086127,-40.161909254981914,97.55672728414203,-3.146027237305628e-05,2.298397452402451e-06,-477.68473086317965,0.20254756376376604,4.051446338208215e-05,-0.0028818814868554143,-0.1312389427533142,-0.05426149016819743,-0.9760307956671399,1789624200.6479166,Unknown Fault,8,0.65,1
0.06129552640650349,132521.97137529473,1293566.2185563075,567.1643850854373,0.8284082106939161,-40.30755005215271,96.75393777357846,7.691439899428411,2280.760662292724,2279.7606622927237,0.08579589465304194,-0.02450036824653845,2162017.0205640662,0.05984339023046042,0.001165681383220361,1.3588130871865342e-06,0.001226332490341736,1364587.3646147705,47689.93532300594,574.5064832706931,9.216710881280473,0.7623530074371574,0.06709053123868282,-40.16690604159269,97.45823030489915,-1.4344147897128189e-05,9.036917781838503e-06,-1244.577649497652,0.16299237641026654,0.0009284398812747952,-0.004433469395137111,-0.1548458747489928,-0.005157447193820719,-0.9754168307442661,1789624201.6479166,Unknown Fault,8,0.65,1
0.0588307112833216,152564.45977704125,1286897.92377397,596.51766174601,0.8586618988789104,-39.66821275092974,98.18225977202943,7.666634630664346,2157.350915658077,2156.350915658077,0.07066905056054479,-0.011838339277223185,2593279.1980418055,0.05985224720386403,0.0011570803562239815,1.338834950759416e-06,0.001226332490341736,1361589.5156880545,50064.636140925766,575.2308668894827,10.158435479847416,0.7667960030011842,0.06959665141126956,-40.156822151843905,97.58196978417696,-3.6032986385318575e-05,1.2326341989069393e-05,-1989.1431262956125,0.4051883654689622,0.0016697850564556852,0.0026358137573379717,-0.1741121274325803,-0.06299359267859435,-0.9777798334038946,1789624202.6479166,Unknown Fault,8,0.65,1
0.05616297067597932,176292.06802658527,1308658.3187236718,564.1655819489564,0.8764966028492114,-40.34833714264905,96.18123092515518,7.604977319592376,2319.6351578251265,2318.6351578251265,0.06175169857539431,-0.005588727899414989,3138937.7361049154,0.05966056198977396,0.0013408470155501786,1.7978707191098207e-06,0.0015201488867337895,1358513.865104607,50853.84190282445,574.9628158753048,10.356534077476288,0.7733236193617617,0.07188884885157927,-40.164408834974246,97.59433899921326,-5.9059308399041464e-05,-1.6001378851240863e-06,-2238.138114364183,0.2594071778494868,0.0021475078864656803,0.0008495039475165647,-0.07291963568457271,-0.1831121262716679,-0.9783286489845362,1789624203.6479166,Unknown Fault,8,0.65,1
0.060856538881936484,146361.84093003374,1381147.6972784318,589.7405822913738,0.879096614997482,-39.839447499504935,98.28557946560966,7.379027502187159,2341.9580384177234,2340.958038417724,0.06045169250125898,0.0004048463806775038,2405030.6445126645,0.05967833512360667,0.0013535768328389018,1.8321702423981922e-06,0.0015765340936909067,1362324.1949300722,48796.65992689379,575.7720423871474,10.684048043842504,0.7809052894248211,0.07264539733263048,-40.15717984659996,97.80085365188434,-4.0503036238712994e-05,4.926848216480096e-06,-2755.4545673876455,0.3412883655824553,0.0022861864406185407,0.0052915133052767625,-0.04033636974462094,-0.10379842180854959,-0.9760573632099561,1789624204.6479166,Unknown Fault,8,0.65,1
0.06189525003809236,138881.11728431462,1382617.7298281172,586.6132576364519,0.8660514505745925,-39.8290846387231,96.8818732909922,7.344964738956712,2356.949338988485,2355.949338988485,0.06697427471270373,-0.005079024674611368,2243808.9707827764,0.05970086921860505,0.0013852365009624102,1.9188801635985818e-06,0.0015765340936909067,1360443.396262151,47040.46575931215,576.2291566282125,10.891622523800377,0.7883440341932102,0.07145212983710246,-40.13930519885504,97.69543855794674,-3.5035808635827883e-06,9.229978994212194e-06,-1894.9946139065073,0.43549471395666306,0.0020639264244783823,0.007132374597449106,0.05671537150177483,0.03884576767257204,-0.974260352389978,1789624205.6479166,Unknown Fault,8,0.65,1
0.058557694203551086,160525.606489933,1336069.749304278,582.8495489038409,0.8394206542057668,-40.02328875584341,98.51647026485813,7.510599752168921,2292.3063967657017,2291.3063967657017,0.08028967289711658,-0.021731978693565496,2741323.8972821156,0.05965998245751363,0.0014031737964360462,1.968896703004747e-06,0.0018603760356844384,1360503.8680064508,47008.1110802349,576.4422188015753,10.966689053757516,0.7944654394311635,0.0689671413250794,-40.133233532741244,97.6829083985202,-1.5266025495612473e-05,6.186311563118425e-06,-2378.836529940605,0.5095444066857482,0.0015158178075392187,0.007845543511531262,0.04241117294729384,0.01308300761722764,-0.9791163539877372,1789624206.6479166,Unknown Fault,8,0.65,1
0.05937528869009846,148438.62970166863,1286427.8716291112,619.8961464825549,0.8034086430795381,-39.123454053697586,98.34165063765703,7.6620760986829,2075.231276930214,2074.231276930214,0.09829567846023096,-0.0389203897701325,2500006.871148444,0.05968369403644066,0.00139311787447331,1.9407774121770336e-06,0.0015765340936909067,1356760.9863697207,48990.19946731486,578.6263442206406,13.640213517864142,0.7983030698491019,0.06664979681455376,-40.09214028969199,97.87685879399436,-2.6668800369967303e-05,1.0503122370829306e-05,-2867.6545126299447,0.7991655073228737,0.0007283948886003112,0.016991068884673523,0.007250279832085319,-0.02132787237530363,-0.9810013291695278,1789624207.6479166,Unknown Fault,8,0.65,1
0.05752041077890976,170986.57082852095,1350957.6771096853,555.84088638817,0.7637009219204295,-40.323336010106814,92.37560331743443,7.461987708088589,2430.4755375016575,2429.4755375016575,0.11814953903978526,-0.0606291282608755,2972624.3000200256,0.05955912238311509,0.0014409283254424637,2.0762744390624226e-06,0.0018603760356844384,1355180.3416951003,48512.124322985976,578.1381657401927,14.216395155832311,0.7992510479858724,0.06597898172702624,-40.09078123167041,97.65524608208945,-3.7127488144939074e-05,1.5491601420264867e-06,-2584.0954451293746,0.4830282460412001,-0.00017402556729757146,0.012205232832839462,0.06880091042208386,0.035234284325738136,-0.9805978952651356,1789624208.6479166,Unknown Fault,8,0.65,1
0.061058895484010174,139605.62168825394,1317181.6752672188,572.9884054861084,0.7265664668058616,-40.23586594573973,97.97327127095879,7.529564867765735,2298.7928946830198,2297.7928946830198,0.13671676659706922,-0.07565787111305905,2286409.2214837596,0.05955896636753989,0.0014407657097092825,2.0758058302740925e-06,0.0018603760356844384,1351018.2210530723,47109.78475792703,578.509229047058,13.953645748249231,0.7971597089378278,0.067405682705537,-40.082881451255496,97.67975089654125,-8.246693849313283e-06,3.7260756417307805e-06,-2274.3088697739554,0.2912285682847644,-0.0010489712125943452,0.007440197073931391,0.09472450556347568,0.0022249792210102923,-0.9788753471613796,1789624209.6479166,Unknown Fault,8,0.65,1
0.058407660282383124,161378.82619722525,1330051.7623109228,555.7534703047971,0.6978679916858125,-40.60217337496808,96.77649947957654,7.5205205758912275,2393.2405884599693,2392.2405884599693,0.15106600415709376,-0.09265834387471064,2762973.647925771,0.05949748450122382,0.001455710893989148,2.1190942068786846e-06,0.0019180207344473496,1349263.1137366507,47040.81362197861,577.6567141683262,14.649476215787196,0.7923592291562795,0.06998329846347014,-40.104166603054466,97.67281277694097,-1.5016728907926964e-05,-1.090364448843808e-06,-2238.7331703252257,0.06674654292425256,-0.0017583073682075467,0.0027751018753546493,0.13376506162428525,0.04097001230206776,-0.9788754032322039,1789624210.6479166,Unknown Fault,8,0.65,1
0.05929599984994008,150392.75447606266,1291233.5804529786,579.4407178995319,0.6821363547595009,-39.827018143705104,94.01383999062652,7.624667967045228,2228.413607406967,2227.413607406967,0.15893182262024957,-0.0996358227703095,2536305.2289641867,0.05951840183183909,0.0014488924259679584,2.0992892620273157e-06,0.0018603760356844384,1346864.8696304648,48390.4450689189,577.3190113215853,14.506450413162588,0.7856074988457565,0.0721167102060656,-40.117723105936186,97.75512887966666,-2.4120766394120742e-05,2.8213339343714706e-06,-2755.1247069263245,0.18548001867113814,-0.0021900454520533347,0.011494005660194397,0.17485628252708857,0.06604091584822225,-0.9803458511436968,1789624211.6479166,Unknown Fault,8,0.65,1
0.05969447135476389,156744.91331533834,1376039.8310017518,588.014759508989,0.6818552355902677,-39.935951720676385,99.16402433369771,7.360279813399291,2340.1450537581554,2339.1450537581554,0.15907238220486614,-0.09937791085010225,2625786.1031016465,0.059441058656398864,0.001384385269192869,1.9165225735582123e-06,0.0014840017095066327,1343797.581628952,43795.48502141202,577.7047244481423,14.656737171759858,0.7779704677652057,0.07258862219664437,-40.110225025658764,97.78824397859556,-1.3990201701265302e-06,-3.418596708922676e-06,-1427.2457571002933,0.2947392021742354,-0.0022760235137519375,0.013115089153528126,0.18703134241444322,-0.017683484495201126,-0.9784853601580958,1789624212.6479166,Unknown Fault,8,0.65,1
0.05986280283286938,151999.80199397364,1341740.693424653,594.4774074238609,0.6970690167136849,-39.6453726145379,97.01710180938052,7.451763481426098,2257.008721725896,2256.0087217258965,0.15146549164315753,-0.09160268881028816,2539136.071164944,0.05942298225000051,0.001375783292209544,1.8927796671229317e-06,0.0013477573399743592,1342846.5240915832,43571.0876028719,578.871616153513,14.783815855548589,0.7706538551991622,0.07114143598266338,-40.08082613663678,97.78242045899248,1.123054636158726e-05,-5.640062360525732e-06,-1229.0369151484629,0.3255678715184794,-0.0020026675078472648,0.014704836342664522,0.2222512536705673,-0.06987536401757385,-0.9782421129536384,1789624213.6479166,Unknown Fault,8,0.65,1
0.05863156947218901,158013.42724635208,1319596.9479472246,578.9350653818251,0.7253757766110729,-40.119477016669684,98.49977313750435,7.561437952930763,2279.3522570219698,2278.3522570219693,0.13731211169446356,-0.07868054222227455,2695022.982819918,0.05938705455764719,0.0013842276404950969,1.916086160710623e-06,0.0015468991511069508,1344067.5462208095,42460.568883621556,578.1814081079001,14.355750036591147,0.7648127933940856,0.06857827605220754,-40.09415813880632,97.72370355437992,4.9929929535422456e-06,-9.895082844669051e-06,-1981.399681000418,0.4993400603892249,-0.0014131343371182239,0.017294550730572518,0.22329245852791219,-0.0636892537500174,-0.9792497202144576,1789624214.6479166,Unknown Fault,8,0.65,1
0.05913150277143288,155022.59830014638,1335243.366446296,565.9342041497581,0.762306500303833,-40.42144016423498,98.08404545855514,7.5330032274055645,2359.361488765861,2358.361488765861,0.11884674984808352,-0.05971524707665064,2621658.3552657417,0.05937372447535794,0.0013850195828758638,1.918279244949632e-06,0.0015468991511069508,1341821.113794596,41368.31918626924,578.4091853984569,14.112382661963705,0.761369457575696,0.06642265700284487,-40.08614535514176,97.68846822751547,3.411056098658172e-06,-1.15890062084719e-05,-1589.4873393415394,0.2068725847088295,-0.0006004983265641747,0.008997469710033052,0.24170039552186778,-0.06876257847636881,-0.9785675355851768,1789624215.6479166,Unknown Fault,8,0.65,1
0.05931548185406772,152614.41384687825,1314848.575970645,601.3759062185219,0.8020306385538443,-39.60679987502594,99.08280475896727,7.558188076132025,2186.4004899006854,2185.4004899006854,0.09898468072307787,-0.039669198869010144,2572927.1528527974,0.05946431460333903,0.0013016742981398733,1.6943559784379317e-06,0.0013477573399743592,1341010.1212236302,41689.16472158546,579.8001130392983,14.585875556868476,0.76086747475763,0.06606508366300977,-40.051021384012486,97.67625635039711,-2.0356526306043787e-05,-2.0177150891680066e-06,-1905.4418470606458,0.300808382576648,0.0003069431659936879,0.0094346592376341,0.15810332705434574,-0.016638700238947823,-0.9792180989256538,1789624216.6479166,Unknown Fault,8,0.65,1
0.06277282120835878,125865.27967297801,1319263.1185205346,593.6027265908348,0.8382766233860113,-39.868652947388036,100.28917024419545,7.531773922897981,2222.4680909019667,2221.4680909019667,0.08086168830699436,-0.01808886709863558,2005091.9689462339,0.059585018226288235,0.0014540460675552163,2.1142499665727885e-06,0.0018603760356844384,1338285.9856882824,40786.3487713297,580.2889399428207,14.83338121145988,0.7633860969892584,0.06774654366199984,-40.03946935023249,97.6836322706494,1.3092694976264979e-05,9.995380429102086e-06,-1642.6195536678622,0.444036532687157,0.0011659250817092528,0.010053736112335022,0.19130151100537618,0.08467876388934052,-0.9776196426100802,1789624217.6479166,Unknown Fault,8,0.65,1
0.06029515353987523,154272.5796868056,1404813.5271733503,577.576929738522,0.8653220107722585,-40.208740414709965,99.39780569998577,7.289636612962848,2432.253531679894,2431.2535316798944,0.06733899461387077,-0.007043841073995541,2558623.216454369,0.059607991270071124,0.0014605328228483917,2.1331561266174917e-06,0.0018603760356844384,1338784.8900589233,41514.292282046175,580.7008060215144,14.607694986266779,0.768527689199688,0.07035968125829979,-40.033934923640295,97.76203884061515,2.100588236875589e-05,1.056772391802676e-05,-487.9698485382772,0.288915970623353,0.0018408330633903525,0.00541491668587437,0.18596108354325924,0.10960553670226006,-0.9782263768515527,1789624218.6479166,Unknown Fault,8,0.65,1
0.057286158735071736,175541.14098126398,1377201.601492987,593.9497586721521,0.8788969287184314,-39.6392428897558,96.7126960549932,7.398464199470328,2318.7173349003306,2317.7173349003306,0.060551535640784304,-0.003265376905712568,3064285.420027546,0.05950146950458859,0.0015273468756716389,2.3327884786239167e-06,0.00205951784681703,1342577.7966867879,40507.02167077961,581.0066770283066,14.800581403833133,0.7754805070322507,0.07230736898146208,-40.025514402574935,97.74688534578492,2.985698066325232e-06,-8.832476471977413e-07,-697.4135933109226,0.4672357698991039,0.002225113980610133,0.010900017840389369,0.09827419976113604,0.0237203185515173,-0.9785061546771023,1789624219.6479166,Unknown Fault,8,0.65,1
0.06077037784279031,143226.1232072918,1337968.12565144,594.0149638465184,0.8768581961662031,-39.86546524761949,100.40055214919703,7.490841031982658,2252.4148499348985,2251.4148499348985,0.06157090191689846,-0.0008005240741081471,2356841.0842830376,0.05965279964016584,0.0014565080027430905,2.1214155620546663e-06,0.001939666559468707,1338971.165582313,36549.515516543455,581.8899530366947,14.89135440526356,0.7831468534297835,0.07248899246454442,-40.012769670592576,97.89446720263055,-1.0444752401032908e-05,1.409836227981791e-05,115.59666289728206,0.49657612969077186,0.002258098326110619,0.010791703209328105,0.08290101533957801,-0.023440390131732505,-0.9828470775128225,1789624220.6479166,Unknown Fault,8,0.65,1
0.060006577474521414,143783.9831305225,1285469.347235835,589.4395027676326,0.8595276841579076,-39.79999937770183,97.52979594985862,7.6535270416605545,2180.8333869720122,2179.8333869720122,0.0702361579210462,-0.010229580446524791,2396137.0433361693,0.059645923994214846,0.0014544144947702062,2.115321522597674e-06,0.001939666559468707,1334495.2799638018,35971.249203726395,582.4118004867884,14.918157352221904,0.790316380863785,0.07080556289515401,-40.0051447264033,97.97935819954462,-1.922421021834135e-06,1.4031496652807745e-05,205.68694547739526,0.5112979158392442,0.001934578596997263,0.0129772035637558,0.08772326606965965,0.007943927280466036,-0.9832898790828702,1789624221.6479166,Unknown Fault,8,0.65,1
0.06084421883937568,150050.12869389626,1415715.718009234,562.3925266731351,0.8296414994762568,-40.33489776579137,95.24009700740268,7.277316551592512,2517.308909462188,2516.308909462188,0.08517925026187162,-0.02433503142249594,2466136.168006655,0.059646520370747115,0.0014549025895767966,2.116741545157269e-06,0.001939666559468707,1336430.083785595,38870.19276519154,581.7552910960553,15.415284045749967,0.7958571785960367,0.06819825045925852,-40.01033621498343,97.79547384482106,2.0972616482808407e-05,1.3168818276167853e-05,1283.9174909028413,0.290439228644536,0.0013056314449433936,0.00793367110517275,0.07374792287608466,0.07453117510719359,-0.9845458187205841,1789624222.6479166,Unknown Fault,8,0.65,1
0.058861655539087086,151001.98814500245,1271782.5587772233,583.4055362451301,0.7919180135448819,-39.89112586913032,96.60775635648464,7.703524781921692,2179.92884840033,2178.92884840033,0.10404099322755905,-0.04517933768847197,2565371.0681774756,0.05957334309955036,0.0014465069443043597,2.0923823399207363e-06,0.001939666559468707,1336110.8814914958,39363.866927242154,582.4939922085769,15.029351130092467,0.7988944764957089,0.06623607694010815,-39.98789404988523,97.73298222088265,2.4173379826997258e-05,3.917584522384347e-06,120.49642965121785,0.1374994341502261,0.0004705537959647072,0.004615636481642423,0.11150709344660446,0.11562664030126642,-0.9848987410594601,1789624223.6479166,Unknown Fault,8,0.65,1
0.06219282788899287,133973.95344595474,1364911.8729893155,572.6196063386633,0.7523129353281202,-40.190068887680646,97.08541510461477,7.420640329692163,2383.6275563747786,2382.6275563747786,0.12384353233593992,-0.06165070444694705,2154170.4725998794,0.05968148476613749,0.0015345595850348559,2.354873120022349e-06,0.0020135075560540755,1336336.23053708,39511.69743704337,582.4318262799367,15.066805117759511,0.7989487520085666,0.06619731733785796,-39.982644275517266,97.62271773126159,4.7512670669496754e-05,1.0902960497154317e-05,618.0243893671154,-0.036851119649615544,-0.0004388139508572265,-0.0005847847602615822,0.06021962299117976,0.05936443429337439,-0.9862843613681634,1789624224.6479166,Unknown Fault,8,0.65,1
0.06252171606954111,135451.20401639177,1412250.9232000876,575.3439506727485,0.7170790358397112,-40.26695110181457,99.43560521010838,7.289765440412742,2454.6202694036247,2453.6202694036247,0.1414604820801444,-0.07893876601060328,2166466.5100640114,0.05981777127990651,0.001626689646361966,2.646119205581218e-06,0.0020258275986148808,1337666.2564830107,41438.123289511066,581.682139536061,14.933961418991428,0.7960114362245403,0.06810811858662515,-39.996878170430286,97.55315437853687,6.806087498499911e-05,1.848747653017794e-05,1745.4158387114526,0.014265266181084039,-0.001278902623482486,-0.0024937499992616044,0.0018811693655445263,-0.027635010893646048,-0.987947074196336,1789624225.6479166,Unknown Fault,8,0.65,1
0.05910005167971379,153241.69930848462,1302325.9291598408,568.6332120969286,0.6917789730856887,-40.07631425140412,93.65963246214648,7.588824021254272,2290.2741195107114,2289.2741195107114,0.15411051345715565,-0.09501046177744185,2592919.8867534176,0.05972995229083493,0.0016036400715722812,2.571661479152351e-06,0.0020135075560540755,1338016.6449071523,41099.39543735202,581.7408926165207,14.879520296716105,0.7905462667202113,0.0707208735433722,-39.987628738400346,97.42938216607959,7.62133222491897e-05,3.032782067503187e-06,978.1970533843881,-0.25136391622483667,-0.0019170806923781262,-0.006333724948552017,0.04369905077893389,-0.021728459413764122,-0.9913290972839603,1789624226.6479166,Unknown Fault,8,0.65,1
0.06052884526380723,149189.51729494118,1348235.9267256495,554.920377475567,0.680407070676987,-40.47853643955609,94.45421850429977,7.376310035464617,2429.6024825381587,2428.6024825381583,0.1597964646615065,-0.09926761939769926,2464767.279876524,0.05979787765005436,0.001600072326000953,2.5602314484340995e-06,0.0019825633002885923,1340470.1650252193,39784.33042253978,580.0770012457028,15.448982970645691,0.7834160735921343,0.07245852901571151,-40.0200416859454,97.28026051537041,7.459530884764684e-05,2.3101775912717896e-06,561.341674223311,-0.35117021084643785,-0.002252593872728587,-0.007671020776822082,0.039054537648539764,-0.026301822418366174,-0.98071750178988,1789624227.6479166,Unknown Fault,8,0.65,1
0.06126010989190677,142617.51271570218,1383537.0687750622,594.5801225306448,0.6847587019584843,-39.66722962845971,97.40902628617164,7.390658597302112,2326.9144331405973,2325.9144331405973,0.15762064902075784,-0.09636053912885106,2328064.9180576107,0.06000176321869145,0.0014407238111772019,2.075685100092962e-06,0.001756487202222691,1343465.3150272751,40094.04705158122,581.2935828689704,15.345282483551177,0.7757465575565051,0.07234769265799178,-39.99279738537782,97.32937232981108,5.174376749322641e-05,1.5905929327180942e-05,640.7638612063854,-0.37640943810674726,-0.002232472010622276,-0.007697248659375327,-0.025860917510467468,0.06022526464359868,-0.9798162305669611,1789624228.6479166,Unknown Fault,8,0.65,1
0.060160695379872293,152936.6641122765,1387266.9363137987,585.0482476371764,0.7041468400345264,-40.017156033736455,99.29775229543095,7.357436819955882,2371.20090850033,2370.20090850033,0.14792657998273678,-0.0877658846028645,2542135.9102747985,0.05997392947860889,0.0014306275206709966,2.046695102901243e-06,0.0017441671596618857,1343710.0845886895,40341.263002593805,581.1058894828026,15.269325264200523,0.7687485665579868,0.07044876267165273,-39.99990572674708,97.36985924300394,6.17585902288844e-05,7.733473390599236e-06,1421.9103417474037,-0.25728099986850506,-0.0018598919056461568,-0.006388598862418424,-0.03816804079134522,0.020775297868726426,-0.9801933217316385,1789624229.6479166,Unknown Fault,8,0.65,1
0.06003852845388982,146651.0239695881,1313236.084547233,582.5907657948698,0.7355105242093976,-40.08531001652357,99.41838812930236,7.56278432737308,2254.131307343144,2253.131307343144,0.13224473789530122,-0.0722062094414114,2442615.2296890076,0.05989966061524078,0.0013761130957329751,1.8936872522477922e-06,0.0016703261630765173,1340934.8187774543,39953.84578659998,580.9449898091392,15.231590707022681,0.7635269295033793,0.06783243558420635,-40.010154741859104,97.47131983653634,8.156809405708157e-05,-6.366256610471977e-06,1529.6883322205415,-0.1885007677590837,-0.001193675764082464,-0.005468735272423101,-0.0714836622793924,-0.06275459525943611,-0.9800028928830183,1789624230.6479166,Unknown Fault,8,0.65,1
0.05907626750321186,153496.76228925388,1310903.1865814521,594.3258193419925,0.7738981183767544,-39.71199421343003,98.03156456441383,7.586915667162746,2205.697857839691,2204.697857839691,0.11305094081162281,-0.05397467330841095,2598281.319667133,0.059920403547227226,0.0013595370821326397,1.8483410776937322e-06,0.0016703261630765173,1339928.1562685412,40378.5292573621,581.4040406266654,15.453394383075553,0.7609060280702187,0.06609295240296788,-39.99770296016257,97.45192360851854,6.054787813684064e-05,-1.122761449554715e-05,1203.8225710641443,-0.04593982727803739,-0.0003390044659197383,-0.0028478243806131986,-0.0952889621373605,-0.023050019731442207,-0.9804154723017721,1789624231.6479166,Unknown Fault,8,0.65,1
0.05945793400674465,161021.85311563525,1411180.599583544,572.2101816096081,0.8132490654842133,-39.94639043424798,93.03513328613786,7.299926050687959,2466.192746892305,2465.1927468923054,0.09337546725789336,-0.03391753325114871,2708164.2812777455,0.059923709359893065,0.0013583074998073214,1.8449992640328164e-06,0.0016703261630765173,1344918.2653867186,41159.56322473111,579.4966020317474,13.389715052295536,0.7612996449664057,0.06637361128041558,-40.03062041538458,97.23966291445778,5.082777996109859e-05,-1.6288678880389764e-05,1326.5345860391014,0.2541148403541756,0.0005691881833795608,0.006368318769402049,-0.06489616861956024,-0.02344841254573931,-0.9805501141945769,1789624232.6479166,Unknown Fault,8,0.65,1
0.061750396932319054,146056.39206046358,1431178.0192523452,565.1185672837403,0.8473507162323586,-40.33243502409668,96.31663143461964,7.169800941119171,2532.5269812516444,2531.526981251645,0.07632464188382071,-0.014574244951501655,2365270.497298136,0.06009290880602944,0.0013110333894206998,1.7188085481759282e-06,0.0017127160679428002,1348127.0790724251,44497.01097041261,579.8677092675703,12.846483901262394,0.764645636738883,0.0684851914129073,-40.03098437594418,97.39730403914518,4.365652558904385e-05,-4.505365512148191e-06,2183.172585105322,-0.1151626368324342,0.0013875185338362882,0.0006551818186834551,-0.20474536897928697,0.04274843130549247,-0.9814523346528649,1789624233.6479166,Unknown Fault,8,0.65,1
0.057584849758416774,171217.73215596745,1356386.8477274927,557.537870331584,0.8708191697953521,-40.527479625556076,96.31994592540173,7.442947547095673,2432.815634426429,2431.815634426429,0.06459041510232394,-0.007005565343907165,2973312.1276563155,0.059953946977005707,0.001383397034557081,1.9137873552213252e-06,0.0016703261630765173,1349695.285970836,44067.54977177101,579.2496878613892,13.516733097256674,0.7704157448584624,0.07106222015042257,-40.04264892313684,97.33117102532292,3.0165078083195847e-05,-2.1497890232907415e-05,1949.9625654077327,-0.3900772648253875,0.001986790216565793,-0.00597666695261267,-0.04576319928796787,-0.046183457860575136,-0.9818550918249079,1789624234.6479166,Unknown Fault,8,0.65,1
0.058679557353489786,162483.166038159,1375605.1603742994,590.0665912125232,0.8799492733800885,-39.97120396393845,100.55599973554732,7.432945359528807,2331.271047811026,2330.271047811026,0.060025363309955726,-0.0013458059564659397,2768990.997313578,0.05996482285984996,0.0013722214563313066,1.882991725216012e-06,0.0016703261630765173,1351517.421893371,44159.335438391165,580.6222126976983,12.783410168723812,0.7776989961262335,0.07256838208805239,-40.017410146695646,97.48235103556173,2.938614612207763e-06,-2.2046292503770867e-05,1992.695400225188,-0.5251911017654572,0.002272391409654304,-0.010912419539863173,-0.1545017379699123,-0.14752076714921494,-0.9787243823538739,1789624235.6479166,Unknown Fault,8,0.65,1
0.0585303942864461,163424.7810897089,1365273.3971779156,587.5010148915037,0.8732995843833089,-39.79458602057967,96.67812811469848,7.440699661120634,2323.8655977982376,2322.8655977982376,0.06335020780834555,-0.0048198135218994465,2792135.318445193,0.05993419863731021,0.001395157455900354,1.9464643267543484e-06,0.0016941103395784474,1354479.0145623684,42467.390877142854,580.9446245773772,12.851011855422499,0.7853455253111856,0.07216641069296519,-40.01611286177063,97.58892256052462,-1.699049462600375e-05,-2.4326319801631517e-05,1516.8352192170607,-0.47350941411199476,0.002199231964513828,-0.00695166142273335,-0.17172435601007147,-0.22345071358195126,-0.9763203860783096,1789624236.6479166,Unknown Fault,8,0.65,1
0.059616492211795345,162387.50461094957,1395613.7894112612,578.7318322287571,0.8519199424842048,-39.85499312066763,94.17762792611414,7.228680046289061,2411.50341434755,2410.50341434755,0.07404002875789761,-0.014423536546102268,2723868.8253251608,0.059931079471591465,0.0013957769612915323,1.9481933256722236e-06,0.0016941103395784474,1355261.9728987487,43034.33861475021,580.573307486168,12.775250095675705,0.7921481135869434,0.07007561732352095,-40.01287451777028,97.38946670422126,-2.232044214852723e-05,-2.272860939887582e-05,2112.1489976006737,-0.4232338403216015,0.0017788621489017464,-0.004662790863147821,-0.1740974005831452,-0.24859444170290512,-0.9686954106588479,1789624237.6479166,Unknown Fault,8,0.65,1
0.060239795277381894,153556.43871600658,1388137.4570307657,573.3257582055044,0.819185723042955,-40.08632248443701,95.70659586187773,7.322124631140718,2421.2019731602536,2420.2019731602536,0.0904071384785225,-0.030167343201140603,2549086.330870419,0.05994615916937197,0.0013969938004017976,1.9515916783610577e-06,0.0016941103395784474,1357117.8434429932,43410.009708175625,579.7272415174338,12.524348542081682,0.7970327818401141,0.06748608794294918,-40.03051251256624,97.33704646632117,-2.0153524174605744e-05,-1.921975133684025e-05,2280.40221023218,-0.3510932958431048,0.0010776491136092715,-0.0016657530615938425,-0.17983446974768857,-0.25790264683253644,-0.9702281117816461,1789624238.6479166,Unknown Fault,8,0.65,1
0.06003892227524194,149810.1366024719,1349779.9616211967,576.2490020681612,0.7802649395491263,-40.11489798810649,97.34265710928067,7.472732262033937,2342.3553997956233,2341.3553997956237,0.10986753022543683,-0.049828607950194885,2495216.9513583793,0.06000245328149409,0.0013710000029818683,1.8796410081762827e-06,0.0016703261630765173,1358325.1639899523,42764.61617264726,579.6197989848872,12.542192263364864,0.7992283483576362,0.06599552196155911,-40.03032935142372,97.29076182519222,-3.2443146323020175e-05,-1.1239804730953199e-05,1837.4589615348318,-0.3911218828847826,0.0002062989786328192,-0.0033343409537689877,-0.19726794007123716,-0.3124259000282032,-0.9691538824177716,1789624239.6479166,Unknown Fault,8,0.65,1
0.05910393895008949,147697.42096656517,1258965.57855566,595.8855388035594,0.7413023279259844,-39.62302412207956,97.20669251941547,7.743815513435479,2112.7641074885905,2111.7641074885905,0.1293488360370078,-0.07024489708691832,2498943.785985038,0.06000135072864035,0.0013717108737135645,1.8815907210640304e-06,0.0016703261630765173,1355274.0524743267,46830.39001018659,580.8178523710392,12.608029437205335,0.7983881814625223,0.06659122372911151,-39.998392709737494,97.25566770762663,-4.9446629867367004e-05,-7.3903037414404115e-06,689.4755820894192,-0.3778325406021749,-0.0006976212289666146,-0.003485708503320207,-0.27706072401796633,-0.3007706730377554,-0.9749640406011085,1789624240.6479166,Unknown Fault,8,0.65,1
0.05925161664977269,156508.36649141708,1337818.034375219,567.677822810906,0.7084492278386914,-40.12425409611074,94.03525649533952,7.466040482971403,2356.6501642620046,2355.6501642620046,0.14577538608065432,-0.08652376943088164,2641419.3458469543,0.05999879612046855,0.0013730446453329328,1.8852515980774395e-06,0.0016703261630765173,1356192.8308105099,46249.983908842725,579.4699290347345,12.13039904218689,0.7946449250339163,0.06887241119970887,-40.01909087858089,97.05376577708154,-6.322594087956402e-05,-2.1940064272698742e-06,124.08834229160638,-0.2935445826824226,-0.0014914023838118336,-0.0007315775688806853,-0.24736621730361213,-0.261048125492065,-0.9735747935256589,1789624241.6479166,Unknown Fault,8,0.65,1
0.060011563867175974,141770.58578297516,1269485.7029957348,595.695696286497,0.686892421416878,-39.67100973180684,97.90609822368165,7.711947387090879,2131.097657595266,2130.0976575952664,0.156553789291561,-0.09654222542438502,2362387.790739082,0.05988834582682124,0.0012510996138577956,1.5652502437951254e-06,0.001428793584093438,1354201.7341895178,48798.25243158591,579.5536478225611,12.234424969450734,0.7885895569551508,0.07137938511418067,-40.01118514995765,96.95844289626096,-3.536783387720854e-05,-8.102548095765474e-06,-1045.5822681291447,-0.0024402940282283662,-0.0020497238952173883,0.003985858482500657,-0.31215989380225967,-0.33874951151130417,-0.9767814939224156,1789624242.6479166,Unknown Fault,8,0.65,1
0.05999510265601911,148990.02694055974,1332875.4670839498,582.604985353543,0.680035254403365,-40.0310747423039,98.54449289654654,7.505958063194133,2287.785893687674,2286.785893687674,0.1599823727983175,-0.0999872701422984,2483369.814279534,0.05987634379146699,0.0012485761391079389,1.5589423751496871e-06,0.001428793584093438,1351324.2117859416,47840.56383842572,579.7547700471619,12.241602592702465,0.7811780867003951,0.07263562082951995,-40.004078523061395,96.92431038412342,-3.0314309092534382e-05,-6.089114653192425e-06,-736.3221884960608,0.005958717725062132,-0.0022844390729089502,0.0018267095979350829,-0.3064867189569523,-0.35342360514784393,-0.9758373602877306,1789624243.6479166,Unknown Fault,8,0.65,1
0.05803791457289561,163621.28533386425,1315985.8127517784,585.3446291458627,0.6889603226941575,-39.68743460285191,94.11972171150222,7.5405303337350595,2248.223947441135,2247.2239474411344,0.15551983865292124,-0.09748192408002562,2819213.7249927535,0.059906414024979954,0.0011936786380006602,1.4248686908191112e-06,0.001428793584093438,1348875.5802362934,48019.68635718534,579.4105648661102,11.955262846888225,0.773580622459424,0.07194732591914398,-40.00600619158525,96.82059141038377,-7.318627552022277e-05,1.816250160269823e-06,-803.7488978948076,0.19950730334758776,-0.0021584915512477027,0.00839793288677104,-0.2751504332302907,-0.1737045346346344,-0.9762100155560057,1789624244.6479166,Unknown Fault,8,0.65,1
0.059492743785762504,157659.68206439188,1370929.2286066012,577.1777718423411,0.712258554250592,-40.131850172246985,97.99074726712634,7.381206899475743,2375.228734520769,2374.228734520769,0.14387072287470398,-0.08437797908894148,2650065.739649449,0.05985530866269883,0.0011828966634065622,1.399244516298378e-06,0.0011397435976681011,1350194.0243544998,48154.41430010794,578.7370771859432,11.581994641993706,0.7669966367827997,0.06969099218888701,-40.016661588570344,96.72419921510094,-6.836513185797244e-05,3.716766238335863e-06,-709.2513049405004,0.32494089600918485,-0.001691765674569132,0.008641705581858703,-0.28949667606955565,-0.21603107790419562,-0.9763096022074492,1789624245.6479166,Unknown Fault,8,0.65,1
0.06080383813686808,148754.7291813285,1387928.9096516874,579.4366489870738,0.746251670591559,-39.87161190912962,94.72120476680564,7.323361370838248,2395.3074284789495,2394.3074284789495,0.12687416470422053,-0.06607032656735246,2446469.39633128,0.059887199089192704,0.0011972053096248444,1.4333005533939196e-06,0.001428793584093438,1354292.406851134,46812.780168547804,578.3369630347208,11.376309069645393,0.7624655962401456,0.06716426445387448,-40.01952608982746,96.61185556777883,-5.8096787055107476e-05,1.2907238310838772e-05,-1008.1760579992642,0.438422737682669,-0.0009579471964295058,0.012147247808458253,-0.2740113234645885,-0.23643351504832683,-0.9749032359094059,1789624246.6479166,Unknown Fault,8,0.65,1
0.06050973735224543,148635.52544700736,1365052.2384695897,561.4796134885478,0.7855729060876571,-40.33437350139826,94.85800285770063,7.396453258277765,2431.1697266946844,2430.1697266946844,0.10721354695617147,-0.04670380960392604,2456390.193560999,0.059873819829707485,0.0011882711105966196,1.4119882322785238e-06,0.0014096856725316353,1352265.8676695481,45177.9543468669,578.3004465073374,11.428774295813703,0.7607028525046018,0.0659453181496977,-40.01950511925173,96.59657180179074,-4.278008250971406e-05,1.6487834957911123e-05,-294.62142378636423,0.1233720705636756,-7.288991932213713e-05,0.006087247249704034,-0.2617128293004121,-0.268388947273388,-0.9741897538928197,1789624247.6479166,Unknown Fault,8,0.65,1
0.05870480007966867,159536.3929201468,1316299.1608887066,573.8475790634966,0.824014302249604,-40.07086241705334,95.66925683513416,7.504991294769053,2293.813216110226,2292.8132161102267,0.08799284887519798,-0.029288048795529313,2717603.887648692,0.05986754561133076,0.0011939992007757936,1.425634091453234e-06,0.0014096856725316353,1354046.5317540073,42784.55835744917,577.918128220072,11.41145731804376,0.7619867040527906,0.06684680131965025,-40.026694581168655,96.55903182093671,-6.3692676954738e-05,2.102524185216177e-05,-1431.454882994304,0.13331957615230364,0.0008236750733422241,0.006896972386595621,-0.2360709452164227,-0.28465626100826164,-0.9677026639469825,1789624248.6479166,Unknown Fault,8,0.65,1
0.0591590945810346,158477.47865151634,1353735.688790536,565.1304644019597,0.8555068078730717,-40.248305540130424,94.97649580945067,7.433703295621521,2395.4392375981806,2394.4392375981806,0.07224659606346417,-0.013087501482429577,2678835.4313712153,0.05974619627901242,0.0011021374862783026,1.2147070386598555e-06,0.0011397435976681011,1353599.4843860564,42727.04321410869,577.6185625426039,11.642577850214671,0.7661144589545887,0.06926437473065201,-40.029024047266645,96.47467504913014,-4.697940215008135e-05,1.464714593274894e-05,-1325.6707903040367,-0.03770561636743581,0.0015901998828981136,0.003217589700290129,-0.17639845066875864,-0.31398625265685975,-0.9679373181340316,1789624249.6479166,Unknown Fault,8,0.65,1
0.061028779691076986,138195.35937926453,1308065.465365975,579.2533112895653,0.8750784487775076,-40.016440234931586,96.96551031579334,7.579612031808265,2258.1924692910056,2257.1924692910056,0.06246077561124619,-0.0014319959201692031,2264429.341022365,0.05968647882387385,0.0009842770282106044,9.688012682630991e-07,0.0011397435976681011,1349432.0660726917,41875.61427547479,577.7749369672765,11.637229387182575,0.7724344354721007,0.0716683935774289,-40.01900361259132,96.37587125335756,-7.384972748813867e-06,1.1503641808196698e-05,-1159.4704238875515,-0.045361746632498805,0.0021056670962685906,0.0009544774225191114,-0.08594011336385052,-0.17801951530449414,-0.9686548525381963,1789624250.6479166,Unknown Fault,8,0.65,1
0.061410500445857115,143675.4887614869,1392679.500994481,584.7219882094386,0.879639293205456,-40.004176880777784,98.95652041060633,7.322815281389321,2381.7806223761236,2380.780622376123,0.06018035339727201,0.001230147048585102,2339591.56363103,0.059778896774519585,0.001032179413168013,1.065394340967864e-06,0.0014057984021559403,1353046.2089460772,41551.884938442796,578.4184880117768,11.558484561449726,0.7799488482768911,0.07265944779946357,-40.01611811776627,96.58774677129594,2.6648015509693905e-06,2.066093999608602e-05,-1231.3247014303156,-0.07265236848525206,0.0022886957745585222,0.0005182331742084647,-0.08438820557418694,-0.10335322200427352,-0.9682674181840196,1789624251.6479166,Unknown Fault,8,0.65,1
0.06023177795021735,140186.05562994228,1277226.9083070909,580.2753584927095,0.8684692841056163,-40.093270343149136,98.61559836921296,7.70846305912641,2201.070387728928,2200.070387728928,0.06576535794719185,-0.0055335799969745,2327443.4260567334,0.059767014081975996,0.0010251635418285423,1.050960287494441e-06,0.001135856327292406,1350205.8482093352,44130.58569967723,579.4326872524626,10.517672557457988,0.7874713368140362,0.07169309313730185,-40.00070747390999,96.75420196589246,1.4344728065671252e-05,1.869113735338881e-05,-1979.2979910713932,-0.2904931309464354,0.002110389713901558,-0.004818124431839206,-0.036952592569831536,-0.041800765916092865,-0.9780529916148044,1789624252.6479166,Unknown Fault,8,0.65,1
0.059265891342203725,161935.8363480486,1384523.7784392687,582.0900391233865,0.84333192030863,-40.00598527991229,97.93263189918396,7.318756041063111,2378.5388606276924,2377.5388606276924,0.07833403984568499,-0.019068148503481264,2732361.4423180497,0.05968724533998787,0.0009825827147896683,9.654687914034347e-07,0.0011278390001278615,1350245.3165959034,44160.808861224854,578.9330839161722,10.073554559868125,0.7938142655480422,0.06929998294259977,-40.01425769996809,96.77514619041295,2.464993779785035e-05,9.100212240356786e-06,-1329.2048909839648,-0.1144893762791628,0.001598899520680747,-0.0015320641865882907,-0.13969076151736523,0.035956758674531436,-0.9800401936639249,1789624253.6479166,Unknown Fault,8,0.65,1
0.06083465928843689,142792.05072069736,1321377.1181673289,565.8886879997782,0.8081958388375392,-40.31380730665189,96.33297611388363,7.488436867351407,2335.047768560178,2334.047768560178,0.0959020805812304,-0.035067421292793506,2347215.4260562854,0.05971420389633045,0.0010042102273909138,1.0084381807965108e-06,0.001135856327292406,1347609.7238700443,43837.67320946721,578.1667015306764,10.305319063930028,0.7979762255001627,0.06687173560843128,-40.026123750884715,96.65655514315107,3.997595156699317e-05,8.582880033609101e-06,-1225.464371607237,-0.17374754752814475,0.0008349782497563304,-0.004326120816737638,-0.19176849297725948,0.06990557115414246,-0.9777223450815343,1789624254.6479166,Unknown Fault,8,0.65,1
0.06072406889746319,146772.17473106715,1374904.6944959327,592.3437373576664,0.7686082543842693,-39.858431182559045,99.62384432468791,7.398793991580119,2321.126413236211,2320.126413236211,0.11569587280786536,-0.05497180391040217,2417034.5860535493,0.05974162551407339,0.0010218962137868702,1.0442718717519408e-06,0.0014057984021559403,1350076.4682679924,43568.28546250318,578.5568203931882,10.644437434244894,0.7993001347071576,0.06594313340511082,-40.017048597526134,96.66477339096649,5.254102792227361e-05,6.762892400594709e-06,-1317.247189827153,0.001358041209081893,-6.0767727298030465e-05,-0.003370052073196949,-0.15491494092673688,0.06354550983692445,-0.976417243695124,1789624255.6479166,Unknown Fault,8,0.65,1
0.05882039074885318,158234.2122399722,1345446.0245901174,582.4091649119567,0.7308191760819537,-40.07177731849988,99.12560057139704,7.5144927418742915,2310.1388261867573,2309.1388261867573,0.13459041195902316,-0.07577002121016999,2690125.1458119103,0.05973139044389905,0.0010297601679477488,1.060406003491776e-06,0.0014057984021559403,1351458.1817883393,42845.79519990608,578.0801542159868,10.184498360980868,0.7975769770153656,0.06713644867936146,-40.031439921728925,96.70853483124583,3.738374228854866e-05,1.429804933950873e-06,-1751.7225637190961,0.19460813394729554,-0.0009469198163731759,-0.0008246964258397764,-0.11490491341254645,0.08840646139484841,-0.973201218695836,1789624256.6479166,Unknown Fault,8,0.65,1
0.05894079204960126,160153.1545105052,1358441.1547282555,596.3078380624253,0.7007946684880577,-39.82062273273968,100.57582212637917,7.437125670732872,2278.0870349486254,2277.0870349486254,0.14960266575597114,-0.09066187370636988,2717187.009901891,0.05971070476561331,0.0010401869073043736,1.0819888021274376e-06,0.0015689453026441688,1349348.6039941276,41116.80479795881,579.0440604740994,10.710115162342385,0.7930788011355193,0.06965570465156812,-40.02640921366859,97.01016238485546,2.735134658502515e-05,-3.696110304939569e-06,-1090.0401740139725,0.30416395108140165,-0.001683574087321387,0.001971803270408909,-0.13674206262789637,0.12767859247008193,-0.9739760456503413,1789624257.6479166,Unknown Fault,8,0.65,1
0.05928870954373524,162701.88115440222,1421034.481873106,586.7497104565437,0.6832749411726118,-39.86544401739527,97.52108274511382,7.293740667838064,2421.8750457795954,2420.8750457795954,0.1583625294136941,-0.09907381986995886,2744230.434538007,0.05961223727006995,0.000955511584306304,9.130023877435431e-07,0.0012990032277806346,1348942.862498958,40350.2104835113,579.9093062010116,10.4199915482204,0.7865157701331295,0.07192566781300797,-40.00772957340054,97.05834043727526,4.385292774243887e-05,-1.6649698006107188e-05,389.9697743741584,0.23603809593883232,-0.002154429028318296,0.00039737774711259003,-0.03480197993204299,0.0877435905607987,-0.9658138622469002,1789624258.6479166,Unknown Fault,8,0.65,1
0.061522906622862895,147090.693399624,1428000.2041377618,594.7191820337046,0.6810259738548584,-39.73848536953175,98.61437512593704,7.196370476480926,2401.133589225364,2400.133589225364,0.1594870130725708,-0.0979641064497079,2390828.091092867,0.0597697595446478,0.000932632516528971,8.698034108871613e-07,0.0014057984021559403,1351807.3967553687,43217.12558227341,581.3965586690965,9.752863945219113,0.7789240422955097,0.07263958091671226,-39.97616980315957,97.15011760529666,4.121600049784186e-05,-5.539764628551253e-06,1194.169703325387,0.14903028339249091,-0.0022851469973416486,-0.0023147916618078204,-0.18993839295406661,0.08857340518470676,-0.9703945685085718,1789624259.6479166,Unknown Fault,8,0.65,1
0.058841146903070345,159416.86790739134,1319156.581054053,583.6620994881066,0.6944028290239646,-39.85005771367633,96.05095703833574,7.478454735749629,2260.1374703120223,2259.1374703120223,0.15279858548801772,-0.09395743858494737,2709275.333636859,0.05977622312663103,0.0009255878444614408,8.567128578147765e-07,0.0014057984021559403,1349549.453582559,43389.069184880005,581.1403790001198,9.604751717098095,0.7715021845212648,0.0714068222932692,-39.971323953149074,96.96991589740821,2.174216958708517e-05,-7.956721445869404e-06,1130.7551945794712,0.2566432933099293,-0.002055090501310124,-0.0011010216743667746,-0.21519863058351024,0.20567118533730094,-0.9699015675067234,1789624260.6479166,Unknown Fault,8,0.65,1
0.0598654492064921,146192.1741195629,1302147.644014729,591.5988929866579,0.7212935953790981,-39.865441950670686,99.44271550653049,7.615735548966579,2201.06504500186,2200.0650450018607,0.13935320231045095,-0.07948775310395885,2442012.4806097522,0.05982962532343286,0.0008899977162685019,7.920959349631487e-07,0.0013506427712108304,1347024.4234560314,44229.211088544485,581.304294123926,9.745835029069625,0.7654219449610963,0.06890785607688318,-39.97415819035272,97.08049939308148,1.010750653779975e-05,-4.3357206014836265e-06,850.4394652915302,0.4167897813302741,-0.0015005804024635291,0.0016437299818971185,-0.1708384247298051,0.306742798842964,-0.9728400512219042,1789624261.6479166,Unknown Fault,8,0.65,1
0.06104001522578964,134232.01583785302,1287777.458189375,564.0673310648359,0.7574528121871087,-40.28886237303035,95.19005821622144,7.699702239654734,2283.0208155440105,2282.0208155440105,0.12127359390644565,-0.060233578680656014,2199082.2797360555,0.059886566243992634,0.0009195859863150333,8.456383862269927e-07,0.0015649743164285954,1342710.970207156,44537.49309244829,580.7177140773691,10.308105435760515,0.7616432597492125,0.06661289895544563,-39.99151296044723,97.12099660468579,1.914900528933326e-05,-2.475404424295654e-07,789.4380608439221,0.23195473414083093,-0.0007091616528384847,-6.958100750696762e-05,-0.23163619960041787,0.3163532613510547,-0.9757257660233595,1789624262.6479166,Unknown Fault,8,0.65,1
0.05909386559872654,163747.43877504946,1389652.9902533866,593.9464950393743,0.7971717341830777,-39.660237558770596,97.04886394007754,7.309719268894897,2339.693898120003,2338.693898120003,0.10141413290846113,-0.04232026730973459,2770971.8617320945,0.059840729056846426,0.0009293446513649081,8.636814810205625e-07,0.0016201299473737052,1342771.591536061,44600.270376419976,581.542543550724,10.506715917916756,0.7607627001948174,0.06598900225542903,-39.97446956342058,97.17468732781376,1.5364058897692672e-05,-6.343551963176014e-06,1677.0138833529165,0.280146999686847,0.00019421812871923478,0.002040250537302604,-0.26262243068788743,0.28370593861622934,-0.9756851261294008,1789624263.6479166,Unknown Fault,8,0.65,1
0.05907294049952086,163246.84550390532,1378563.0295697795,564.9938157865123,0.8341796169237304,-40.38920353713395,97.17736575516373,7.327390754267424,2439.9612722321926,2438.9612722321926,0.08291019153813478,-0.02383725103861392,2763479.253334772,0.05980208978581758,0.0009403176252908406,8.841972364326057e-07,0.0016302032987366502,1343922.9142540044,45134.63154895324,581.092336099458,10.95545275185307,0.7629192872898016,0.06745580630053027,-39.985441785381674,97.16807567364911,1.025871209095037e-05,-1.1314629888119464e-05,2077.4800891309096,0.07445409780695872,0.0010669351382215212,-0.0031923473130646804,-0.17827328873263998,0.23762732323740207,-0.9760242979537619,1789624264.6479166,Unknown Fault,8,0.65,1
0.06003232645826649,153312.46401018565,1379345.2301512444,570.5753668656419,0.8626337294538546,-40.224173552819394,96.80420282581342,7.376751296574289,2417.46368709964,2416.46368709964,0.06868313527307268,-0.00865080881480619,2553831.7945543225,0.05983922528614466,0.0009302913331234275,8.654419644845638e-07,0.0016302032987366502,1348738.1003178274,42135.83523810862,580.0799292219413,10.708300011545152,0.7677725433509164,0.07004112214276673,-40.009487762611265,97.151976085905,5.402465325505577e-06,-8.483237461177627e-06,1554.8819558143023,0.12530640884351651,0.0017712065491746081,-0.0017718485333148729,-0.142502627031139,0.23338553733883063,-0.9718023860649804,1789624265.6479166,Unknown Fault,8,0.65,1
0.05913879791593354,159439.1841510486,1366545.7652780989,572.5459357878917,0.8780417930541361,-40.23791727883267,97.8264687147232,7.412579928760708,2386.7879935215474,2385.7879935215474,0.06097910347293195,-0.001840305556998413,2696016.655220033,0.05983471253679109,0.0009333992624991265,8.712341832339134e-07,0.0016302032987366502,1349887.2095539428,42214.01145144068,580.2746537410206,10.523674455449182,0.7745562459595342,0.07214805774659303,-40.01403428992014,97.30362457468036,-6.939104455547571e-06,-8.845018117075103e-06,1610.0597421753366,-0.06825921004267754,0.0021958433913128474,-0.005028092018045642,-0.12137408216637134,0.1596888862778796,-0.9722081460989932,1789624266.6479166,Unknown Fault,8,0.65,1
0.058404975016439535,166610.07769399823,1379017.3964442213,586.0626368570902,0.8779712132746804,-39.99033752214628,99.26810067642603,7.385922532882784,2353.0204959653333,2352.020495965333,0.06101439336265979,-0.002609418346220256,2852669.2742716125,0.05977044898276163,0.0009734573941468117,9.476192982191011e-07,0.0016511283979423336,1354268.4772918823,39219.81485280338,579.8893313638443,10.120619473353472,0.7821993976338463,0.07257625536181285,-40.02680740153372,97.35810467279012,-1.8368168262636217e-05,-1.3831483592472841e-05,1074.9387094265974,0.13937875186811144,0.0022738048441799433,-0.0013791070420769375,-0.14611470617381092,0.08423203203475747,-0.9666428996817789,1789624267.6479166,Unknown Fault,8,0.65,1
0.059425000923607973,160510.2637669365,1385007.6174593964,591.883085588458,0.8624331331107558,-39.80047969068795,98.50154620723993,7.320631381212062,2340.002022667033,2339.002022667033,0.06878343344462212,-0.009358432521014148,2701056.1425699536,0.05974764491346519,0.0009746044716649018,9.498538761892225e-07,0.0016511283979423336,1356353.7633069,39412.3687872602,580.260455373241,10.380184008312073,0.7894953127821419,0.07109205349653612,-40.01758359946908,97.35638680521784,-1.9310382845326055e-05,-1.4214555451648335e-05,1144.7545165858662,0.27724686922306946,0.001992782508585064,0.0006673984195668225,-0.15676017678401363,0.08553971745326534,-0.9666525156937698,1789624268.6479166,Unknown Fault,8,0.65,1
0.06085459360861163,140430.28618525612,1328523.217778111,590.3301600988036,0.8338806737688487,-39.93627928907817,100.0914197686581,7.553843444368635,2250.4749165378166,2249.4749165378166,0.08305966311557567,-0.022205069506964034,2307636.5785701936,0.059860312074893826,0.0009323337867811743,8.692462899737243e-07,0.0017099725381415354,1356855.2595079534,38972.83705710557,580.4598766113586,10.522854005857798,0.7952921268251296,0.0685199829160993,-40.02753738691813,97.59525472750408,-2.618969829582394e-05,-1.13076781887398e-06,484.1776676919829,0.4210397274929407,0.0013971436321978982,0.004719389712423881,-0.02495311350271645,0.005688984760279025,-0.9655637023841279,1789624269.6479166,Unknown Fault,8,0.65,1
0.06042699014187803,143033.90485750572,1298189.731582427,566.8126511844956,0.7968216407674059,-40.22645525923799,95.31196938913405,7.577922630843811,2290.333020742458,2289.333020742458,0.10158917961629704,-0.04116218947441901,2367053.2740696315,0.059897681929138455,0.0009355696058255103,8.752904873445008e-07,0.0017099725381415354,1353945.6796269864,40498.87746122866,580.0452717850449,10.843317816612549,0.7986746502858021,0.0663916952893725,-40.03132159039777,97.4881036123844,-2.4634506722667673e-05,4.935121722563003e-06,83.38940859667957,0.26224429124710696,0.0005809264966889201,0.0018400968838751634,-0.05582344294736346,-0.015280323746563322,-0.9656380941648305,1789624270.6479166,Unknown Fault,8,0.65,1
0.06097306273731386,146709.90598389483,1407067.0273425183,585.5128383174908,0.7571068405631253,-40.09424969610816,100.740180656625,7.341116862790519,2403.136080475736,2402.136080475736,0.12144657971843736,-0.06047351698112351,2406142.965393673,0.05990445091315629,0.0009426864062832714,8.886576605912691e-07,0.0017407936897103488,1354711.2043346197,41306.82454449539,580.2883193582614,10.894926508805884,0.7991088570846648,0.06608220053885473,-40.040227101876916,97.72886264797717,-5.646352569906129e-06,7.05197328431291e-06,913.5726108332152,0.3066279081822828,-0.00032700615923206695,0.002856318874614684,-0.10099263939344753,-0.013483865827317153,-0.960851148195644,1789624271.6479166,Unknown Fault,8,0.65,1
0.06108787266950798,138757.89381797262,1325923.0565750718,571.0885603310454,0.7210063668590041,-40.060806075513405,94.40025553857771,7.548226856187708,2321.746833462166,2320.746833462166,0.13949681657049795,-0.07840894390098997,2271447.4699203866,0.05992757632584678,0.0009640993159844143,9.294874910816154e-07,0.0017607280098850889,1353146.0370588389,41625.43481966704,580.6726772319614,10.382023822156432,0.7965261955155186,0.06780013397980059,-40.02928440484151,97.71055275521225,1.1330404956539434e-05,9.011720771963917e-06,751.246203633244,0.03361999692622773,-0.001183311732823627,-0.00027510487724331236,-0.07132659242942098,-0.06348327664602446,-0.9613254149937718,1789624272.6479166,Unknown Fault,8,0.65,1
0.059903278468062864,154204.1965074837,1371103.9638317076,566.7025479286519,0.6942196906755012,-40.38033623613353,97.73645671539757,7.3818767177030935,2419.4420315264406,2418.4420315264406,0.15289015466224942,-0.09298687619418655,2574219.6495922487,0.05997551546138255,0.0009313461632887724,8.674056758727167e-07,0.0017157956926780946,1355338.2291765588,41066.56683562264,580.3868759865676,10.660583389366419,0.7913344110525545,0.07041551347962519,-40.041663357604726,97.7932407504228,-1.1216454232471565e-06,1.315034451777274e-05,548.5429198353241,-0.16358602448127718,-0.0018527984024675499,-0.003931363442057006,-0.07528706929150016,-0.03746281232319084,-0.964629124675573,1789624273.6479166,Unknown Fault,8,0.65,1
0.059701476400680575,144027.76238878322,1268828.9828277782,577.1672319818128,0.6809758391963996,-39.87059142087918,93.80529542777502,7.716288111918083,2198.373214070061,2197.3732140700604,0.1595120804018002,-0.09981060400111963,2412465.672074089,0.059997210734168395,0.0009183012387710017,8.432771651283563e-07,0.0017157956926780946,1351941.9609380485,44431.74019147298,580.8683466897618,10.22352897422102,0.7843531723054876,0.072332866381012,-40.02655479283467,97.74639273515577,-1.1815445556283422e-05,1.5871486380150078e-05,-266.0293733982656,-0.3458699311404778,-0.0022297689437038087,-0.004418659697539684,-0.12580292330271256,0.01505453437447085,-0.9699749423084038,1789624274.6479166,Unknown Fault,8,0.65,1
0.05813290237820102,167609.57160803876,1364610.5985554229,591.0864493774145,0.6833657253643677,-39.8009183156412,98.1943580225851,7.418438451213665,2308.6480835294965,2307.6480835294965,0.15831713731781616,-0.10018423493961515,2883213.546050126,0.059881375641653356,0.0009624551115773038,9.263198418012803e-07,0.0017407936897103488,1354203.7662656265,43571.52365615025,581.3416722132757,10.410022044318065,0.7766846633689621,0.0724702219917547,-40.01793391606306,97.79554664342744,-1.8708756196127076e-05,6.1542891203595486e-06,-587.8530588047788,-0.2676993372564168,-0.0022547079969016393,-0.0022347158674920348,-0.19957009394144343,0.05589995643358411,-0.9689700273235319,1789624275.6479166,Unknown Fault,8,0.65,1
0.06081743491114888,144770.353881769,1377246.3793468052,581.8940418000165,0.7010120387023134,-39.948480738474004,96.92791157996858,7.434475998524215,2366.8336164544075,2365.8336164544075,0.14949398064884328,-0.0886765457376944,2380408.7445199057,0.05985765302026502,0.0009312767851733653,8.672764506028385e-07,0.0017235693124223392,1353586.4413997193,43129.10592529995,581.2285543568988,10.388017440821635,0.7695395731888364,0.07075272697655459,-40.01570607037091,97.71440229020192,5.22303894894619e-06,4.513732331495667e-06,9.605332310029056,-0.22879738110948936,-0.0019236782339211488,-0.0014560392599710233,-0.19633533986935942,-0.0819709598325077,-0.9642139918867578,1789624276.6479166,Unknown Fault,8,0.65,1
0.05877300323553716,162922.0444565929,1369501.326318328,593.8469111615484,0.7311288143414159,-39.90235897717551,100.93653962856094,7.401250306170759,2306.1521422071905,2305.1521422071905,0.13443559282929207,-0.07566258959375491,2772055.7992190863,0.05979930203167782,0.0009514890647956331,9.053314404256685e-07,0.0017444944116280225,1357277.418120169,40291.3970901826,581.7714164636524,10.674679429735727,0.7640459543982684,0.06814176747729013,-40.00806961573196,97.80723994057585,-1.047863610556959e-06,-1.3257436353063552e-06,-607.0833685983325,-0.12185220001615571,-0.0012889419756526154,-0.0011854011274880349,-0.20858106819816707,-0.08537905809175658,-0.9590012605964818,1789624277.6479166,Unknown Fault,8,0.65,1
